cohort_name,analysis_family,model,method,perturbation,grid_label,image_seed_rows,images,seeds,source_groups,spearman_mean,spearman_median,spearman_q1,spearman_q3,positive_spearman_fraction,top_beats_random_fraction,subgroup_type,class_name,case_id,correct,confidence_group
random_prediction_independent,primary_jointly_correct_true_class,DINOv2,gradient_attention_rollout,normalized_zero,common_14,287,100,3,10,0.050448343678033386,0.0628995370112121,-0.03756106112886385,0.16643610196909692,0.686411149825784,0.7700348432055749,overall,,,,
random_prediction_independent,primary_jointly_correct_true_class,ResNet18,gradcam,normalized_zero,common_14,287,100,3,10,0.024757154703834584,0.0153511463156133,-0.1664488520906215,0.2168038632868219,0.5261324041811847,0.20209059233449478,overall,,,,
random_prediction_independent,primary_jointly_correct_true_class,UNI,gradient_attention_rollout,normalized_zero,common_14,287,100,3,10,0.09619961902007221,0.1100303612268804,-0.034318545848640095,0.2433719290136984,0.7142857142857143,0.9337979094076655,overall,,,,
selected_faithfulness,primary_jointly_correct_true_class,DINOv2,gradient_attention_rollout,gaussian_blur,common_14,527,187,3,10,0.04114655417792941,0.0444548924606937,-0.0431719114822813,0.13764393691877375,0.6451612903225806,0.7001897533206831,overall,,,,
selected_faithfulness,primary_jointly_correct_true_class,DINOv2,gradient_attention_rollout,local_mean,common_14,527,187,3,10,0.06603887704162219,0.062319406481843,-0.0304711966785933,0.17865390592004077,0.6850094876660342,0.7495256166982922,overall,,,,
selected_faithfulness,primary_jointly_correct_true_class,DINOv2,gradient_attention_rollout,normalized_zero,common_14,527,187,3,10,0.043202709105253576,0.0568113539832176,-0.10033947198559229,0.1740646590537816,0.5996204933586338,0.7115749525616698,overall,,,,
selected_faithfulness,primary_jointly_correct_true_class,DINOv2,gradient_attention_rollout,normalized_zero,common_7,527,187,3,10,-0.02982873384443418,-0.0294897959183673,-0.20892857142857135,0.14938775510204075,0.45351043643263755,0.7400379506641366,overall,,,,
selected_faithfulness,primary_jointly_correct_true_class,DINOv2,gradient_attention_rollout,normalized_zero,native_16,527,187,3,10,0.08664943000978288,0.1038206153833515,-0.027828521972991502,0.19863276779583422,0.7115749525616698,0.8273244781783681,overall,,,,
selected_faithfulness,primary_jointly_correct_true_class,ResNet18,gradcam,gaussian_blur,common_14,527,187,3,10,0.02934007143754424,0.032498466001004,-0.07411729629449945,0.14465889440508728,0.5806451612903226,0.47248576850094876,overall,,,,
selected_faithfulness,primary_jointly_correct_true_class,ResNet18,gradcam,local_mean,common_14,527,187,3,10,0.020407367917600734,0.0292424037166604,-0.09475332499262881,0.14241248236897255,0.5521821631878557,0.3757115749525617,overall,,,,
selected_faithfulness,primary_jointly_correct_true_class,ResNet18,gradcam,normalized_zero,common_14,527,187,3,10,0.014138241038034367,0.0252069902541258,-0.15426212656089375,0.20529130043270724,0.5313092979127134,0.17267552182163187,overall,,,,
selected_faithfulness,primary_jointly_correct_true_class,ResNet18,gradcam,normalized_zero,common_7,527,187,3,10,0.06861793550901107,0.093469387755102,-0.1932653061224489,0.3512244897959183,0.5901328273244781,0.286527514231499,overall,,,,
selected_faithfulness,primary_jointly_correct_true_class,ResNet18,gradcam,normalized_zero,native_5,527,187,3,10,0.12886131837605155,0.1569230769230769,-0.12730769230769223,0.42538461538461536,0.6299810246679317,0.4648956356736243,overall,,,,
selected_faithfulness,primary_jointly_correct_true_class,UNI,gradient_attention_rollout,gaussian_blur,common_14,527,187,3,10,0.03277976873195113,0.0534963223868227,-0.10144076373227931,0.1743217231477491,0.6053130929791272,0.8330170777988615,overall,,,,
selected_faithfulness,primary_jointly_correct_true_class,UNI,gradient_attention_rollout,local_mean,common_14,527,187,3,10,0.11335018178196395,0.1234355202448023,-0.020542836423909652,0.25355130728589753,0.7210626185958254,0.9753320683111955,overall,,,,
selected_faithfulness,primary_jointly_correct_true_class,UNI,gradient_attention_rollout,normalized_zero,common_14,527,187,3,10,0.12835600257289076,0.1514475372343392,-0.015595789272366451,0.2804843452414155,0.7343453510436433,0.9658444022770398,overall,,,,
selected_faithfulness,primary_jointly_correct_true_class,UNI,gradient_attention_rollout,normalized_zero,common_7,527,187,3,10,0.18256429088367593,0.198469387755102,0.03163265306122445,0.34295918367346934,0.7722960151802657,0.8918406072106262,overall,,,,
selected_faithfulness,primary_jointly_correct_true_class,UNI,gradient_attention_rollout,normalized_zero,native_14,527,187,3,10,0.12835600257289076,0.1514475372343392,-0.015595789272366451,0.2804843452414155,0.7343453510436433,0.9658444022770398,overall,,,,
selected_training_regime,training_regime_jointly_correct_true_class,FrozenResNet18,gradcam,normalized_zero,common_14,546,197,3,10,0.13846350681482408,0.1406887486010729,-0.019854704434072175,0.3129731652754798,0.7087912087912088,0.08974358974358974,overall,,,,
selected_training_regime,training_regime_jointly_correct_true_class,ResNet18,gradcam,normalized_zero,common_14,546,197,3,10,0.007662483213161186,0.0190391189666026,-0.1658719090916335,0.2067687207643698,0.5238095238095238,0.1684981684981685,overall,,,,
random_prediction_independent,primary_jointly_correct_true_class,DINOv2,gradient_attention_rollout,normalized_zero,common_14,44,15,3,10,-0.1335308274031987,-0.13718333877869776,-0.29657699081194366,0.016177115125628524,0.36363636363636365,0.3409090909090909,class,01_TUMOR,,,
random_prediction_independent,primary_jointly_correct_true_class,DINOv2,gradient_attention_rollout,normalized_zero,common_14,34,13,3,9,0.1962421829333061,0.17623457036074874,0.12652264341894504,0.28673349855365815,0.8823529411764706,0.7941176470588235,class,02_STROMA,,,
random_prediction_independent,primary_jointly_correct_true_class,DINOv2,gradient_attention_rollout,normalized_zero,common_14,23,8,3,4,0.13498027022635278,0.1363067679238818,0.027207962450892048,0.2504354963383245,0.782608695652174,0.9565217391304348,class,03_COMPLEX,,,
random_prediction_independent,primary_jointly_correct_true_class,DINOv2,gradient_attention_rollout,normalized_zero,common_14,39,13,3,9,0.04525479912326565,0.0540748591510012,0.0133605335925858,0.0874355521201061,0.8717948717948718,1.0,class,04_LYMPHO,,,
random_prediction_independent,primary_jointly_correct_true_class,DINOv2,gradient_attention_rollout,normalized_zero,common_14,27,10,3,7,-0.01844718276915522,-0.0297922527074086,-0.10208623863446195,0.058132585326203856,0.4444444444444444,0.4444444444444444,class,05_DEBRIS,,,
random_prediction_independent,primary_jointly_correct_true_class,DINOv2,gradient_attention_rollout,normalized_zero,common_14,42,14,3,7,0.15744882211265718,0.1441951087346301,0.08450103196296085,0.26042641187673815,0.8809523809523809,0.9761904761904762,class,06_MUCOSA,,,
random_prediction_independent,primary_jointly_correct_true_class,DINOv2,gradient_attention_rollout,normalized_zero,common_14,48,16,3,6,-0.04850304091499393,-0.0161846855102837,-0.15690299548167563,0.07684538087003642,0.4791666666666667,0.9791666666666666,class,07_ADIPOSE,,,
random_prediction_independent,primary_jointly_correct_true_class,DINOv2,gradient_attention_rollout,normalized_zero,common_14,30,11,3,2,0.16752276035152472,0.12799846998541697,0.08870379077050577,0.23224665110089332,0.9,0.6,class,08_EMPTY,,,
random_prediction_independent,primary_jointly_correct_true_class,ResNet18,gradcam,normalized_zero,common_14,44,15,3,10,0.1646288707445114,0.14624230012192302,-0.012732590107499425,0.3317879192941379,0.7045454545454546,0.022727272727272728,class,01_TUMOR,,,
random_prediction_independent,primary_jointly_correct_true_class,ResNet18,gradcam,normalized_zero,common_14,34,13,3,9,0.06229553548721084,0.049139765238387395,-0.18108041342269038,0.28695821944552913,0.5588235294117647,0.4411764705882353,class,02_STROMA,,,
random_prediction_independent,primary_jointly_correct_true_class,ResNet18,gradcam,normalized_zero,common_14,23,8,3,4,0.03863688967316315,0.0392831244172796,-0.0742702547633657,0.2130672807975201,0.5652173913043478,0.2608695652173913,class,03_COMPLEX,,,
random_prediction_independent,primary_jointly_correct_true_class,ResNet18,gradcam,normalized_zero,common_14,39,13,3,9,-0.06965115931114821,-0.0667468861812589,-0.2890603957318968,0.13620237630389914,0.41025641025641024,0.6923076923076923,class,04_LYMPHO,,,
random_prediction_independent,primary_jointly_correct_true_class,ResNet18,gradcam,normalized_zero,common_14,27,10,3,7,0.005787374605358656,0.0051080174357911,-0.0822725497852401,0.18846114002024078,0.5185185185185185,0.037037037037037035,class,05_DEBRIS,,,
random_prediction_independent,primary_jointly_correct_true_class,ResNet18,gradcam,normalized_zero,common_14,42,14,3,7,0.14024312661961183,0.08844360860314446,-0.004742646765851925,0.3726060568167028,0.7380952380952381,0.14285714285714285,class,06_MUCOSA,,,
random_prediction_independent,primary_jointly_correct_true_class,ResNet18,gradcam,normalized_zero,common_14,48,16,3,6,-0.07239802774938534,-0.04951748758855355,-0.25781303540549366,0.09350819593749247,0.3541666666666667,0.041666666666666664,class,07_ADIPOSE,,,
random_prediction_independent,primary_jointly_correct_true_class,ResNet18,gradcam,normalized_zero,common_14,30,11,3,2,-0.1000011156356334,-0.08625935340946216,-0.3156037580983194,0.1529408952179075,0.3333333333333333,0.0,class,08_EMPTY,,,
random_prediction_independent,primary_jointly_correct_true_class,UNI,gradient_attention_rollout,normalized_zero,common_14,44,15,3,10,0.17815058336897516,0.1747013682474161,0.093366749276829,0.2628987682575624,0.9090909090909091,0.9772727272727273,class,01_TUMOR,,,
random_prediction_independent,primary_jointly_correct_true_class,UNI,gradient_attention_rollout,normalized_zero,common_14,34,13,3,9,0.15947041293569272,0.15380630971638945,0.017525042035556875,0.30558335790388,0.7941176470588235,1.0,class,02_STROMA,,,
random_prediction_independent,primary_jointly_correct_true_class,UNI,gradient_attention_rollout,normalized_zero,common_14,23,8,3,4,0.21732170648672236,0.2145654200766601,0.08874961151973475,0.29932025914621996,0.9565217391304348,1.0,class,03_COMPLEX,,,
random_prediction_independent,primary_jointly_correct_true_class,UNI,gradient_attention_rollout,normalized_zero,common_14,39,13,3,9,0.21712691227074757,0.2088198965646391,0.14302289443696253,0.30195076859326314,0.9487179487179487,1.0,class,04_LYMPHO,,,
random_prediction_independent,primary_jointly_correct_true_class,UNI,gradient_attention_rollout,normalized_zero,common_14,27,10,3,7,0.11382869302132595,0.1055646311628907,0.03893249607535315,0.16939333328020778,0.8148148148148148,1.0,class,05_DEBRIS,,,
random_prediction_independent,primary_jointly_correct_true_class,UNI,gradient_attention_rollout,normalized_zero,common_14,42,14,3,7,0.07387780905858188,0.07046035907529741,-0.07740877686490445,0.1879997449975695,0.6190476190476191,1.0,class,06_MUCOSA,,,
random_prediction_independent,primary_jointly_correct_true_class,UNI,gradient_attention_rollout,normalized_zero,common_14,48,16,3,6,-0.16566467160524423,-0.15276558104694435,-0.30374654352174296,-0.03676019412060018,0.1875,0.8541666666666666,class,07_ADIPOSE,,,
random_prediction_independent,primary_jointly_correct_true_class,UNI,gradient_attention_rollout,normalized_zero,common_14,30,11,3,2,0.08859945559913268,0.10580130529369106,-0.00264365800986535,0.1923284112551698,0.7333333333333333,0.6333333333333333,class,08_EMPTY,,,
selected_faithfulness,primary_jointly_correct_true_class,DINOv2,gradient_attention_rollout,gaussian_blur,common_14,71,25,3,10,0.10065388145237801,0.1263951422036991,0.0261807807855668,0.19616779159926365,0.7887323943661971,0.36619718309859156,class,01_TUMOR,,,
selected_faithfulness,primary_jointly_correct_true_class,DINOv2,gradient_attention_rollout,gaussian_blur,common_14,59,21,3,9,-0.0040290107971666855,-0.0345544230968451,-0.07742272231032196,0.1136282861446023,0.4067796610169492,0.5932203389830508,class,02_STROMA,,,
selected_faithfulness,primary_jointly_correct_true_class,DINOv2,gradient_attention_rollout,gaussian_blur,common_14,36,13,3,7,0.10894288211184511,0.1145949047326857,0.0899867717489182,0.16549179609368148,0.8888888888888888,0.9444444444444444,class,03_COMPLEX,,,
selected_faithfulness,primary_jointly_correct_true_class,DINOv2,gradient_attention_rollout,gaussian_blur,common_14,68,23,3,9,0.08453323561177861,0.0654447800205595,0.0141036266126911,0.15792380208623863,0.8088235294117647,1.0,class,04_LYMPHO,,,
selected_faithfulness,primary_jointly_correct_true_class,DINOv2,gradient_attention_rollout,gaussian_blur,common_14,71,25,3,7,-0.004386400962813752,-0.0286590856569101,-0.08167727848656055,0.08840057694299895,0.4647887323943662,0.5492957746478874,class,05_DEBRIS,,,
selected_faithfulness,primary_jointly_correct_true_class,DINOv2,gradient_attention_rollout,gaussian_blur,common_14,83,28,3,7,0.04277307684257732,0.0421216202216927,-0.0129015292177003,0.12318768975766795,0.6987951807228916,0.8072289156626506,class,06_MUCOSA,,,
selected_faithfulness,primary_jointly_correct_true_class,DINOv2,gradient_attention_rollout,gaussian_blur,common_14,75,28,3,6,-0.020436183373154726,0.0081855780187904,-0.14662639753285145,0.10552638079831694,0.5066666666666667,0.7066666666666667,class,07_ADIPOSE,,,
selected_faithfulness,primary_jointly_correct_true_class,DINOv2,gradient_attention_rollout,gaussian_blur,common_14,64,24,3,2,0.053114049554185715,0.03721919849548565,-0.010903945516132024,0.12265620525144924,0.6875,0.734375,class,08_EMPTY,,,
selected_faithfulness,primary_jointly_correct_true_class,DINOv2,gradient_attention_rollout,local_mean,common_14,71,25,3,10,-0.029826293589818382,0.0023699288383842,-0.14075416968817978,0.07025556024830855,0.5070422535211268,0.6056338028169014,class,01_TUMOR,,,
selected_faithfulness,primary_jointly_correct_true_class,DINOv2,gradient_attention_rollout,local_mean,common_14,59,21,3,9,0.03814735002164013,0.0334674752368733,-0.06812590464513985,0.1111109340260899,0.6101694915254238,0.6271186440677966,class,02_STROMA,,,
selected_faithfulness,primary_jointly_correct_true_class,DINOv2,gradient_attention_rollout,local_mean,common_14,36,13,3,7,0.20219218171075737,0.19904692841603644,0.10438006518499628,0.31598905083314077,1.0,0.8888888888888888,class,03_COMPLEX,,,
selected_faithfulness,primary_jointly_correct_true_class,DINOv2,gradient_attention_rollout,local_mean,common_14,68,23,3,9,0.10351086588732619,0.06841635521838565,0.030868044211046324,0.18138920542836426,0.8529411764705882,0.9558823529411765,class,04_LYMPHO,,,
selected_faithfulness,primary_jointly_correct_true_class,DINOv2,gradient_attention_rollout,local_mean,common_14,71,25,3,7,0.07048130292108337,0.0242300121923037,-0.0768099195945461,0.18070667548550065,0.5774647887323944,0.36619718309859156,class,05_DEBRIS,,,
selected_faithfulness,primary_jointly_correct_true_class,DINOv2,gradient_attention_rollout,local_mean,common_14,83,28,3,7,0.18179370887181653,0.199988843643666,0.10795129453577604,0.2623369378989393,0.927710843373494,0.8795180722891566,class,06_MUCOSA,,,
selected_faithfulness,primary_jointly_correct_true_class,DINOv2,gradient_attention_rollout,local_mean,common_14,75,28,3,6,-0.06638034125870546,-0.0538342006072245,-0.1981878889783168,0.06707838934089835,0.38666666666666666,0.96,class,07_ADIPOSE,,,
selected_faithfulness,primary_jointly_correct_true_class,DINOv2,gradient_attention_rollout,local_mean,common_14,64,24,3,2,0.08183248786335937,0.07931292782634335,0.0018945883702953998,0.1582003203468033,0.75,0.734375,class,08_EMPTY,,,
selected_faithfulness,primary_jointly_correct_true_class,DINOv2,gradient_attention_rollout,normalized_zero,common_14,71,25,3,10,-0.11887700499905354,-0.1346501026584519,-0.2214887360645156,-0.00467052889097845,0.22535211267605634,0.4225352112676056,class,01_TUMOR,,,
selected_faithfulness,primary_jointly_correct_true_class,DINOv2,gradient_attention_rollout,normalized_zero,common_14,59,21,3,9,0.154476867409411,0.1336228673429543,0.06878531186000364,0.2299603949350142,0.8983050847457628,0.5423728813559322,class,02_STROMA,,,
selected_faithfulness,primary_jointly_correct_true_class,DINOv2,gradient_attention_rollout,normalized_zero,common_14,36,13,3,7,0.013069140190242447,-0.05531162093888705,-0.14138689446883793,0.19577453003848944,0.4166666666666667,0.9166666666666666,class,03_COMPLEX,,,
selected_faithfulness,primary_jointly_correct_true_class,DINOv2,gradient_attention_rollout,normalized_zero,common_14,68,23,3,9,0.06527573548461138,0.06534437281355329,-0.003091506028416775,0.12484281490807958,0.7352941176470589,0.8382352941176471,class,04_LYMPHO,,,
selected_faithfulness,primary_jointly_correct_true_class,DINOv2,gradient_attention_rollout,normalized_zero,common_14,71,25,3,7,-0.09081577021454132,-0.1051343145614356,-0.24098367187562258,0.0041860242730438,0.2676056338028169,0.38028169014084506,class,05_DEBRIS,,,
selected_faithfulness,primary_jointly_correct_true_class,DINOv2,gradient_attention_rollout,normalized_zero,common_14,83,28,3,7,0.1672738290621547,0.179145582481333,0.0981862952131262,0.2557809847875113,0.8674698795180723,0.8795180722891566,class,06_MUCOSA,,,
selected_faithfulness,primary_jointly_correct_true_class,DINOv2,gradient_attention_rollout,normalized_zero,common_14,75,28,3,6,0.02041011699280419,0.0175457609830343,-0.1163994693578379,0.12873319573827186,0.56,0.92,class,07_ADIPOSE,,,
selected_faithfulness,primary_jointly_correct_true_class,DINOv2,gradient_attention_rollout,normalized_zero,common_14,64,24,3,2,0.12840865492276818,0.14493142825267552,0.023458231398767976,0.2503315031596394,0.765625,0.84375,class,08_EMPTY,,,
selected_faithfulness,primary_jointly_correct_true_class,DINOv2,gradient_attention_rollout,normalized_zero,common_7,71,25,3,10,-0.1703578614544409,-0.2091836734693877,-0.38806122448979585,-0.009030612244897901,0.23943661971830985,0.5070422535211268,class,01_TUMOR,,,
selected_faithfulness,primary_jointly_correct_true_class,DINOv2,gradient_attention_rollout,normalized_zero,common_7,59,21,3,9,0.20033725354548593,0.2113265306122448,0.0825510204081632,0.35285714285714276,0.8305084745762712,0.7457627118644068,class,02_STROMA,,,
selected_faithfulness,primary_jointly_correct_true_class,DINOv2,gradient_attention_rollout,normalized_zero,common_7,36,13,3,7,-0.06724489795918366,-0.1120918367346938,-0.22362244897959183,0.03153061224489793,0.3888888888888889,0.8611111111111112,class,03_COMPLEX,,,
selected_faithfulness,primary_jointly_correct_true_class,DINOv2,gradient_attention_rollout,normalized_zero,common_7,68,23,3,9,-0.08874549819927968,-0.10102040816326524,-0.20678571428571424,0.0419897959183673,0.3235294117647059,0.75,class,04_LYMPHO,,,
selected_faithfulness,primary_jointly_correct_true_class,DINOv2,gradient_attention_rollout,normalized_zero,common_7,71,25,3,7,-0.12624029893647595,-0.1682653061224489,-0.25346938775510197,-0.022448979591836702,0.23943661971830985,0.6619718309859155,class,05_DEBRIS,,,
selected_faithfulness,primary_jointly_correct_true_class,DINOv2,gradient_attention_rollout,normalized_zero,common_7,83,28,3,7,0.17511005801209145,0.1658163265306122,0.0829347544405725,0.2785204081632653,0.8313253012048193,0.8433734939759037,class,06_MUCOSA,,,
selected_faithfulness,primary_jointly_correct_true_class,DINOv2,gradient_attention_rollout,normalized_zero,common_7,75,28,3,6,-0.07070884353741495,-0.0730612244897959,-0.20775510204081626,0.08821428571428566,0.36,0.88,class,07_ADIPOSE,,,
selected_faithfulness,primary_jointly_correct_true_class,DINOv2,gradient_attention_rollout,normalized_zero,common_7,64,24,3,2,-0.11338488520408162,-0.10596938775510195,-0.3907142857142857,0.1023724489795918,0.375,0.703125,class,08_EMPTY,,,
selected_faithfulness,primary_jointly_correct_true_class,DINOv2,gradient_attention_rollout,normalized_zero,native_16,71,25,3,10,-0.042898968608640085,-0.0866674296177615,-0.1664747367818722,0.1166206511787594,0.352112676056338,0.6338028169014085,class,01_TUMOR,,,
selected_faithfulness,primary_jointly_correct_true_class,DINOv2,gradient_attention_rollout,normalized_zero,native_16,59,21,3,9,0.18003034217414793,0.1585910677500571,0.105589451247425,0.23510959947193588,0.9322033898305084,0.5254237288135594,class,02_STROMA,,,
selected_faithfulness,primary_jointly_correct_true_class,DINOv2,gradient_attention_rollout,normalized_zero,native_16,36,13,3,7,0.1534840667225713,0.1933347877088578,0.03223384927901118,0.2615980487525749,0.8055555555555556,0.9444444444444444,class,03_COMPLEX,,,
selected_faithfulness,primary_jointly_correct_true_class,DINOv2,gradient_attention_rollout,normalized_zero,native_16,68,23,3,9,0.022830633878679844,0.03743419546807045,-0.0724629525906956,0.09295051070038902,0.6617647058823529,1.0,class,04_LYMPHO,,,
selected_faithfulness,primary_jointly_correct_true_class,DINOv2,gradient_attention_rollout,normalized_zero,native_16,71,25,3,7,0.09432572447786025,0.0927064259555962,0.00509234092469665,0.1552157244220645,0.7605633802816901,0.647887323943662,class,05_DEBRIS,,,
selected_faithfulness,primary_jointly_correct_true_class,DINOv2,gradient_attention_rollout,normalized_zero,native_16,83,28,3,7,0.1907266902402462,0.1849522201876859,0.11937800411993585,0.26607883669031807,0.963855421686747,0.9879518072289156,class,06_MUCOSA,,,
selected_faithfulness,primary_jointly_correct_true_class,DINOv2,gradient_attention_rollout,normalized_zero,native_16,75,28,3,6,-0.030919555410807268,-0.061387760357061,-0.187946684023804,0.10900091554131369,0.36,0.92,class,07_ADIPOSE,,,
selected_faithfulness,primary_jointly_correct_true_class,DINOv2,gradient_attention_rollout,normalized_zero,native_16,64,24,3,2,0.1687797128167739,0.1496967269398031,0.09850080109864952,0.21090960460059502,0.9375,0.953125,class,08_EMPTY,,,
selected_faithfulness,primary_jointly_correct_true_class,ResNet18,gradcam,gaussian_blur,common_14,71,25,3,10,0.06471340391061853,0.08051064236706,-0.04645586465746,0.18435321024153511,0.647887323943662,0.5211267605633803,class,01_TUMOR,,,
selected_faithfulness,primary_jointly_correct_true_class,ResNet18,gradcam,gaussian_blur,common_14,59,21,3,9,-0.009262464770012538,-0.0273553857310202,-0.15033508913131827,0.09358748575572354,0.4576271186440678,0.4576271186440678,class,02_STROMA,,,
selected_faithfulness,primary_jointly_correct_true_class,ResNet18,gradcam,gaussian_blur,common_14,36,13,3,7,0.006291875073600972,-0.0182207205412426,-0.09427121102248003,0.10867964522786858,0.4722222222222222,0.2222222222222222,class,03_COMPLEX,,,
selected_faithfulness,primary_jointly_correct_true_class,ResNet18,gradcam,gaussian_blur,common_14,68,23,3,9,-0.07351036201844438,-0.07689837356262294,-0.2029964983067375,0.033818502020097355,0.3088235294117647,0.29411764705882354,class,04_LYMPHO,,,
selected_faithfulness,primary_jointly_correct_true_class,ResNet18,gradcam,gaussian_blur,common_14,71,25,3,7,0.05644393613796514,0.0533241957462407,-0.0345767358095131,0.16070970363936282,0.647887323943662,0.30985915492957744,class,05_DEBRIS,,,
selected_faithfulness,primary_jointly_correct_true_class,ResNet18,gradcam,gaussian_blur,common_14,83,28,3,7,0.05757121172412708,0.0489238100550645,-0.035360071400680496,0.17651427615169457,0.6506024096385542,0.3493975903614458,class,06_MUCOSA,,,
selected_faithfulness,primary_jointly_correct_true_class,ResNet18,gradcam,gaussian_blur,common_14,75,28,3,6,0.007237064639347309,0.0082477348612228,-0.0810692570663564,0.08166134083465479,0.5333333333333333,0.8933333333333333,class,07_ADIPOSE,,,
selected_faithfulness,primary_jointly_correct_true_class,ResNet18,gradcam,gaussian_blur,common_14,64,24,3,2,0.1071490409237203,0.11550892906948015,0.041025109770577446,0.17481100925620732,0.859375,0.609375,class,08_EMPTY,,,
selected_faithfulness,primary_jointly_correct_true_class,ResNet18,gradcam,local_mean,common_14,71,25,3,10,0.08151409903762052,0.0992421646518818,-0.030561244411860748,0.20788913769334366,0.704225352112676,0.2535211267605634,class,01_TUMOR,,,
selected_faithfulness,primary_jointly_correct_true_class,ResNet18,gradcam,local_mean,common_14,59,21,3,9,-0.018247474132488575,-0.0301906940050522,-0.15235279586258554,0.10490003107842115,0.4406779661016949,0.4067796610169492,class,02_STROMA,,,
selected_faithfulness,primary_jointly_correct_true_class,ResNet18,gradcam,local_mean,common_14,36,13,3,7,0.030017877694176368,-0.00954187219596935,-0.05644239734159962,0.11307485118217533,0.4722222222222222,0.2222222222222222,class,03_COMPLEX,,,
selected_faithfulness,primary_jointly_correct_true_class,ResNet18,gradcam,local_mean,common_14,68,23,3,9,-0.06075709512724526,-0.0579301771470009,-0.20823259409191244,0.06426818286861796,0.36764705882352944,0.4852941176470588,class,04_LYMPHO,,,
selected_faithfulness,primary_jointly_correct_true_class,ResNet18,gradcam,local_mean,common_14,71,25,3,7,0.0374780845296078,0.0461283459107969,-0.06760592561897855,0.14649092749165266,0.6197183098591549,0.14084507042253522,class,05_DEBRIS,,,
selected_faithfulness,primary_jointly_correct_true_class,ResNet18,gradcam,local_mean,common_14,83,28,3,7,0.08811361262473329,0.1061049175624955,-0.0339851229818051,0.22022574406086454,0.6746987951807228,0.08433734939759036,class,06_MUCOSA,,,
selected_faithfulness,primary_jointly_correct_true_class,ResNet18,gradcam,local_mean,common_14,75,28,3,6,-0.06994385784666567,-0.0811130856090972,-0.16108662910693367,0.05208185578018785,0.32,0.8,class,07_ADIPOSE,,,
selected_faithfulness,primary_jointly_correct_true_class,ResNet18,gradcam,local_mean,common_14,64,24,3,2,0.06821933117857175,0.07459181049004185,0.003524213277657764,0.12438922660117446,0.765625,0.59375,class,08_EMPTY,,,
selected_faithfulness,primary_jointly_correct_true_class,ResNet18,gradcam,normalized_zero,common_14,71,25,3,10,0.14019891394499012,0.1659587692945198,-0.00966379523304825,0.34503103857708645,0.7183098591549296,0.08450704225352113,class,01_TUMOR,,,
selected_faithfulness,primary_jointly_correct_true_class,ResNet18,gradcam,normalized_zero,common_14,59,21,3,9,-0.026670482837325652,-0.0630422041143911,-0.16970730502275094,0.13214863454167297,0.4406779661016949,0.288135593220339,class,02_STROMA,,,
selected_faithfulness,primary_jointly_correct_true_class,ResNet18,gradcam,normalized_zero,common_14,36,13,3,7,0.05746825086926609,0.08452294623433129,-0.09830901513280045,0.23530747714939157,0.6111111111111112,0.16666666666666666,class,03_COMPLEX,,,
selected_faithfulness,primary_jointly_correct_true_class,ResNet18,gradcam,normalized_zero,common_14,68,23,3,9,-0.08559430264734601,-0.0905776601933237,-0.2489214194072787,0.027437464638334824,0.3382352941176471,0.7205882352941176,class,04_LYMPHO,,,
selected_faithfulness,primary_jointly_correct_true_class,ResNet18,gradcam,normalized_zero,common_14,71,25,3,7,0.046036109556317095,0.0427256572289204,-0.10299309102789886,0.225038051143925,0.5774647887323944,0.028169014084507043,class,05_DEBRIS,,,
selected_faithfulness,primary_jointly_correct_true_class,ResNet18,gradcam,normalized_zero,common_14,83,28,3,7,0.13072727697435424,0.1130489524978285,-0.019911707666898752,0.3042223418017409,0.7108433734939759,0.07228915662650602,class,06_MUCOSA,,,
selected_faithfulness,primary_jointly_correct_true_class,ResNet18,gradcam,normalized_zero,common_14,75,28,3,6,-0.06028755846673216,-0.0766027301197714,-0.25442628437552295,0.1664233518475723,0.44,0.06666666666666667,class,07_ADIPOSE,,,
selected_faithfulness,primary_jointly_correct_true_class,ResNet18,gradcam,normalized_zero,common_14,64,24,3,2,-0.10586744858260985,-0.0877750241056985,-0.3939628174581039,0.15520603399501146,0.390625,0.0,class,08_EMPTY,,,
selected_faithfulness,primary_jointly_correct_true_class,ResNet18,gradcam,normalized_zero,common_7,71,25,3,10,0.25208393216441505,0.2637755102040816,0.10438775510204075,0.4909183673469386,0.8309859154929577,0.5352112676056338,class,01_TUMOR,,,
selected_faithfulness,primary_jointly_correct_true_class,ResNet18,gradcam,normalized_zero,common_7,59,21,3,9,-0.03390003459010721,-0.0849999999999999,-0.19729591836734683,0.14545918367346933,0.4067796610169492,0.22033898305084745,class,02_STROMA,,,
selected_faithfulness,primary_jointly_correct_true_class,ResNet18,gradcam,normalized_zero,common_7,36,13,3,7,0.0002409297052154278,-0.0581632653061224,-0.2197959183673469,0.26568877551020403,0.4166666666666667,0.05555555555555555,class,03_COMPLEX,,,
selected_faithfulness,primary_jointly_correct_true_class,ResNet18,gradcam,normalized_zero,common_7,68,23,3,9,-0.16500750300120046,-0.16882653061224484,-0.3858928571428571,0.07994897959183667,0.3088235294117647,0.5882352941176471,class,04_LYMPHO,,,
selected_faithfulness,primary_jointly_correct_true_class,ResNet18,gradcam,normalized_zero,common_7,71,25,3,7,0.28164127622880136,0.2904081632653061,0.1634183673469387,0.4882653061224489,0.8732394366197183,0.1267605633802817,class,05_DEBRIS,,,
selected_faithfulness,primary_jointly_correct_true_class,ResNet18,gradcam,normalized_zero,common_7,83,28,3,7,0.20278971250517278,0.2582916637595153,0.0291326530612244,0.41704081632653056,0.7831325301204819,0.1927710843373494,class,06_MUCOSA,,,
selected_faithfulness,primary_jointly_correct_true_class,ResNet18,gradcam,normalized_zero,common_7,75,28,3,6,-0.0312135543154679,-0.0212244897959183,-0.3257142857142856,0.22673469387755096,0.49333333333333335,0.44,class,07_ADIPOSE,,,
selected_faithfulness,primary_jointly_correct_true_class,ResNet18,gradcam,normalized_zero,common_7,64,24,3,2,-0.04705357142857143,-0.16321428571428565,-0.45423469387755094,0.3527551020408162,0.4375,0.0,class,08_EMPTY,,,
selected_faithfulness,primary_jointly_correct_true_class,ResNet18,gradcam,normalized_zero,native_5,71,25,3,10,0.2598374864572047,0.3246153846153846,0.0638461538461538,0.46807692307692306,0.8309859154929577,0.7183098591549296,class,01_TUMOR,,,
selected_faithfulness,primary_jointly_correct_true_class,ResNet18,gradcam,normalized_zero,native_5,59,21,3,9,0.049022164276401554,0.0284615384615384,-0.1446153846153846,0.25038461538461537,0.5932203389830508,0.2033898305084746,class,02_STROMA,,,
selected_faithfulness,primary_jointly_correct_true_class,ResNet18,gradcam,normalized_zero,native_5,36,13,3,7,0.11367521367521366,0.17115384615384616,-0.21153846153846156,0.39423076923076916,0.6666666666666666,0.027777777777777776,class,03_COMPLEX,,,
selected_faithfulness,primary_jointly_correct_true_class,ResNet18,gradcam,normalized_zero,native_5,68,23,3,9,-0.16331447963800905,-0.14923076923076922,-0.46153846153846156,0.0671153846153846,0.3088235294117647,0.4411764705882353,class,04_LYMPHO,,,
selected_faithfulness,primary_jointly_correct_true_class,ResNet18,gradcam,normalized_zero,native_5,71,25,3,7,0.3917551462621885,0.4246153846153846,0.20846153846153845,0.6346153846153846,0.9295774647887324,0.6338028169014085,class,05_DEBRIS,,,
selected_faithfulness,primary_jointly_correct_true_class,ResNet18,gradcam,normalized_zero,native_5,83,28,3,7,0.2872711840928802,0.3369230769230769,0.04923076923076915,0.5160107760379218,0.7831325301204819,0.4939759036144578,class,06_MUCOSA,,,
selected_faithfulness,primary_jointly_correct_true_class,ResNet18,gradcam,normalized_zero,native_5,75,28,3,6,-0.04443765686347554,-0.0523076923076923,-0.33807692307692305,0.2323076923076923,0.4,0.8,class,07_ADIPOSE,,,
selected_faithfulness,primary_jointly_correct_true_class,ResNet18,gradcam,normalized_zero,native_5,64,24,3,2,0.08213942307692308,0.0092307692307692,-0.18153846153846148,0.35134615384615386,0.5,0.078125,class,08_EMPTY,,,
selected_faithfulness,primary_jointly_correct_true_class,UNI,gradient_attention_rollout,gaussian_blur,common_14,71,25,3,10,0.07990494555872715,0.0510371426977663,-0.0312377977352596,0.1771103443329694,0.6338028169014085,0.7605633802816901,class,01_TUMOR,,,
selected_faithfulness,primary_jointly_correct_true_class,UNI,gradient_attention_rollout,gaussian_blur,common_14,59,21,3,9,0.09338858943036261,0.1130330148459227,-0.00803815473866235,0.21534317748966048,0.7288135593220338,0.9491525423728814,class,02_STROMA,,,
selected_faithfulness,primary_jointly_correct_true_class,UNI,gradient_attention_rollout,gaussian_blur,common_14,36,13,3,7,0.08162240384413678,0.0513288017276414,-0.019967885631409877,0.18651834025293051,0.7222222222222222,1.0,class,03_COMPLEX,,,
selected_faithfulness,primary_jointly_correct_true_class,UNI,gradient_attention_rollout,gaussian_blur,common_14,68,23,3,9,0.17967869858429558,0.19388950425933743,0.07227605606865933,0.31670026854943456,0.8676470588235294,1.0,class,04_LYMPHO,,,
selected_faithfulness,primary_jointly_correct_true_class,UNI,gradient_attention_rollout,gaussian_blur,common_14,71,25,3,7,-0.1807345888237328,-0.1855477372518707,-0.30337559467363673,-0.0762783989034895,0.15492957746478872,0.23943661971830985,class,05_DEBRIS,,,
selected_faithfulness,primary_jointly_correct_true_class,UNI,gradient_attention_rollout,gaussian_blur,common_14,83,28,3,7,-0.004313270683043967,0.0202663181633449,-0.1211118105969447,0.0891592091737124,0.5060240963855421,0.927710843373494,class,06_MUCOSA,,,
selected_faithfulness,primary_jointly_correct_true_class,UNI,gradient_attention_rollout,gaussian_blur,common_14,75,28,3,6,-0.06539071224791038,-0.0197810245443937,-0.2946082923602865,0.1545589954754783,0.4666666666666667,1.0,class,07_ADIPOSE,,,
selected_faithfulness,primary_jointly_correct_true_class,UNI,gradient_attention_rollout,gaussian_blur,common_14,64,24,3,2,0.14108848219261186,0.12974207531635396,0.07250515981480445,0.20285562878021177,0.90625,0.875,class,08_EMPTY,,,
selected_faithfulness,primary_jointly_correct_true_class,UNI,gradient_attention_rollout,local_mean,common_14,71,25,3,10,0.09406071406302313,0.0863071663651794,-0.022629075058371598,0.16844308555549486,0.704225352112676,0.9859154929577465,class,01_TUMOR,,,
selected_faithfulness,primary_jointly_correct_true_class,UNI,gradient_attention_rollout,local_mean,common_14,59,21,3,9,0.20687736692702216,0.211288638844839,0.08375076699949795,0.34801217636605597,0.847457627118644,1.0,class,02_STROMA,,,
selected_faithfulness,primary_jointly_correct_true_class,UNI,gradient_attention_rollout,local_mean,common_14,36,13,3,7,0.13409561892619626,0.12031014670608575,0.02896269792571455,0.24671764059001183,0.8055555555555556,1.0,class,03_COMPLEX,,,
selected_faithfulness,primary_jointly_correct_true_class,UNI,gradient_attention_rollout,local_mean,common_14,68,23,3,9,0.07008626885590506,0.11255169775836925,-0.057416187873040626,0.22610985823458632,0.6911764705882353,1.0,class,04_LYMPHO,,,
selected_faithfulness,primary_jointly_correct_true_class,UNI,gradient_attention_rollout,local_mean,common_14,71,25,3,7,0.22838057413673887,0.2521288718533099,0.045704404370104104,0.42003044091513997,0.8028169014084507,0.9577464788732394,class,05_DEBRIS,,,
selected_faithfulness,primary_jointly_correct_true_class,UNI,gradient_attention_rollout,local_mean,common_14,83,28,3,7,0.1546539985306629,0.182366581931484,0.04707663619918875,0.25929603391532324,0.7951807228915663,1.0,class,06_MUCOSA,,,
selected_faithfulness,primary_jointly_correct_true_class,UNI,gradient_attention_rollout,local_mean,common_14,75,28,3,6,-0.0797841260211194,-0.0776307086676919,-0.2431400361784698,0.08242237791256915,0.32,1.0,class,07_ADIPOSE,,,
selected_faithfulness,primary_jointly_correct_true_class,UNI,gradient_attention_rollout,local_mean,common_14,64,24,3,2,0.12797919840956123,0.12705894540557333,0.06871000645474898,0.19649371658073617,0.890625,0.859375,class,08_EMPTY,,,
selected_faithfulness,primary_jointly_correct_true_class,UNI,gradient_attention_rollout,normalized_zero,common_14,71,25,3,10,0.18318638891080785,0.1735753731402752,0.052868786493863396,0.26217517073209606,0.8450704225352113,0.971830985915493,class,01_TUMOR,,,
selected_faithfulness,primary_jointly_correct_true_class,UNI,gradient_attention_rollout,normalized_zero,common_14,59,21,3,9,0.26278621968884697,0.2755094071990374,0.1260086541449848,0.4258811529297388,0.8813559322033898,1.0,class,02_STROMA,,,
selected_faithfulness,primary_jointly_correct_true_class,UNI,gradient_attention_rollout,normalized_zero,common_14,36,13,3,7,0.13754886502189573,0.1265011275888723,0.04980697203565373,0.24120201770673128,0.8611111111111112,1.0,class,03_COMPLEX,,,
selected_faithfulness,primary_jointly_correct_true_class,UNI,gradient_attention_rollout,normalized_zero,common_14,68,23,3,9,0.22278167360889584,0.2363585652925754,0.10724366279116097,0.3779147973129119,0.8235294117647058,1.0,class,04_LYMPHO,,,
selected_faithfulness,primary_jointly_correct_true_class,UNI,gradient_attention_rollout,normalized_zero,common_14,71,25,3,7,0.15593910568917457,0.167448939747707,0.05578896502036875,0.25569014017164854,0.8591549295774648,0.9577464788732394,class,05_DEBRIS,,,
selected_faithfulness,primary_jointly_correct_true_class,UNI,gradient_attention_rollout,normalized_zero,common_14,83,28,3,7,0.12010702524515816,0.137830407446071,-0.0688168035958499,0.2818701240746201,0.6987951807228916,1.0,class,06_MUCOSA,,,
selected_faithfulness,primary_jointly_correct_true_class,UNI,gradient_attention_rollout,normalized_zero,common_14,75,28,3,6,-0.15997253068582076,-0.1874012861685088,-0.32592418458988437,-0.01758799576058455,0.22666666666666666,0.9733333333333334,class,07_ADIPOSE,,,
selected_faithfulness,primary_jointly_correct_true_class,UNI,gradient_attention_rollout,normalized_zero,common_14,64,24,3,2,0.15608531308699966,0.1737060618859023,0.03037278167807535,0.28980334772593835,0.8125,0.828125,class,08_EMPTY,,,
selected_faithfulness,primary_jointly_correct_true_class,UNI,gradient_attention_rollout,normalized_zero,common_7,71,25,3,10,0.16626185685541817,0.1908163265306122,-0.0357653061224489,0.3296428571428571,0.704225352112676,0.8873239436619719,class,01_TUMOR,,,
selected_faithfulness,primary_jointly_correct_true_class,UNI,gradient_attention_rollout,normalized_zero,common_7,59,21,3,9,0.2142303701141473,0.2172448979591836,0.0258163265306122,0.34454081632653055,0.7796610169491526,0.9661016949152542,class,02_STROMA,,,
selected_faithfulness,primary_jointly_correct_true_class,UNI,gradient_attention_rollout,normalized_zero,common_7,36,13,3,7,0.24502267573696143,0.21663265306122445,0.1407397959183673,0.341938775510204,1.0,1.0,class,03_COMPLEX,,,
selected_faithfulness,primary_jointly_correct_true_class,UNI,gradient_attention_rollout,normalized_zero,common_7,68,23,3,9,0.24127331437249822,0.21979591836734685,0.12081632653061222,0.3795663265306122,0.8529411764705882,0.8676470588235294,class,04_LYMPHO,,,
selected_faithfulness,primary_jointly_correct_true_class,UNI,gradient_attention_rollout,normalized_zero,common_7,71,25,3,7,0.143653348663409,0.1568367346938775,-0.01576530612244895,0.28066326530612234,0.7183098591549296,0.8591549295774648,class,05_DEBRIS,,,
selected_faithfulness,primary_jointly_correct_true_class,UNI,gradient_attention_rollout,normalized_zero,common_7,83,28,3,7,0.19227563314482418,0.2637755102040816,0.0041836734693878,0.37846938775510197,0.7469879518072289,1.0,class,06_MUCOSA,,,
selected_faithfulness,primary_jointly_correct_true_class,UNI,gradient_attention_rollout,normalized_zero,common_7,75,28,3,6,0.04967891156462584,0.0977551020408163,-0.17596938775510196,0.2550510204081632,0.6133333333333333,0.8666666666666667,class,07_ADIPOSE,,,
selected_faithfulness,primary_jointly_correct_true_class,UNI,gradient_attention_rollout,normalized_zero,common_7,64,24,3,2,0.26024394132653056,0.24035714285714285,0.13821428571428568,0.41293367346938764,0.90625,0.71875,class,08_EMPTY,,,
selected_faithfulness,primary_jointly_correct_true_class,UNI,gradient_attention_rollout,normalized_zero,native_14,71,25,3,10,0.18318638891080785,0.1735753731402752,0.052868786493863396,0.26217517073209606,0.8450704225352113,0.971830985915493,class,01_TUMOR,,,
selected_faithfulness,primary_jointly_correct_true_class,UNI,gradient_attention_rollout,normalized_zero,native_14,59,21,3,9,0.26278621968884697,0.2755094071990374,0.1260086541449848,0.4258811529297388,0.8813559322033898,1.0,class,02_STROMA,,,
selected_faithfulness,primary_jointly_correct_true_class,UNI,gradient_attention_rollout,normalized_zero,native_14,36,13,3,7,0.13754886502189573,0.1265011275888723,0.04980697203565373,0.24120201770673128,0.8611111111111112,1.0,class,03_COMPLEX,,,
selected_faithfulness,primary_jointly_correct_true_class,UNI,gradient_attention_rollout,normalized_zero,native_14,68,23,3,9,0.22278167360889584,0.2363585652925754,0.10724366279116097,0.3779147973129119,0.8235294117647058,1.0,class,04_LYMPHO,,,
selected_faithfulness,primary_jointly_correct_true_class,UNI,gradient_attention_rollout,normalized_zero,native_14,71,25,3,7,0.15593910568917457,0.167448939747707,0.05578896502036875,0.25569014017164854,0.8591549295774648,0.9577464788732394,class,05_DEBRIS,,,
selected_faithfulness,primary_jointly_correct_true_class,UNI,gradient_attention_rollout,normalized_zero,native_14,83,28,3,7,0.12010702524515816,0.137830407446071,-0.0688168035958499,0.2818701240746201,0.6987951807228916,1.0,class,06_MUCOSA,,,
selected_faithfulness,primary_jointly_correct_true_class,UNI,gradient_attention_rollout,normalized_zero,native_14,75,28,3,6,-0.15997253068582076,-0.1874012861685088,-0.32592418458988437,-0.01758799576058455,0.22666666666666666,0.9733333333333334,class,07_ADIPOSE,,,
selected_faithfulness,primary_jointly_correct_true_class,UNI,gradient_attention_rollout,normalized_zero,native_14,64,24,3,2,0.15608531308699966,0.1737060618859023,0.03037278167807535,0.28980334772593835,0.8125,0.828125,class,08_EMPTY,,,
selected_training_regime,training_regime_jointly_correct_true_class,FrozenResNet18,gradcam,normalized_zero,common_14,63,22,3,10,0.06953366203779823,0.0744601751211013,-0.0760756828287904,0.22642272112988784,0.6666666666666666,0.0,class,01_TUMOR,,,
selected_training_regime,training_regime_jointly_correct_true_class,FrozenResNet18,gradcam,normalized_zero,common_14,60,21,3,8,0.17336823616280692,0.181047903762028,0.023997252960754126,0.3153507099414774,0.8,0.15,class,02_STROMA,,,
selected_training_regime,training_regime_jointly_correct_true_class,FrozenResNet18,gradcam,normalized_zero,common_14,46,20,3,9,0.15247422507319253,0.15131134992008624,-0.028924499300114148,0.2905754963911673,0.6739130434782609,0.043478260869565216,class,03_COMPLEX,,,
selected_training_regime,training_regime_jointly_correct_true_class,FrozenResNet18,gradcam,normalized_zero,common_14,69,24,3,9,-0.0057021412018451005,-0.0474947691595924,-0.1570123066790713,0.0644599877106369,0.391304347826087,0.3333333333333333,class,04_LYMPHO,,,
selected_training_regime,training_regime_jointly_correct_true_class,FrozenResNet18,gradcam,normalized_zero,common_14,60,22,3,7,0.1199866540326378,0.12693459774369376,-0.021976540760406497,0.2687727823595738,0.7166666666666667,0.18333333333333332,class,05_DEBRIS,,,
selected_training_regime,training_regime_jointly_correct_true_class,FrozenResNet18,gradcam,normalized_zero,common_14,87,30,3,7,0.21537021021624086,0.2145964313978657,0.05179852439304395,0.38935746351182443,0.8045977011494253,0.011494252873563218,class,06_MUCOSA,,,
selected_training_regime,training_regime_jointly_correct_true_class,FrozenResNet18,gradcam,normalized_zero,common_14,75,27,3,6,0.12859384341597496,0.119963372840514,0.02595663000231485,0.2770345645271974,0.76,0.04,class,07_ADIPOSE,,,
selected_training_regime,training_regime_jointly_correct_true_class,FrozenResNet18,gradcam,normalized_zero,common_14,86,31,3,2,0.21647729587599246,0.2448889590752758,0.035739761648263424,0.3788247025329101,0.8023255813953488,0.0,class,08_EMPTY,,,
selected_training_regime,training_regime_jointly_correct_true_class,ResNet18,gradcam,normalized_zero,common_14,63,22,3,10,0.12930165476529387,0.1601000884539681,-0.00966379523304825,0.3247519702922169,0.7142857142857143,0.047619047619047616,class,01_TUMOR,,,
selected_training_regime,training_regime_jointly_correct_true_class,ResNet18,gradcam,normalized_zero,common_14,60,21,3,8,-0.032147396853590936,-0.07007189136940614,-0.17204376479213312,0.11142849174031187,0.4166666666666667,0.25,class,02_STROMA,,,
selected_training_regime,training_regime_jointly_correct_true_class,ResNet18,gradcam,normalized_zero,common_14,46,20,3,9,0.03959487874738371,0.08452294623433129,-0.11260708109874171,0.2171273976205086,0.6086956521739131,0.15217391304347827,class,03_COMPLEX,,,
selected_training_regime,training_regime_jointly_correct_true_class,ResNet18,gradcam,normalized_zero,common_14,69,24,3,9,-0.08112026381826995,-0.0843595853022974,-0.2464550677748647,0.0294001864705273,0.34782608695652173,0.7246376811594203,class,04_LYMPHO,,,
selected_training_regime,training_regime_jointly_correct_true_class,ResNet18,gradcam,normalized_zero,common_14,60,22,3,7,0.04321632440559199,0.039263202352397344,-0.10378758297540018,0.22611543641275333,0.5666666666666667,0.03333333333333333,class,05_DEBRIS,,,
selected_training_regime,training_regime_jointly_correct_true_class,ResNet18,gradcam,normalized_zero,common_14,87,30,3,7,0.14232895254500985,0.1349664113986086,-0.00837205080454425,0.3130067177202782,0.7241379310344828,0.08045977011494253,class,06_MUCOSA,,,
selected_training_regime,training_regime_jointly_correct_true_class,ResNet18,gradcam,normalized_zero,common_14,75,27,3,6,-0.05299166267772542,-0.0761421319796954,-0.25287076954952226,0.1664233518475723,0.4533333333333333,0.08,class,07_ADIPOSE,,,
selected_training_regime,training_regime_jointly_correct_true_class,ResNet18,gradcam,normalized_zero,common_14,86,31,3,2,-0.10765970300526796,-0.10263688450780545,-0.3570476296727203,0.15199301769850282,0.38372093023255816,0.023255813953488372,class,08_EMPTY,,,
random_prediction_independent,primary_jointly_correct_true_class,DINOv2,gradient_attention_rollout,normalized_zero,common_14,20,7,3,1,0.0771582369769462,0.03383324434811015,0.0033325630134912014,0.14996852313748618,0.75,0.7,source_group,,CRC-Prim-HE-01,,
random_prediction_independent,primary_jointly_correct_true_class,DINOv2,gradient_attention_rollout,normalized_zero,common_14,17,6,3,1,0.009627185509111885,0.0122433041939931,-0.1559021109419949,0.1457450453824638,0.5882352941176471,0.8235294117647058,source_group,,CRC-Prim-HE-02,,
random_prediction_independent,primary_jointly_correct_true_class,DINOv2,gradient_attention_rollout,normalized_zero,common_14,30,11,3,1,0.024218462415549535,0.045253368821171494,-0.05096104040991638,0.13145215915339192,0.7,0.9,source_group,,CRC-Prim-HE-03,,
random_prediction_independent,primary_jointly_correct_true_class,DINOv2,gradient_attention_rollout,normalized_zero,common_14,21,7,3,1,-0.05433600896151399,-0.0854082827976954,-0.1726685207468384,0.0529910988214106,0.38095238095238093,0.6666666666666666,source_group,,CRC-Prim-HE-04,,
random_prediction_independent,primary_jointly_correct_true_class,DINOv2,gradient_attention_rollout,normalized_zero,common_14,31,11,3,1,-0.0057323692343339274,0.0468327901250308,-0.1447433639601877,0.1597478663468511,0.5806451612903226,0.8709677419354839,source_group,,CRC-Prim-HE-05,,
random_prediction_independent,primary_jointly_correct_true_class,DINOv2,gradient_attention_rollout,normalized_zero,common_14,39,14,3,1,0.007284755413759725,0.0660838798619799,-0.07639235311461559,0.1150969407677167,0.6666666666666666,0.8205128205128205,source_group,,CRC-Prim-HE-06,,
random_prediction_independent,primary_jointly_correct_true_class,DINOv2,gradient_attention_rollout,normalized_zero,common_14,27,9,3,1,0.008468559882628035,0.0082955478169401,-0.1021189108208687,0.1276319039915849,0.5555555555555556,0.9629629629629629,source_group,,CRC-Prim-HE-07,,
random_prediction_independent,primary_jointly_correct_true_class,DINOv2,gradient_attention_rollout,normalized_zero,common_14,18,6,3,1,0.13416784649562022,0.11426180780785564,0.030059606818127426,0.17973447871925027,0.8333333333333334,0.8333333333333334,source_group,,CRC-Prim-HE-08,,
random_prediction_independent,primary_jointly_correct_true_class,DINOv2,gradient_attention_rollout,normalized_zero,common_14,28,10,3,1,0.14377515160691373,0.11401875861629304,0.03737658280805487,0.26146156236801626,0.8928571428571429,0.6071428571428571,source_group,,CRC-Prim-HE-09,,
random_prediction_independent,primary_jointly_correct_true_class,DINOv2,gradient_attention_rollout,normalized_zero,common_14,56,19,3,1,0.11447449008051928,0.10552717768091224,0.033372247766736446,0.2145538652790284,0.7857142857142857,0.625,source_group,,CRC-Prim-HE-10,,
random_prediction_independent,primary_jointly_correct_true_class,ResNet18,gradcam,normalized_zero,common_14,20,7,3,1,0.01722023444285953,0.023800492473443853,-0.15340229024057886,0.24913339017762515,0.55,0.25,source_group,,CRC-Prim-HE-01,,
random_prediction_independent,primary_jointly_correct_true_class,ResNet18,gradcam,normalized_zero,common_14,17,6,3,1,0.13713868373614577,0.1409270932113571,-0.0557084684713401,0.4060016162150331,0.6470588235294118,0.29411764705882354,source_group,,CRC-Prim-HE-02,,
random_prediction_independent,primary_jointly_correct_true_class,ResNet18,gradcam,normalized_zero,common_14,30,11,3,1,0.10639716280802783,0.08120871152053165,-0.006601773860657025,0.21541808445361746,0.6333333333333333,0.2,source_group,,CRC-Prim-HE-03,,
random_prediction_independent,primary_jointly_correct_true_class,ResNet18,gradcam,normalized_zero,common_14,21,7,3,1,-0.1444329971627185,-0.1931770912191507,-0.3116464391301229,0.0126624644391141,0.2857142857142857,0.23809523809523808,source_group,,CRC-Prim-HE-04,,
random_prediction_independent,primary_jointly_correct_true_class,ResNet18,gradcam,normalized_zero,common_14,31,11,3,1,0.033899437015299384,0.0196176557307811,-0.20942154292408094,0.19356756369084144,0.5161290322580645,0.12903225806451613,source_group,,CRC-Prim-HE-05,,
random_prediction_independent,primary_jointly_correct_true_class,ResNet18,gradcam,normalized_zero,common_14,39,14,3,1,-0.06905054829468192,-0.0247463921140498,-0.24546135517854156,0.14056895049326174,0.46153846153846156,0.20512820512820512,source_group,,CRC-Prim-HE-06,,
random_prediction_independent,primary_jointly_correct_true_class,ResNet18,gradcam,normalized_zero,common_14,27,9,3,1,0.10019055177256965,0.0952131262501095,-0.15386926344141716,0.3552161777346414,0.5555555555555556,0.2962962962962963,source_group,,CRC-Prim-HE-07,,
random_prediction_independent,primary_jointly_correct_true_class,ResNet18,gradcam,normalized_zero,common_14,18,6,3,1,0.03738935568219629,0.05391787327972965,-0.0969391739515017,0.1952234857238483,0.6666666666666666,0.1111111111111111,source_group,,CRC-Prim-HE-08,,
random_prediction_independent,primary_jointly_correct_true_class,ResNet18,gradcam,normalized_zero,common_14,28,10,3,1,0.022010944926000815,0.0096319199292368,-0.09295197188598205,0.22673102821761268,0.5357142857142857,0.32142857142857145,source_group,,CRC-Prim-HE-09,,
random_prediction_independent,primary_jointly_correct_true_class,ResNet18,gradcam,normalized_zero,common_14,56,19,3,1,0.034256218245651594,0.0013849819506091883,-0.10297237208042138,0.2121309437480576,0.5,0.10714285714285714,source_group,,CRC-Prim-HE-10,,
random_prediction_independent,primary_jointly_correct_true_class,UNI,gradient_attention_rollout,normalized_zero,common_14,20,7,3,1,0.25763267034647774,0.2760433185378798,0.08486919172198357,0.3693981145757796,1.0,1.0,source_group,,CRC-Prim-HE-01,,
random_prediction_independent,primary_jointly_correct_true_class,UNI,gradient_attention_rollout,normalized_zero,common_14,17,6,3,1,0.16164875946473864,0.1475109372136203,0.0940034584704635,0.215794213038593,0.8823529411764706,1.0,source_group,,CRC-Prim-HE-02,,
random_prediction_independent,primary_jointly_correct_true_class,UNI,gradient_attention_rollout,normalized_zero,common_14,30,11,3,1,0.044476122878804335,0.07522571699511504,-0.11301667875271935,0.2353816090783763,0.5666666666666667,0.9666666666666667,source_group,,CRC-Prim-HE-03,,
random_prediction_independent,primary_jointly_correct_true_class,UNI,gradient_attention_rollout,normalized_zero,common_14,21,7,3,1,0.07740089959731013,0.0653220601008853,-0.0820869088473592,0.1819553905123158,0.6190476190476191,1.0,source_group,,CRC-Prim-HE-04,,
random_prediction_independent,primary_jointly_correct_true_class,UNI,gradient_attention_rollout,normalized_zero,common_14,31,11,3,1,0.01956439312634779,0.0451657117356899,-0.1358549354923539,0.17474121237718043,0.5806451612903226,0.967741935483871,source_group,,CRC-Prim-HE-05,,
random_prediction_independent,primary_jointly_correct_true_class,UNI,gradient_attention_rollout,normalized_zero,common_14,39,14,3,1,0.07794772343517693,0.093585891990533,-0.035834216544876396,0.2759763803998757,0.6923076923076923,0.7948717948717948,source_group,,CRC-Prim-HE-06,,
random_prediction_independent,primary_jointly_correct_true_class,UNI,gradient_attention_rollout,normalized_zero,common_14,27,9,3,1,-0.018787771821600022,0.0004255353058833,-0.10950282494880026,0.048203428188924896,0.5185185185185185,1.0,source_group,,CRC-Prim-HE-07,,
random_prediction_independent,primary_jointly_correct_true_class,UNI,gradient_attention_rollout,normalized_zero,common_14,18,6,3,1,0.1095972105782394,0.1366239271968061,0.08939707862840565,0.19196104837874234,0.8333333333333334,1.0,source_group,,CRC-Prim-HE-08,,
random_prediction_independent,primary_jointly_correct_true_class,UNI,gradient_attention_rollout,normalized_zero,common_14,28,10,3,1,0.20998187458610493,0.215016894149336,0.1495609176899967,0.2913422981376812,0.8928571428571429,1.0,source_group,,CRC-Prim-HE-09,,
random_prediction_independent,primary_jointly_correct_true_class,UNI,gradient_attention_rollout,normalized_zero,common_14,56,19,3,1,0.10281207004461147,0.12109268541465781,-0.014746710867087875,0.2538006070873953,0.7321428571428571,0.8392857142857143,source_group,,CRC-Prim-HE-10,,
selected_faithfulness,primary_jointly_correct_true_class,DINOv2,gradient_attention_rollout,gaussian_blur,common_14,43,16,3,1,0.03958319704478868,0.0493429703001856,-0.018202392241551,0.09966849684036044,0.6976744186046512,0.627906976744186,source_group,,CRC-Prim-HE-01,,
selected_faithfulness,primary_jointly_correct_true_class,DINOv2,gradient_attention_rollout,gaussian_blur,common_14,21,7,3,1,0.09838107608748861,0.0456518101188152,0.0141255408840615,0.1726430205037891,0.8571428571428571,0.8095238095238095,source_group,,CRC-Prim-HE-02,,
selected_faithfulness,primary_jointly_correct_true_class,DINOv2,gradient_attention_rollout,gaussian_blur,common_14,45,16,3,1,0.008455970468241059,0.045337838376272,-0.0195969367833037,0.1107778371012598,0.6888888888888889,0.7555555555555555,source_group,,CRC-Prim-HE-03,,
selected_faithfulness,primary_jointly_correct_true_class,DINOv2,gradient_attention_rollout,gaussian_blur,common_14,45,15,3,1,0.002812584895589871,0.0189705870634079,-0.0461124082588912,0.0669477005952713,0.5555555555555556,0.7111111111111111,source_group,,CRC-Prim-HE-04,,
selected_faithfulness,primary_jointly_correct_true_class,DINOv2,gradient_attention_rollout,gaussian_blur,common_14,72,25,3,1,0.04830307202484688,0.054481269274597705,-0.05512297536064473,0.13485205874618494,0.6527777777777778,0.6527777777777778,source_group,,CRC-Prim-HE-05,,
selected_faithfulness,primary_jointly_correct_true_class,DINOv2,gradient_attention_rollout,gaussian_blur,common_14,95,35,3,1,0.08798027962561657,0.0777534905477942,-0.0062933813537517005,0.1681079616540095,0.7157894736842105,0.7789473684210526,source_group,,CRC-Prim-HE-06,,
selected_faithfulness,primary_jointly_correct_true_class,DINOv2,gradient_attention_rollout,gaussian_blur,common_14,44,17,3,1,0.10918168126289952,0.14857079106535231,0.036917578433169396,0.19728342723266573,0.8409090909090909,0.7727272727272727,source_group,,CRC-Prim-HE-07,,
selected_faithfulness,primary_jointly_correct_true_class,DINOv2,gradient_attention_rollout,gaussian_blur,common_14,39,13,3,1,0.07422391504343406,0.1202607399851779,0.02756735650136665,0.1563451776649746,0.8205128205128205,0.7692307692307693,source_group,,CRC-Prim-HE-08,,
selected_faithfulness,primary_jointly_correct_true_class,DINOv2,gradient_attention_rollout,gaussian_blur,common_14,37,13,3,1,-0.010176923012310962,-0.0327391245447808,-0.0557770003745348,0.0138848823402848,0.32432432432432434,0.6216216216216216,source_group,,CRC-Prim-HE-09,,
selected_faithfulness,primary_jointly_correct_true_class,DINOv2,gradient_attention_rollout,gaussian_blur,common_14,86,30,3,1,-0.020337898504596757,-0.009136258954968151,-0.1388157527751436,0.08237335543354389,0.46511627906976744,0.5930232558139535,source_group,,CRC-Prim-HE-10,,
selected_faithfulness,primary_jointly_correct_true_class,DINOv2,gradient_attention_rollout,local_mean,common_14,43,16,3,1,0.03520071305061759,0.0137781000725163,-0.06135358477635485,0.12171345695638655,0.5581395348837209,0.5581395348837209,source_group,,CRC-Prim-HE-01,,
selected_faithfulness,primary_jointly_correct_true_class,DINOv2,gradient_attention_rollout,local_mean,common_14,21,7,3,1,0.05943036555281452,0.0367968507199834,-0.0169735992796181,0.1362238921339719,0.7142857142857143,0.9523809523809523,source_group,,CRC-Prim-HE-02,,
selected_faithfulness,primary_jointly_correct_true_class,DINOv2,gradient_attention_rollout,local_mean,common_14,45,16,3,1,0.07569258394494072,0.0622747810565069,-0.0560973471778402,0.2486911203372407,0.6666666666666666,0.8222222222222222,source_group,,CRC-Prim-HE-03,,
selected_faithfulness,primary_jointly_correct_true_class,DINOv2,gradient_attention_rollout,local_mean,common_14,45,15,3,1,0.027846372105584136,0.0242443560790188,-0.1290009482902884,0.1619376997187004,0.6,0.6444444444444445,source_group,,CRC-Prim-HE-04,,
selected_faithfulness,primary_jointly_correct_true_class,DINOv2,gradient_attention_rollout,local_mean,common_14,72,25,3,1,0.06332227222247887,0.05298791129102945,-0.005423184502227224,0.1779092191347448,0.7361111111111112,0.7916666666666666,source_group,,CRC-Prim-HE-05,,
selected_faithfulness,primary_jointly_correct_true_class,DINOv2,gradient_attention_rollout,local_mean,common_14,95,35,3,1,0.06683257313961914,0.0505351066627353,-0.0234183910599277,0.1331758162069982,0.6631578947368421,0.7157894736842105,source_group,,CRC-Prim-HE-06,,
selected_faithfulness,primary_jointly_correct_true_class,DINOv2,gradient_attention_rollout,local_mean,common_14,44,17,3,1,0.0765637190945385,0.158130194678418,0.051041923993338026,0.22647204137414434,0.7727272727272727,0.9090909090909091,source_group,,CRC-Prim-HE-07,,
selected_faithfulness,primary_jointly_correct_true_class,DINOv2,gradient_attention_rollout,local_mean,common_14,39,13,3,1,0.11242795431596256,0.1451569460271418,0.005151049095936701,0.2158499948202631,0.7435897435897436,0.717948717948718,source_group,,CRC-Prim-HE-08,,
selected_faithfulness,primary_jointly_correct_true_class,DINOv2,gradient_attention_rollout,local_mean,common_14,37,13,3,1,0.1587740772607894,0.1112910294926248,0.0361386256962761,0.3600427129071074,0.8108108108108109,0.7297297297297297,source_group,,CRC-Prim-HE-09,,
selected_faithfulness,primary_jointly_correct_true_class,DINOv2,gradient_attention_rollout,local_mean,common_14,86,30,3,1,0.03308295436583574,0.05434818988118475,-0.026515471475587422,0.16106909768983738,0.6511627906976745,0.7558139534883721,source_group,,CRC-Prim-HE-10,,
selected_faithfulness,primary_jointly_correct_true_class,DINOv2,gradient_attention_rollout,normalized_zero,common_14,43,16,3,1,0.028929117779477077,0.0068292838416116,-0.05274964339503855,0.10251575835332175,0.5813953488372093,0.5348837209302325,source_group,,CRC-Prim-HE-01,,
selected_faithfulness,primary_jointly_correct_true_class,DINOv2,gradient_attention_rollout,normalized_zero,common_14,21,7,3,1,0.05645518540991452,0.054454175266358,-0.0508315469881822,0.1140163679685072,0.5714285714285714,0.9523809523809523,source_group,,CRC-Prim-HE-02,,
selected_faithfulness,primary_jointly_correct_true_class,DINOv2,gradient_attention_rollout,normalized_zero,common_14,45,16,3,1,0.0027843446575300727,0.028165018447832,-0.1418084453617449,0.1435042115245161,0.5333333333333333,0.7333333333333333,source_group,,CRC-Prim-HE-03,,
selected_faithfulness,primary_jointly_correct_true_class,DINOv2,gradient_attention_rollout,normalized_zero,common_14,45,15,3,1,-0.05919229750991898,-0.0482129907800683,-0.2020798635736997,0.0644072388814955,0.4444444444444444,0.6,source_group,,CRC-Prim-HE-04,,
selected_faithfulness,primary_jointly_correct_true_class,DINOv2,gradient_attention_rollout,normalized_zero,common_14,72,25,3,1,0.037063652166935204,0.06654447800205594,-0.11668911219310055,0.16698077122297572,0.5833333333333334,0.75,source_group,,CRC-Prim-HE-05,,
selected_faithfulness,primary_jointly_correct_true_class,DINOv2,gradient_attention_rollout,normalized_zero,common_14,95,35,3,1,0.038142122462976755,0.0441903274390584,-0.10890994429790654,0.16979416522563728,0.6210526315789474,0.8,source_group,,CRC-Prim-HE-06,,
selected_faithfulness,primary_jointly_correct_true_class,DINOv2,gradient_attention_rollout,normalized_zero,common_14,44,17,3,1,0.13594538247914134,0.13658169241925586,0.0074050315167065745,0.2698240483229606,0.75,0.9090909090909091,source_group,,CRC-Prim-HE-07,,
selected_faithfulness,primary_jointly_correct_true_class,DINOv2,gradient_attention_rollout,normalized_zero,common_14,39,13,3,1,0.004919748125710473,-0.0268023492098909,-0.13453131350158182,0.1346667835427806,0.46153846153846156,0.717948717948718,source_group,,CRC-Prim-HE-08,,
selected_faithfulness,primary_jointly_correct_true_class,DINOv2,gradient_attention_rollout,normalized_zero,common_14,37,13,3,1,0.06918017956820942,0.0766170740064866,-0.0498290686833108,0.1533202113332642,0.7027027027027027,0.5675675675675675,source_group,,CRC-Prim-HE-09,,
selected_faithfulness,primary_jointly_correct_true_class,DINOv2,gradient_attention_rollout,normalized_zero,common_14,86,30,3,1,0.09129600440336758,0.12386264931587623,-0.07630987576600334,0.2341635521838568,0.6627906976744186,0.6162790697674418,source_group,,CRC-Prim-HE-10,,
selected_faithfulness,primary_jointly_correct_true_class,DINOv2,gradient_attention_rollout,normalized_zero,common_7,43,16,3,1,-0.015702420503084947,-0.0290816326530612,-0.19142857142857134,0.0951530612244897,0.46511627906976744,0.6511627906976745,source_group,,CRC-Prim-HE-01,,
selected_faithfulness,primary_jointly_correct_true_class,DINOv2,gradient_attention_rollout,normalized_zero,common_7,21,7,3,1,0.054159378036929065,0.106734693877551,-0.0553061224489795,0.2509183673469387,0.6190476190476191,0.9523809523809523,source_group,,CRC-Prim-HE-02,,
selected_faithfulness,primary_jointly_correct_true_class,DINOv2,gradient_attention_rollout,normalized_zero,common_7,45,16,3,1,-0.04287410161670017,-0.0759183673469387,-0.178673469387755,0.0847470599015532,0.4222222222222222,0.7555555555555555,source_group,,CRC-Prim-HE-03,,
selected_faithfulness,primary_jointly_correct_true_class,DINOv2,gradient_attention_rollout,normalized_zero,common_7,45,15,3,1,-0.13638321995464847,-0.113469387755102,-0.233469387755102,-0.0427551020408163,0.13333333333333333,0.6888888888888889,source_group,,CRC-Prim-HE-04,,
selected_faithfulness,primary_jointly_correct_true_class,DINOv2,gradient_attention_rollout,normalized_zero,common_7,72,25,3,1,0.012451814058956909,0.04229591836734685,-0.14033163265306117,0.15436224489795913,0.5555555555555556,0.7638888888888888,source_group,,CRC-Prim-HE-05,,
selected_faithfulness,primary_jointly_correct_true_class,DINOv2,gradient_attention_rollout,normalized_zero,common_7,95,35,3,1,-0.12874650912996774,-0.1643877551020408,-0.3449489795918367,0.0878571428571428,0.3157894736842105,0.7684210526315789,source_group,,CRC-Prim-HE-06,,
selected_faithfulness,primary_jointly_correct_true_class,DINOv2,gradient_attention_rollout,normalized_zero,common_7,44,17,3,1,0.08621753246753244,0.10586734693877545,-0.09543367346938772,0.27739795918367344,0.6590909090909091,0.8636363636363636,source_group,,CRC-Prim-HE-07,,
selected_faithfulness,primary_jointly_correct_true_class,DINOv2,gradient_attention_rollout,normalized_zero,common_7,39,13,3,1,0.022454212454212464,-0.0297959183673469,-0.19642857142857134,0.2216836734693877,0.4358974358974359,0.8461538461538461,source_group,,CRC-Prim-HE-08,,
selected_faithfulness,primary_jointly_correct_true_class,DINOv2,gradient_attention_rollout,normalized_zero,common_7,37,13,3,1,-0.07623552123552124,-0.0787755102040816,-0.3057142857142856,0.1294897959183673,0.43243243243243246,0.7567567567567568,source_group,,CRC-Prim-HE-09,,
selected_faithfulness,primary_jointly_correct_true_class,DINOv2,gradient_attention_rollout,normalized_zero,common_7,86,30,3,1,0.015936165163739902,0.06132653061224485,-0.1746938775510204,0.1625510204081632,0.5697674418604651,0.5813953488372093,source_group,,CRC-Prim-HE-10,,
selected_faithfulness,primary_jointly_correct_true_class,DINOv2,gradient_attention_rollout,normalized_zero,native_16,43,16,3,1,0.14118240876660818,0.1070224879835202,0.046935440032043904,0.26505886644541077,0.8604651162790697,0.6744186046511628,source_group,,CRC-Prim-HE-01,,
selected_faithfulness,primary_jointly_correct_true_class,DINOv2,gradient_attention_rollout,normalized_zero,native_16,21,7,3,1,0.020947623426945863,0.0347111753261615,-0.0802207312886243,0.0823025295946113,0.6190476190476191,1.0,source_group,,CRC-Prim-HE-02,,
selected_faithfulness,primary_jointly_correct_true_class,DINOv2,gradient_attention_rollout,normalized_zero,native_16,45,16,3,1,0.1181121217273311,0.1675862611581597,-0.0435747596704051,0.2427364671549553,0.7111111111111111,0.9555555555555556,source_group,,CRC-Prim-HE-03,,
selected_faithfulness,primary_jointly_correct_true_class,DINOv2,gradient_attention_rollout,normalized_zero,native_16,45,15,3,1,-0.06179805201699455,-0.0239907587548638,-0.2276801041428243,0.1134849221789883,0.4444444444444444,0.7777777777777778,source_group,,CRC-Prim-HE-04,,
selected_faithfulness,primary_jointly_correct_true_class,DINOv2,gradient_attention_rollout,normalized_zero,native_16,72,25,3,1,0.07516328634732591,0.0948300526436255,-0.027592483978026952,0.1902416170748454,0.6666666666666666,0.8333333333333334,source_group,,CRC-Prim-HE-05,,
selected_faithfulness,primary_jointly_correct_true_class,DINOv2,gradient_attention_rollout,normalized_zero,native_16,95,35,3,1,0.1286013057429454,0.1358985179674982,-0.010322372374869701,0.23007517452506285,0.7263157894736842,0.9157894736842105,source_group,,CRC-Prim-HE-06,,
selected_faithfulness,primary_jointly_correct_true_class,DINOv2,gradient_attention_rollout,normalized_zero,native_16,44,17,3,1,0.1492176955401604,0.14811598764019218,0.06106928788052181,0.26771164661965885,0.7954545454545454,0.8636363636363636,source_group,,CRC-Prim-HE-07,,
selected_faithfulness,primary_jointly_correct_true_class,DINOv2,gradient_attention_rollout,normalized_zero,native_16,39,13,3,1,0.07073890002146443,0.0744177729457541,0.0210499399176012,0.18004727912565793,0.8205128205128205,0.7948717948717948,source_group,,CRC-Prim-HE-08,,
selected_faithfulness,primary_jointly_correct_true_class,DINOv2,gradient_attention_rollout,normalized_zero,native_16,37,13,3,1,0.07159166900754929,0.1451876859693293,-0.0846553845273517,0.1951426241702906,0.6756756756756757,0.8378378378378378,source_group,,CRC-Prim-HE-09,,
selected_faithfulness,primary_jointly_correct_true_class,DINOv2,gradient_attention_rollout,normalized_zero,native_16,86,30,3,1,0.0815954033580191,0.09157737754634925,-0.009246788452735199,0.1699014004921034,0.7441860465116279,0.7093023255813954,source_group,,CRC-Prim-HE-10,,
selected_faithfulness,primary_jointly_correct_true_class,ResNet18,gradcam,gaussian_blur,common_14,43,16,3,1,-0.02983751144160887,-0.0623401254293205,-0.1686068101586593,0.1043199005490521,0.4186046511627907,0.3953488372093023,source_group,,CRC-Prim-HE-01,,
selected_faithfulness,primary_jointly_correct_true_class,ResNet18,gradcam,gaussian_blur,common_14,21,7,3,1,0.09031495456441069,0.1293276701543561,-0.0328714070555985,0.2234283483014447,0.6666666666666666,0.23809523809523808,source_group,,CRC-Prim-HE-02,,
selected_faithfulness,primary_jointly_correct_true_class,ResNet18,gradcam,gaussian_blur,common_14,45,16,3,1,0.03665178488151627,0.017578440173419,-0.0549315298279294,0.1288160715281817,0.6,0.5111111111111111,source_group,,CRC-Prim-HE-03,,
selected_faithfulness,primary_jointly_correct_true_class,ResNet18,gradcam,gaussian_blur,common_14,45,15,3,1,0.002203858215837857,-0.0191204009913219,-0.1230753293117325,0.1473716001973551,0.4444444444444444,0.35555555555555557,source_group,,CRC-Prim-HE-04,,
selected_faithfulness,primary_jointly_correct_true_class,ResNet18,gradcam,gaussian_blur,common_14,72,25,3,1,-0.0010415066630633492,0.00405294487963085,-0.09625226115436412,0.1050072117874873,0.5138888888888888,0.4444444444444444,source_group,,CRC-Prim-HE-05,,
selected_faithfulness,primary_jointly_correct_true_class,ResNet18,gradcam,gaussian_blur,common_14,95,35,3,1,0.08527732137345216,0.0878196495310346,-0.00372223860258665,0.17421968747063385,0.7368421052631579,0.6526315789473685,source_group,,CRC-Prim-HE-06,,
selected_faithfulness,primary_jointly_correct_true_class,ResNet18,gradcam,gaussian_blur,common_14,44,17,3,1,0.003282961486557975,0.013044971040563048,-0.09400066938137998,0.1169628413645817,0.5681818181818182,0.45454545454545453,source_group,,CRC-Prim-HE-07,,
selected_faithfulness,primary_jointly_correct_true_class,ResNet18,gradcam,gaussian_blur,common_14,39,13,3,1,0.05457052318127381,0.0346357051215644,-0.0685000278908908,0.18058395556582646,0.5641025641025641,0.41025641025641024,source_group,,CRC-Prim-HE-08,,
selected_faithfulness,primary_jointly_correct_true_class,ResNet18,gradcam,gaussian_blur,common_14,37,13,3,1,0.024083420046269267,0.0321940568496043,-0.0941086469730414,0.1662886786889687,0.5405405405405406,0.4594594594594595,source_group,,CRC-Prim-HE-09,,
selected_faithfulness,primary_jointly_correct_true_class,ResNet18,gradcam,gaussian_blur,common_14,86,30,3,1,0.02220893433039359,0.035680418203985945,-0.0572839053622229,0.11254133828463048,0.6162790697674418,0.47674418604651164,source_group,,CRC-Prim-HE-10,,
selected_faithfulness,primary_jointly_correct_true_class,ResNet18,gradcam,local_mean,common_14,43,16,3,1,-0.030449034618441492,-0.0423734351218035,-0.1749197140785248,0.1196598905083314,0.4186046511627907,0.37209302325581395,source_group,,CRC-Prim-HE-01,,
selected_faithfulness,primary_jointly_correct_true_class,ResNet18,gradcam,local_mean,common_14,21,7,3,1,0.07214732242483024,0.0443831907112175,-0.0004813170875534,0.2426953756902996,0.7142857142857143,0.09523809523809523,source_group,,CRC-Prim-HE-02,,
selected_faithfulness,primary_jointly_correct_true_class,ResNet18,gradcam,local_mean,common_14,45,16,3,1,0.024741146927901386,-0.0127294025771183,-0.0849891225525743,0.2296233135972077,0.4888888888888889,0.4222222222222222,source_group,,CRC-Prim-HE-03,,
selected_faithfulness,primary_jointly_correct_true_class,ResNet18,gradcam,local_mean,common_14,45,15,3,1,0.016019890511351192,0.036318721162811,-0.0971383946003235,0.1390129812174772,0.5333333333333333,0.24444444444444444,source_group,,CRC-Prim-HE-04,,
selected_faithfulness,primary_jointly_correct_true_class,ResNet18,gradcam,local_mean,common_14,72,25,3,1,0.01103104000412558,0.02351361473914045,-0.12061277504494322,0.1392388974332412,0.5416666666666666,0.3333333333333333,source_group,,CRC-Prim-HE-05,,
selected_faithfulness,primary_jointly_correct_true_class,ResNet18,gradcam,local_mean,common_14,95,35,3,1,0.05111501451370993,0.0527169712086318,-0.04874132394074375,0.1420531163934667,0.6421052631578947,0.5789473684210527,source_group,,CRC-Prim-HE-06,,
selected_faithfulness,primary_jointly_correct_true_class,ResNet18,gradcam,local_mean,common_14,44,17,3,1,-0.027559991130860575,-0.0339851229818051,-0.16639625783933248,0.14127493246420006,0.4772727272727273,0.38636363636363635,source_group,,CRC-Prim-HE-07,,
selected_faithfulness,primary_jointly_correct_true_class,ResNet18,gradcam,local_mean,common_14,39,13,3,1,0.06660101849098182,0.077888898628565,-0.03703591549856955,0.23398066762823833,0.5897435897435898,0.3333333333333333,source_group,,CRC-Prim-HE-08,,
selected_faithfulness,primary_jointly_correct_true_class,ResNet18,gradcam,local_mean,common_14,37,13,3,1,0.005051296740559218,-0.0155052968036856,-0.1479619727625529,0.122219477404394,0.4594594594594595,0.16216216216216217,source_group,,CRC-Prim-HE-09,,
selected_faithfulness,primary_jointly_correct_true_class,ResNet18,gradcam,local_mean,common_14,86,30,3,1,0.017358041576629877,0.03678291254318925,-0.0702432085680816,0.12114408434205387,0.5930232558139535,0.4069767441860465,source_group,,CRC-Prim-HE-10,,
selected_faithfulness,primary_jointly_correct_true_class,ResNet18,gradcam,normalized_zero,common_14,43,16,3,1,-0.02715015075028898,-0.0064069360661093,-0.21049733442771876,0.1988835674840026,0.4883720930232558,0.3023255813953488,source_group,,CRC-Prim-HE-01,,
selected_faithfulness,primary_jointly_correct_true_class,ResNet18,gradcam,normalized_zero,common_14,21,7,3,1,0.1286262616833424,0.1423168564575381,-0.0551920885495939,0.3352421327765781,0.7142857142857143,0.19047619047619047,source_group,,CRC-Prim-HE-02,,
selected_faithfulness,primary_jointly_correct_true_class,ResNet18,gradcam,normalized_zero,common_14,45,16,3,1,0.04187540110787525,0.0810477412362836,-0.1008869303285547,0.1769908119436763,0.5777777777777777,0.06666666666666667,source_group,,CRC-Prim-HE-03,,
selected_faithfulness,primary_jointly_correct_true_class,ResNet18,gradcam,normalized_zero,common_14,45,15,3,1,-0.008869480370568126,-0.0158754950633123,-0.1931770912191507,0.1074659930352461,0.4888888888888889,0.2,source_group,,CRC-Prim-HE-04,,
selected_faithfulness,primary_jointly_correct_true_class,ResNet18,gradcam,normalized_zero,common_14,72,25,3,1,0.015621269502039589,0.05471874028799335,-0.1737733984652041,0.19843890699583233,0.5833333333333334,0.16666666666666666,source_group,,CRC-Prim-HE-05,,
selected_faithfulness,primary_jointly_correct_true_class,ResNet18,gradcam,normalized_zero,common_14,95,35,3,1,-0.08258189327931181,-0.0222186805217987,-0.3308991226322626,0.1335017411884707,0.4631578947368421,0.12631578947368421,source_group,,CRC-Prim-HE-06,,
selected_faithfulness,primary_jointly_correct_true_class,ResNet18,gradcam,normalized_zero,common_14,44,17,3,1,0.08419523087517514,0.0819179370303373,-0.14108886037820045,0.3106555156228833,0.5681818181818182,0.25,source_group,,CRC-Prim-HE-07,,
selected_faithfulness,primary_jointly_correct_true_class,ResNet18,gradcam,normalized_zero,common_14,39,13,3,1,0.09729689119039134,0.0841635521838567,-0.11127471903892105,0.35584951669070597,0.6410256410256411,0.15384615384615385,source_group,,CRC-Prim-HE-08,,
selected_faithfulness,primary_jointly_correct_true_class,ResNet18,gradcam,normalized_zero,common_14,37,13,3,1,0.00709973086150498,-0.0361912199475651,-0.1019611280670019,0.0892906948019348,0.40540540540540543,0.24324324324324326,source_group,,CRC-Prim-HE-09,,
selected_faithfulness,primary_jointly_correct_true_class,ResNet18,gradcam,normalized_zero,common_14,86,30,3,1,0.039425361411123794,0.0260006853190319,-0.11557188279450788,0.2067687207643698,0.5232558139534884,0.13953488372093023,source_group,,CRC-Prim-HE-10,,
selected_faithfulness,primary_jointly_correct_true_class,ResNet18,gradcam,normalized_zero,common_7,43,16,3,1,0.017517797816801146,0.061938775510204,-0.23153061224489796,0.28882653061224484,0.5348837209302325,0.32558139534883723,source_group,,CRC-Prim-HE-01,,
selected_faithfulness,primary_jointly_correct_true_class,ResNet18,gradcam,normalized_zero,common_7,21,7,3,1,0.09028668610301262,0.2341836734693877,-0.3014285714285714,0.4203061224489796,0.6666666666666666,0.38095238095238093,source_group,,CRC-Prim-HE-02,,
selected_faithfulness,primary_jointly_correct_true_class,ResNet18,gradcam,normalized_zero,common_7,45,16,3,1,0.09126303854875281,0.0963265306122448,-0.160204081632653,0.3337755102040816,0.6,0.24444444444444444,source_group,,CRC-Prim-HE-03,,
selected_faithfulness,primary_jointly_correct_true_class,ResNet18,gradcam,normalized_zero,common_7,45,15,3,1,0.08711791383219954,0.1322448979591836,-0.1480612244897959,0.3298979591836734,0.5777777777777777,0.3111111111111111,source_group,,CRC-Prim-HE-04,,
selected_faithfulness,primary_jointly_correct_true_class,ResNet18,gradcam,normalized_zero,common_7,72,25,3,1,0.11553344208183608,0.15647959183673465,-0.10429150466133974,0.3716071428571428,0.7083333333333334,0.19444444444444445,source_group,,CRC-Prim-HE-05,,
selected_faithfulness,primary_jointly_correct_true_class,ResNet18,gradcam,normalized_zero,common_7,95,35,3,1,-0.08881525241675615,-0.1079591836734693,-0.3946428571428571,0.1611224489795918,0.4,0.2736842105263158,source_group,,CRC-Prim-HE-06,,
selected_faithfulness,primary_jointly_correct_true_class,ResNet18,gradcam,normalized_zero,common_7,44,17,3,1,0.09262450410018697,0.0963775510204081,-0.15525510204081627,0.33257653061224485,0.6590909090909091,0.4090909090909091,source_group,,CRC-Prim-HE-07,,
selected_faithfulness,primary_jointly_correct_true_class,ResNet18,gradcam,normalized_zero,common_7,39,13,3,1,0.13786760858189429,0.1953061224489796,-0.20908163265306115,0.5201530612244898,0.6153846153846154,0.358974358974359,source_group,,CRC-Prim-HE-08,,
selected_faithfulness,primary_jointly_correct_true_class,ResNet18,gradcam,normalized_zero,common_7,37,13,3,1,0.08135991955017775,0.0608163265306122,-0.1006658333448311,0.2904081632653061,0.5675675675675675,0.3783783783783784,source_group,,CRC-Prim-HE-09,,
selected_faithfulness,primary_jointly_correct_true_class,ResNet18,gradcam,normalized_zero,common_7,86,30,3,1,0.1528096820123398,0.20438775510204074,-0.14249999999999996,0.4546173469387754,0.6744186046511628,0.20930232558139536,source_group,,CRC-Prim-HE-10,,
selected_faithfulness,primary_jointly_correct_true_class,ResNet18,gradcam,normalized_zero,native_5,43,16,3,1,0.0307871198568873,0.0892307692307692,-0.2296153846153846,0.35038461538461535,0.5581395348837209,0.5581395348837209,source_group,,CRC-Prim-HE-01,,
selected_faithfulness,primary_jointly_correct_true_class,ResNet18,gradcam,normalized_zero,native_5,21,7,3,1,0.18227106227106227,0.35,-0.1307692307692307,0.5646153846153846,0.6190476190476191,0.6190476190476191,source_group,,CRC-Prim-HE-02,,
selected_faithfulness,primary_jointly_correct_true_class,ResNet18,gradcam,normalized_zero,native_5,45,16,3,1,0.13680341880341879,0.2176923076923076,-0.1315384615384615,0.3953846153846153,0.6888888888888889,0.4666666666666667,source_group,,CRC-Prim-HE-03,,
selected_faithfulness,primary_jointly_correct_true_class,ResNet18,gradcam,normalized_zero,native_5,45,15,3,1,0.14762393162393161,0.1138461538461538,-0.153076923076923,0.5230769230769231,0.6,0.6222222222222222,source_group,,CRC-Prim-HE-04,,
selected_faithfulness,primary_jointly_correct_true_class,ResNet18,gradcam,normalized_zero,native_5,72,25,3,1,0.21845984250328632,0.27730769230769226,0.03888438354960923,0.49038461538461536,0.7916666666666666,0.5555555555555556,source_group,,CRC-Prim-HE-05,,
selected_faithfulness,primary_jointly_correct_true_class,ResNet18,gradcam,normalized_zero,native_5,95,35,3,1,0.02238866396761134,-0.0161538461538461,-0.14769230769230765,0.2223076923076923,0.4842105263157895,0.3473684210526316,source_group,,CRC-Prim-HE-06,,
selected_faithfulness,primary_jointly_correct_true_class,ResNet18,gradcam,normalized_zero,native_5,44,17,3,1,0.12617056771870158,0.16269230769230764,-0.09711538461538458,0.3880769230769231,0.6363636363636364,0.5909090909090909,source_group,,CRC-Prim-HE-07,,
selected_faithfulness,primary_jointly_correct_true_class,ResNet18,gradcam,normalized_zero,native_5,39,13,3,1,0.15587771203155817,0.233076923076923,-0.18999999999999995,0.49846153846153846,0.5897435897435898,0.38461538461538464,source_group,,CRC-Prim-HE-08,,
selected_faithfulness,primary_jointly_correct_true_class,ResNet18,gradcam,normalized_zero,native_5,37,13,3,1,0.15983558186310964,0.143076923076923,-0.0653846153846153,0.4218630965203763,0.6486486486486487,0.40540540540540543,source_group,,CRC-Prim-HE-09,,
selected_faithfulness,primary_jointly_correct_true_class,ResNet18,gradcam,normalized_zero,native_5,86,30,3,1,0.1692844364937388,0.2307692307692307,-0.08192307692307688,0.4644230769230769,0.686046511627907,0.3488372093023256,source_group,,CRC-Prim-HE-10,,
selected_faithfulness,primary_jointly_correct_true_class,UNI,gradient_attention_rollout,gaussian_blur,common_14,43,16,3,1,0.08177586954253563,0.0657970021276765,-0.06210265441592484,0.23533855557060773,0.6976744186046512,0.7674418604651163,source_group,,CRC-Prim-HE-01,,
selected_faithfulness,primary_jointly_correct_true_class,UNI,gradient_attention_rollout,gaussian_blur,common_14,21,7,3,1,0.023419848220428356,0.0202663181633449,-0.1367323032297651,0.1199483620078254,0.5238095238095238,1.0,source_group,,CRC-Prim-HE-02,,
selected_faithfulness,primary_jointly_correct_true_class,UNI,gradient_attention_rollout,gaussian_blur,common_14,45,16,3,1,-0.06304540884925529,-0.0197810245443937,-0.1626612691152212,0.0342563890062077,0.4222222222222222,0.9555555555555556,source_group,,CRC-Prim-HE-03,,
selected_faithfulness,primary_jointly_correct_true_class,UNI,gradient_attention_rollout,gaussian_blur,common_14,45,15,3,1,-0.1438842344073461,-0.1736423112782794,-0.3507016551251504,0.036884507805465,0.3333333333333333,0.7777777777777778,source_group,,CRC-Prim-HE-04,,
selected_faithfulness,primary_jointly_correct_true_class,UNI,gradient_attention_rollout,gaussian_blur,common_14,72,25,3,1,0.05308938268573276,0.0933723460627355,-0.05289666823386907,0.20664002422523092,0.6527777777777778,0.8055555555555556,source_group,,CRC-Prim-HE-05,,
selected_faithfulness,primary_jointly_correct_true_class,UNI,gradient_attention_rollout,gaussian_blur,common_14,95,35,3,1,0.09873365227736548,0.131574931497963,-0.0588107324147933,0.21029572313111106,0.7052631578947368,0.7894736842105263,source_group,,CRC-Prim-HE-06,,
selected_faithfulness,primary_jointly_correct_true_class,UNI,gradient_attention_rollout,gaussian_blur,common_14,44,17,3,1,0.04274605602991916,0.0488967160468248,-0.09218218329893456,0.2430328554694037,0.5681818181818182,0.9090909090909091,source_group,,CRC-Prim-HE-07,,
selected_faithfulness,primary_jointly_correct_true_class,UNI,gradient_attention_rollout,gaussian_blur,common_14,39,13,3,1,0.0909020518837881,0.0727984126098701,0.009432699280415,0.19206783064651084,0.7435897435897436,0.8461538461538461,source_group,,CRC-Prim-HE-08,,
selected_faithfulness,primary_jointly_correct_true_class,UNI,gradient_attention_rollout,gaussian_blur,common_14,37,13,3,1,-0.011287171996473966,0.0212209835124991,-0.0833140753372805,0.1090868522340603,0.5135135135135135,0.7027027027027027,source_group,,CRC-Prim-HE-09,,
selected_faithfulness,primary_jointly_correct_true_class,UNI,gradient_attention_rollout,gaussian_blur,common_14,86,30,3,1,0.05079161884523445,0.07122697427009915,-0.06982444676425817,0.1751089736949055,0.6627906976744186,0.872093023255814,source_group,,CRC-Prim-HE-10,,
selected_faithfulness,primary_jointly_correct_true_class,UNI,gradient_attention_rollout,local_mean,common_14,43,16,3,1,-0.00015190956994790716,0.0104535058849779,-0.1401796173369777,0.11995553395118294,0.5116279069767442,0.9767441860465116,source_group,,CRC-Prim-HE-01,,
selected_faithfulness,primary_jointly_correct_true_class,UNI,gradient_attention_rollout,local_mean,common_14,21,7,3,1,0.1412308612972494,0.1343193427312354,0.0584736510769868,0.2123987809285368,0.8571428571428571,1.0,source_group,,CRC-Prim-HE-02,,
selected_faithfulness,primary_jointly_correct_true_class,UNI,gradient_attention_rollout,local_mean,common_14,45,16,3,1,0.035405319299253675,0.0476774856760353,-0.0970985504705591,0.1689152037230355,0.5333333333333333,1.0,source_group,,CRC-Prim-HE-03,,
selected_faithfulness,primary_jointly_correct_true_class,UNI,gradient_attention_rollout,local_mean,common_14,45,15,3,1,-0.002893240038652416,-0.0406139183514092,-0.2655866251225207,0.1984667978866673,0.4888888888888889,0.9777777777777777,source_group,,CRC-Prim-HE-04,,
selected_faithfulness,primary_jointly_correct_true_class,UNI,gradient_attention_rollout,local_mean,common_14,72,25,3,1,0.19239131438329535,0.20855612842559906,0.0556785853740168,0.3179472845566372,0.875,0.9722222222222222,source_group,,CRC-Prim-HE-05,,
selected_faithfulness,primary_jointly_correct_true_class,UNI,gradient_attention_rollout,local_mean,common_14,95,35,3,1,0.1619857101288996,0.1632509622357338,0.09105180533751961,0.2627162540142961,0.8947368421052632,0.9368421052631579,source_group,,CRC-Prim-HE-06,,
selected_faithfulness,primary_jointly_correct_true_class,UNI,gradient_attention_rollout,local_mean,common_14,44,17,3,1,0.09431969131024608,0.0971583166652057,-0.046904315317246675,0.20975384296631572,0.6590909090909091,1.0,source_group,,CRC-Prim-HE-07,,
selected_faithfulness,primary_jointly_correct_true_class,UNI,gradient_attention_rollout,local_mean,common_14,39,13,3,1,0.1334123289579984,0.1703145295603599,0.0859318346627991,0.2132680952115325,0.8205128205128205,1.0,source_group,,CRC-Prim-HE-08,,
selected_faithfulness,primary_jointly_correct_true_class,UNI,gradient_attention_rollout,local_mean,common_14,37,13,3,1,0.20940922524840952,0.1857007387101658,0.0125939325359194,0.4086238634461985,0.7567567567567568,1.0,source_group,,CRC-Prim-HE-09,,
selected_faithfulness,primary_jointly_correct_true_class,UNI,gradient_attention_rollout,local_mean,common_14,86,30,3,1,0.10431489043705611,0.10734247623297655,-0.028354278064212726,0.2522380447688642,0.6627906976744186,0.9651162790697675,source_group,,CRC-Prim-HE-10,,
selected_faithfulness,primary_jointly_correct_true_class,UNI,gradient_attention_rollout,normalized_zero,common_14,43,16,3,1,0.17769759601041768,0.1738718134657221,0.0656248868939991,0.27654222382717175,0.8372093023255814,0.9767441860465116,source_group,,CRC-Prim-HE-01,,
selected_faithfulness,primary_jointly_correct_true_class,UNI,gradient_attention_rollout,normalized_zero,common_14,21,7,3,1,0.20986814637875512,0.1982197642821283,0.1128688570312936,0.2942632421965273,1.0,1.0,source_group,,CRC-Prim-HE-02,,
selected_faithfulness,primary_jointly_correct_true_class,UNI,gradient_attention_rollout,normalized_zero,common_14,45,16,3,1,-0.016600425691958746,0.0099004693638486,-0.2045119492545163,0.1446549099921108,0.5111111111111111,1.0,source_group,,CRC-Prim-HE-03,,
selected_faithfulness,primary_jointly_correct_true_class,UNI,gradient_attention_rollout,normalized_zero,common_14,45,15,3,1,0.07903586010408041,0.0748782761835698,-0.0894532588513734,0.2073058196335933,0.5555555555555556,1.0,source_group,,CRC-Prim-HE-04,,
selected_faithfulness,primary_jointly_correct_true_class,UNI,gradient_attention_rollout,normalized_zero,common_14,72,25,3,1,0.17816456998519895,0.17618356987465034,0.07488844343595437,0.3727462167998789,0.7916666666666666,0.9722222222222222,source_group,,CRC-Prim-HE-05,,
selected_faithfulness,primary_jointly_correct_true_class,UNI,gradient_attention_rollout,normalized_zero,common_14,95,35,3,1,0.15461926138460558,0.1843157567595566,0.0167241750272932,0.31301628031142176,0.7684210526315789,0.9052631578947369,source_group,,CRC-Prim-HE-06,,
selected_faithfulness,primary_jointly_correct_true_class,UNI,gradient_attention_rollout,normalized_zero,common_14,44,17,3,1,0.114438117719256,0.14584306194168412,-0.14691566591494076,0.36524914534341657,0.7045454545454546,1.0,source_group,,CRC-Prim-HE-07,,
selected_faithfulness,primary_jointly_correct_true_class,UNI,gradient_attention_rollout,normalized_zero,common_14,39,13,3,1,0.14798916482751753,0.2302002565961957,-0.023814836360159047,0.2947365904581278,0.7435897435897436,0.9743589743589743,source_group,,CRC-Prim-HE-08,,
selected_faithfulness,primary_jointly_correct_true_class,UNI,gradient_attention_rollout,normalized_zero,common_14,37,13,3,1,0.17820030781349702,0.200846289316195,0.0922295978133541,0.2419463060507295,0.8918918918918919,1.0,source_group,,CRC-Prim-HE-09,,
selected_faithfulness,primary_jointly_correct_true_class,UNI,gradient_attention_rollout,normalized_zero,common_14,86,30,3,1,0.09149821206365633,0.11592729243200595,-0.03954410346723615,0.2504161968586626,0.686046511627907,0.9418604651162791,source_group,,CRC-Prim-HE-10,,
selected_faithfulness,primary_jointly_correct_true_class,UNI,gradient_attention_rollout,normalized_zero,common_7,43,16,3,1,0.15312766967252014,0.145204081632653,-0.03984693877551015,0.27821428571428564,0.6976744186046512,0.8604651162790697,source_group,,CRC-Prim-HE-01,,
selected_faithfulness,primary_jointly_correct_true_class,UNI,gradient_attention_rollout,normalized_zero,common_7,21,7,3,1,0.29159863945578224,0.2858163265306122,0.1482653061224489,0.3974489795918367,1.0,0.9523809523809523,source_group,,CRC-Prim-HE-02,,
selected_faithfulness,primary_jointly_correct_true_class,UNI,gradient_attention_rollout,normalized_zero,common_7,45,16,3,1,0.054764172335600894,0.0818367346938775,-0.1978571428571428,0.2859183673469387,0.5777777777777777,1.0,source_group,,CRC-Prim-HE-03,,
selected_faithfulness,primary_jointly_correct_true_class,UNI,gradient_attention_rollout,normalized_zero,common_7,45,15,3,1,0.17061678004535144,0.1516326530612244,0.0023469387755102,0.263469387755102,0.7555555555555555,0.9333333333333333,source_group,,CRC-Prim-HE-04,,
selected_faithfulness,primary_jointly_correct_true_class,UNI,gradient_attention_rollout,normalized_zero,common_7,72,25,3,1,0.21723432071688323,0.2078061224489795,0.08778061224489792,0.3615051020408162,0.8333333333333334,0.9027777777777778,source_group,,CRC-Prim-HE-05,,
selected_faithfulness,primary_jointly_correct_true_class,UNI,gradient_attention_rollout,normalized_zero,common_7,95,35,3,1,0.20311063372717506,0.2062244897959183,0.06397959183673466,0.33178571428571424,0.8210526315789474,0.8105263157894737,source_group,,CRC-Prim-HE-06,,
selected_faithfulness,primary_jointly_correct_true_class,UNI,gradient_attention_rollout,normalized_zero,common_7,44,17,3,1,0.17704081632653057,0.2519897959183673,-0.04362244897959178,0.3946173469387754,0.7272727272727273,0.9545454545454546,source_group,,CRC-Prim-HE-07,,
selected_faithfulness,primary_jointly_correct_true_class,UNI,gradient_attention_rollout,normalized_zero,common_7,39,13,3,1,0.21632391418105704,0.2294897959183673,0.10204081632653056,0.350204081632653,0.7948717948717948,0.9230769230769231,source_group,,CRC-Prim-HE-08,,
selected_faithfulness,primary_jointly_correct_true_class,UNI,gradient_attention_rollout,normalized_zero,common_7,37,13,3,1,0.18471869829012683,0.1677551020408163,0.0311224489795918,0.3663265306122448,0.7837837837837838,0.9459459459459459,source_group,,CRC-Prim-HE-09,,
selected_faithfulness,primary_jointly_correct_true_class,UNI,gradient_attention_rollout,normalized_zero,common_7,86,30,3,1,0.17864855244423347,0.21974489795918362,0.054668367346938695,0.37364795918367344,0.7674418604651163,0.8255813953488372,source_group,,CRC-Prim-HE-10,,
selected_faithfulness,primary_jointly_correct_true_class,UNI,gradient_attention_rollout,normalized_zero,native_14,43,16,3,1,0.17769759601041768,0.1738718134657221,0.0656248868939991,0.27654222382717175,0.8372093023255814,0.9767441860465116,source_group,,CRC-Prim-HE-01,,
selected_faithfulness,primary_jointly_correct_true_class,UNI,gradient_attention_rollout,normalized_zero,native_14,21,7,3,1,0.20986814637875512,0.1982197642821283,0.1128688570312936,0.2942632421965273,1.0,1.0,source_group,,CRC-Prim-HE-02,,
selected_faithfulness,primary_jointly_correct_true_class,UNI,gradient_attention_rollout,normalized_zero,native_14,45,16,3,1,-0.016600425691958746,0.0099004693638486,-0.2045119492545163,0.1446549099921108,0.5111111111111111,1.0,source_group,,CRC-Prim-HE-03,,
selected_faithfulness,primary_jointly_correct_true_class,UNI,gradient_attention_rollout,normalized_zero,native_14,45,15,3,1,0.07903586010408041,0.0748782761835698,-0.0894532588513734,0.2073058196335933,0.5555555555555556,1.0,source_group,,CRC-Prim-HE-04,,
selected_faithfulness,primary_jointly_correct_true_class,UNI,gradient_attention_rollout,normalized_zero,native_14,72,25,3,1,0.17816456998519895,0.17618356987465034,0.07488844343595437,0.3727462167998789,0.7916666666666666,0.9722222222222222,source_group,,CRC-Prim-HE-05,,
selected_faithfulness,primary_jointly_correct_true_class,UNI,gradient_attention_rollout,normalized_zero,native_14,95,35,3,1,0.15461926138460558,0.1843157567595566,0.0167241750272932,0.31301628031142176,0.7684210526315789,0.9052631578947369,source_group,,CRC-Prim-HE-06,,
selected_faithfulness,primary_jointly_correct_true_class,UNI,gradient_attention_rollout,normalized_zero,native_14,44,17,3,1,0.114438117719256,0.14584306194168412,-0.14691566591494076,0.36524914534341657,0.7045454545454546,1.0,source_group,,CRC-Prim-HE-07,,
selected_faithfulness,primary_jointly_correct_true_class,UNI,gradient_attention_rollout,normalized_zero,native_14,39,13,3,1,0.14798916482751753,0.2302002565961957,-0.023814836360159047,0.2947365904581278,0.7435897435897436,0.9743589743589743,source_group,,CRC-Prim-HE-08,,
selected_faithfulness,primary_jointly_correct_true_class,UNI,gradient_attention_rollout,normalized_zero,native_14,37,13,3,1,0.17820030781349702,0.200846289316195,0.0922295978133541,0.2419463060507295,0.8918918918918919,1.0,source_group,,CRC-Prim-HE-09,,
selected_faithfulness,primary_jointly_correct_true_class,UNI,gradient_attention_rollout,normalized_zero,native_14,86,30,3,1,0.09149821206365633,0.11592729243200595,-0.03954410346723615,0.2504161968586626,0.686046511627907,0.9418604651162791,source_group,,CRC-Prim-HE-10,,
selected_training_regime,training_regime_jointly_correct_true_class,FrozenResNet18,gradcam,normalized_zero,common_14,35,14,3,1,0.031734097655750255,-0.0010744377507056,-0.11280941925532895,0.22937755636121931,0.4857142857142857,0.2571428571428571,source_group,,CRC-Prim-HE-01,,
selected_training_regime,training_regime_jointly_correct_true_class,FrozenResNet18,gradcam,normalized_zero,common_14,24,9,3,1,0.10951425335060529,0.1330261552793604,-0.05251938331937378,0.2656500049125141,0.6666666666666666,0.16666666666666666,source_group,,CRC-Prim-HE-02,,
selected_training_regime,training_regime_jointly_correct_true_class,FrozenResNet18,gradcam,normalized_zero,common_14,43,15,3,1,0.1241155667900715,0.081313311265428,-0.0114697662506009,0.2543686205058815,0.6744186046511628,0.0,source_group,,CRC-Prim-HE-03,,
selected_training_regime,training_regime_jointly_correct_true_class,FrozenResNet18,gradcam,normalized_zero,common_14,44,15,3,1,0.04883484023181888,0.078509062405223,-0.08710939289119266,0.14324741210764896,0.6363636363636364,0.11363636363636363,source_group,,CRC-Prim-HE-04,,
selected_training_regime,training_regime_jointly_correct_true_class,FrozenResNet18,gradcam,normalized_zero,common_14,68,24,3,1,0.09259529521935236,0.07345345850666274,-0.0360376379275586,0.2203237538104453,0.6764705882352942,0.10294117647058823,source_group,,CRC-Prim-HE-05,,
selected_training_regime,training_regime_jointly_correct_true_class,FrozenResNet18,gradcam,normalized_zero,common_14,113,41,3,1,0.2200882776697765,0.276007994253151,0.0132801304277237,0.4294643664139567,0.7699115044247787,0.035398230088495575,source_group,,CRC-Prim-HE-06,,
selected_training_regime,training_regime_jointly_correct_true_class,FrozenResNet18,gradcam,normalized_zero,common_14,51,19,3,1,0.21487669163217105,0.2235156299071095,0.10914228781538646,0.3504641984215727,0.8431372549019608,0.0784313725490196,source_group,,CRC-Prim-HE-07,,
selected_training_regime,training_regime_jointly_correct_true_class,FrozenResNet18,gradcam,normalized_zero,common_14,35,13,3,1,0.20623857035287751,0.1972039642559175,0.10247112567756715,0.3228383603611277,0.8285714285714286,0.05714285714285714,source_group,,CRC-Prim-HE-08,,
selected_training_regime,training_regime_jointly_correct_true_class,FrozenResNet18,gradcam,normalized_zero,common_14,40,15,3,1,0.1034524102426311,0.15128149637547317,-0.07497791826030115,0.2781370123079576,0.65,0.05,source_group,,CRC-Prim-HE-09,,
selected_training_regime,training_regime_jointly_correct_true_class,FrozenResNet18,gradcam,normalized_zero,common_14,93,32,3,1,0.11714756756406096,0.0945625012830908,-0.016632752876489,0.2575238114089236,0.7096774193548387,0.12903225806451613,source_group,,CRC-Prim-HE-10,,
selected_training_regime,training_regime_jointly_correct_true_class,ResNet18,gradcam,normalized_zero,common_14,35,14,3,1,-0.09247334063489449,-0.0630422041143911,-0.2750376527026273,0.0801432794906326,0.37142857142857144,0.34285714285714286,source_group,,CRC-Prim-HE-01,,
selected_training_regime,training_regime_jointly_correct_true_class,ResNet18,gradcam,normalized_zero,common_14,24,9,3,1,0.11902962278234215,0.1416219748344476,-0.055321183530030446,0.32049781255727594,0.6666666666666666,0.2916666666666667,source_group,,CRC-Prim-HE-02,,
selected_training_regime,training_regime_jointly_correct_true_class,ResNet18,gradcam,normalized_zero,common_14,43,15,3,1,0.035591371101956516,0.0618364956290989,-0.10136824741610814,0.1685454501988222,0.5581395348837209,0.023255813953488372,source_group,,CRC-Prim-HE-03,,
selected_training_regime,training_regime_jointly_correct_true_class,ResNet18,gradcam,normalized_zero,common_14,44,15,3,1,-0.00607014450379209,0.017056475069528,-0.19484815402146802,0.11016862035716275,0.5227272727272727,0.20454545454545456,source_group,,CRC-Prim-HE-04,,
selected_training_regime,training_regime_jointly_correct_true_class,ResNet18,gradcam,normalized_zero,common_14,68,24,3,1,0.01882479881416899,0.06420722135007845,-0.179439632158994,0.2252699439791535,0.6029411764705882,0.14705882352941177,source_group,,CRC-Prim-HE-05,,
selected_training_regime,training_regime_jointly_correct_true_class,ResNet18,gradcam,normalized_zero,common_14,113,41,3,1,-0.09457256216648345,-0.1019961909011945,-0.2760959127891688,0.1242658719090916,0.4336283185840708,0.08849557522123894,source_group,,CRC-Prim-HE-06,,
selected_training_regime,training_regime_jointly_correct_true_class,ResNet18,gradcam,normalized_zero,common_14,51,19,3,1,0.0814351378038093,0.0544525815011674,-0.1301978659484098,0.3132688920941278,0.5686274509803921,0.27450980392156865,source_group,,CRC-Prim-HE-07,,
selected_training_regime,training_regime_jointly_correct_true_class,ResNet18,gradcam,normalized_zero,common_14,35,13,3,1,0.1106137916618872,0.1666791511606595,-0.09237383356310115,0.35584951669070597,0.6857142857142857,0.17142857142857143,source_group,,CRC-Prim-HE-08,,
selected_training_regime,training_regime_jointly_correct_true_class,ResNet18,gradcam,normalized_zero,common_14,40,15,3,1,0.014703103591736674,-0.0323390894819466,-0.10241375738112506,0.16057423359816392,0.425,0.225,source_group,,CRC-Prim-HE-09,,
selected_training_regime,training_regime_jointly_correct_true_class,ResNet18,gradcam,normalized_zero,common_14,93,32,3,1,0.04402197350788354,0.0277920773932376,-0.1030799512307851,0.2083800173720406,0.5376344086021505,0.15053763440860216,source_group,,CRC-Prim-HE-10,,
random_prediction_independent,primary_jointly_correct_true_class,DINOv2,gradient_attention_rollout,normalized_zero,common_14,287,100,3,10,0.050448343678033386,0.0628995370112121,-0.03756106112886385,0.16643610196909692,0.686411149825784,0.7700348432055749,correctness,,,True,
random_prediction_independent,primary_jointly_correct_true_class,ResNet18,gradcam,normalized_zero,common_14,287,100,3,10,0.024757154703834584,0.0153511463156133,-0.1664488520906215,0.2168038632868219,0.5261324041811847,0.20209059233449478,correctness,,,True,
random_prediction_independent,primary_jointly_correct_true_class,UNI,gradient_attention_rollout,normalized_zero,common_14,287,100,3,10,0.09619961902007221,0.1100303612268804,-0.034318545848640095,0.2433719290136984,0.7142857142857143,0.9337979094076655,correctness,,,True,
selected_faithfulness,primary_jointly_correct_true_class,DINOv2,gradient_attention_rollout,gaussian_blur,common_14,527,187,3,10,0.04114655417792941,0.0444548924606937,-0.0431719114822813,0.13764393691877375,0.6451612903225806,0.7001897533206831,correctness,,,True,
selected_faithfulness,primary_jointly_correct_true_class,DINOv2,gradient_attention_rollout,local_mean,common_14,527,187,3,10,0.06603887704162219,0.062319406481843,-0.0304711966785933,0.17865390592004077,0.6850094876660342,0.7495256166982922,correctness,,,True,
selected_faithfulness,primary_jointly_correct_true_class,DINOv2,gradient_attention_rollout,normalized_zero,common_14,527,187,3,10,0.043202709105253576,0.0568113539832176,-0.10033947198559229,0.1740646590537816,0.5996204933586338,0.7115749525616698,correctness,,,True,
selected_faithfulness,primary_jointly_correct_true_class,DINOv2,gradient_attention_rollout,normalized_zero,common_7,527,187,3,10,-0.02982873384443418,-0.0294897959183673,-0.20892857142857135,0.14938775510204075,0.45351043643263755,0.7400379506641366,correctness,,,True,
selected_faithfulness,primary_jointly_correct_true_class,DINOv2,gradient_attention_rollout,normalized_zero,native_16,527,187,3,10,0.08664943000978288,0.1038206153833515,-0.027828521972991502,0.19863276779583422,0.7115749525616698,0.8273244781783681,correctness,,,True,
selected_faithfulness,primary_jointly_correct_true_class,ResNet18,gradcam,gaussian_blur,common_14,527,187,3,10,0.02934007143754424,0.032498466001004,-0.07411729629449945,0.14465889440508728,0.5806451612903226,0.47248576850094876,correctness,,,True,
selected_faithfulness,primary_jointly_correct_true_class,ResNet18,gradcam,local_mean,common_14,527,187,3,10,0.020407367917600734,0.0292424037166604,-0.09475332499262881,0.14241248236897255,0.5521821631878557,0.3757115749525617,correctness,,,True,
selected_faithfulness,primary_jointly_correct_true_class,ResNet18,gradcam,normalized_zero,common_14,527,187,3,10,0.014138241038034367,0.0252069902541258,-0.15426212656089375,0.20529130043270724,0.5313092979127134,0.17267552182163187,correctness,,,True,
selected_faithfulness,primary_jointly_correct_true_class,ResNet18,gradcam,normalized_zero,common_7,527,187,3,10,0.06861793550901107,0.093469387755102,-0.1932653061224489,0.3512244897959183,0.5901328273244781,0.286527514231499,correctness,,,True,
selected_faithfulness,primary_jointly_correct_true_class,ResNet18,gradcam,normalized_zero,native_5,527,187,3,10,0.12886131837605155,0.1569230769230769,-0.12730769230769223,0.42538461538461536,0.6299810246679317,0.4648956356736243,correctness,,,True,
selected_faithfulness,primary_jointly_correct_true_class,UNI,gradient_attention_rollout,gaussian_blur,common_14,527,187,3,10,0.03277976873195113,0.0534963223868227,-0.10144076373227931,0.1743217231477491,0.6053130929791272,0.8330170777988615,correctness,,,True,
selected_faithfulness,primary_jointly_correct_true_class,UNI,gradient_attention_rollout,local_mean,common_14,527,187,3,10,0.11335018178196395,0.1234355202448023,-0.020542836423909652,0.25355130728589753,0.7210626185958254,0.9753320683111955,correctness,,,True,
selected_faithfulness,primary_jointly_correct_true_class,UNI,gradient_attention_rollout,normalized_zero,common_14,527,187,3,10,0.12835600257289076,0.1514475372343392,-0.015595789272366451,0.2804843452414155,0.7343453510436433,0.9658444022770398,correctness,,,True,
selected_faithfulness,primary_jointly_correct_true_class,UNI,gradient_attention_rollout,normalized_zero,common_7,527,187,3,10,0.18256429088367593,0.198469387755102,0.03163265306122445,0.34295918367346934,0.7722960151802657,0.8918406072106262,correctness,,,True,
selected_faithfulness,primary_jointly_correct_true_class,UNI,gradient_attention_rollout,normalized_zero,native_14,527,187,3,10,0.12835600257289076,0.1514475372343392,-0.015595789272366451,0.2804843452414155,0.7343453510436433,0.9658444022770398,correctness,,,True,
selected_training_regime,training_regime_jointly_correct_true_class,FrozenResNet18,gradcam,normalized_zero,common_14,546,197,3,10,0.13846350681482408,0.1406887486010729,-0.019854704434072175,0.3129731652754798,0.7087912087912088,0.08974358974358974,correctness,,,True,
selected_training_regime,training_regime_jointly_correct_true_class,ResNet18,gradcam,normalized_zero,common_14,546,197,3,10,0.007662483213161186,0.0190391189666026,-0.1658719090916335,0.2067687207643698,0.5238095238095238,0.1684981684981685,correctness,,,True,
random_prediction_independent,primary_jointly_correct_true_class,DINOv2,gradient_attention_rollout,normalized_zero,common_14,95,36,3,9,0.010177154645442152,0.0339456047940456,-0.08037596920845645,0.11564997728884605,0.6421052631578947,0.8526315789473684,confidence,,,,high
random_prediction_independent,primary_jointly_correct_true_class,DINOv2,gradient_attention_rollout,normalized_zero,common_14,37,19,3,9,0.11440981259690468,0.1264939556455147,0.0092087752711393,0.1909537887782993,0.7567567567567568,0.7297297297297297,confidence,,,,low
random_prediction_independent,primary_jointly_correct_true_class,DINOv2,gradient_attention_rollout,normalized_zero,common_14,155,64,3,10,0.059862463730278086,0.0669477005952713,-0.0399421463235821,0.1896763859780538,0.6967741935483871,0.7290322580645161,confidence,,,,middle
random_prediction_independent,primary_jointly_correct_true_class,ResNet18,gradcam,normalized_zero,common_14,91,51,3,10,0.004531627355709544,0.0051080174357911,-0.1733952776737403,0.1508403126967304,0.5054945054945055,0.08791208791208792,confidence,,,,high
random_prediction_independent,primary_jointly_correct_true_class,ResNet18,gradcam,normalized_zero,common_14,39,26,3,9,-0.03816297255760944,-0.0830526978460263,-0.18729291013554974,0.1800452904577218,0.4358974358974359,0.358974358974359,confidence,,,,low
random_prediction_independent,primary_jointly_correct_true_class,ResNet18,gradcam,normalized_zero,common_14,157,80,3,10,0.05211007159476258,0.0392831244172796,-0.1301245527496434,0.246547506155918,0.5605095541401274,0.22929936305732485,confidence,,,,middle
random_prediction_independent,primary_jointly_correct_true_class,UNI,gradient_attention_rollout,normalized_zero,common_14,94,41,3,8,-0.003423788263202298,0.0243463570512156,-0.18247535640574075,0.15524946409645468,0.5106382978723404,0.9787234042553191,confidence,,,,high
random_prediction_independent,primary_jointly_correct_true_class,UNI,gradient_attention_rollout,normalized_zero,common_14,36,17,3,7,0.1806614817713884,0.1921825817402322,0.057306218074890974,0.2714090478049869,0.8611111111111112,0.7222222222222222,confidence,,,,low
random_prediction_independent,primary_jointly_correct_true_class,UNI,gradient_attention_rollout,normalized_zero,common_14,157,66,3,10,0.13647970325943795,0.1475491875781941,0.0212034520954027,0.2857079106535234,0.802547770700637,0.9554140127388535,confidence,,,,middle
selected_faithfulness,primary_jointly_correct_true_class,DINOv2,gradient_attention_rollout,gaussian_blur,common_14,190,80,3,10,0.038375053352209865,0.04757707846902915,-0.01915347161902635,0.12273665420873538,0.7052631578947368,0.7105263157894737,confidence,,,,high
selected_faithfulness,primary_jointly_correct_true_class,DINOv2,gradient_attention_rollout,gaussian_blur,common_14,62,35,3,10,0.04806140296248771,0.042485006059022,-0.042810126784020824,0.16077425112958102,0.6290322580645161,0.7258064516129032,confidence,,,,low
selected_faithfulness,primary_jointly_correct_true_class,DINOv2,gradient_attention_rollout,gaussian_blur,common_14,275,117,3,10,0.04150242520427158,0.0408577644255671,-0.0556885464064579,0.14580879599008673,0.6072727272727273,0.6872727272727273,confidence,,,,middle
selected_faithfulness,primary_jointly_correct_true_class,DINOv2,gradient_attention_rollout,local_mean,common_14,190,80,3,10,0.02576924175267127,0.044599925093036,-0.06864386519934018,0.1403314234713799,0.6526315789473685,0.8473684210526315,confidence,,,,high
selected_faithfulness,primary_jointly_correct_true_class,DINOv2,gradient_attention_rollout,local_mean,common_14,62,35,3,10,0.10609243917388228,0.11393508594378784,0.028442333590992,0.18328261613616426,0.8064516129032258,0.7580645161290323,confidence,,,,low
selected_faithfulness,primary_jointly_correct_true_class,DINOv2,gradient_attention_rollout,local_mean,common_14,275,117,3,10,0.08483127650598782,0.0643036441441082,-0.0225971997545601,0.20660057853676417,0.68,0.68,confidence,,,,middle
selected_faithfulness,primary_jointly_correct_true_class,DINOv2,gradient_attention_rollout,normalized_zero,common_14,190,80,3,10,0.004668394131597308,0.006097745619137901,-0.12161883914225832,0.1229183434404609,0.5368421052631579,0.7578947368421053,confidence,,,,high
selected_faithfulness,primary_jointly_correct_true_class,DINOv2,gradient_attention_rollout,normalized_zero,common_14,62,35,3,10,0.11743635619336103,0.1399246149064858,-0.028569037923642675,0.2506247559547052,0.7096774193548387,0.7096774193548387,confidence,,,,low
selected_faithfulness,primary_jointly_correct_true_class,DINOv2,gradient_attention_rollout,normalized_zero,common_14,275,117,3,10,0.05309010447082459,0.0639338906198949,-0.09368868984532505,0.1904358150913626,0.6181818181818182,0.68,confidence,,,,middle
selected_faithfulness,primary_jointly_correct_true_class,DINOv2,gradient_attention_rollout,normalized_zero,common_7,190,80,3,10,-0.0838181948512163,-0.07836734693877545,-0.22872448979591833,0.10124999999999995,0.3631578947368421,0.7368421052631579,confidence,,,,high
selected_faithfulness,primary_jointly_correct_true_class,DINOv2,gradient_attention_rollout,normalized_zero,common_7,62,35,3,10,0.13015470704410792,0.13367346938775504,-0.01903061224489795,0.27808673469387746,0.7419354838709677,0.7419354838709677,confidence,,,,low
selected_faithfulness,primary_jointly_correct_true_class,DINOv2,gradient_attention_rollout,normalized_zero,common_7,275,117,3,10,-0.02859591836734693,-0.0408163265306122,-0.21178571428571424,0.14382653061224485,0.4509090909090909,0.7418181818181818,confidence,,,,middle
selected_faithfulness,primary_jointly_correct_true_class,DINOv2,gradient_attention_rollout,normalized_zero,native_16,190,80,3,10,0.032241882079272165,0.0323332713435568,-0.11034043116273737,0.1511691033417257,0.5684210526315789,0.9157894736842105,confidence,,,,high
selected_faithfulness,primary_jointly_correct_true_class,DINOv2,gradient_attention_rollout,normalized_zero,native_16,62,35,3,10,0.12377359709926472,0.1384867103456168,0.0047150377660792,0.22548369907301433,0.7419354838709677,0.7903225806451613,confidence,,,,low
selected_faithfulness,primary_jointly_correct_true_class,DINOv2,gradient_attention_rollout,normalized_zero,native_16,275,117,3,10,0.11587028727250709,0.1350795376516365,0.03460924982833595,0.21508103971160442,0.8036363636363636,0.7745454545454545,confidence,,,,middle
selected_faithfulness,primary_jointly_correct_true_class,ResNet18,gradcam,gaussian_blur,common_14,197,95,3,10,0.020786368363912167,0.0187841165361107,-0.0824598500505488,0.1453657292671071,0.5431472081218274,0.4467005076142132,confidence,,,,high
selected_faithfulness,primary_jointly_correct_true_class,ResNet18,gradcam,gaussian_blur,common_14,57,42,3,9,0.015812052183077966,0.0211859206783064,-0.0943620556383428,0.1530652089027723,0.5263157894736842,0.543859649122807,confidence,,,,low
selected_faithfulness,primary_jointly_correct_true_class,ResNet18,gradcam,gaussian_blur,common_14,273,134,3,10,0.038337055331354106,0.0428037517232586,-0.0585023388504171,0.1368622496243801,0.6190476190476191,0.47619047619047616,confidence,,,,middle
selected_faithfulness,primary_jointly_correct_true_class,ResNet18,gradcam,local_mean,common_14,197,95,3,10,0.014406426533781571,0.0132043498650688,-0.1033939229733283,0.1390129812174772,0.5279187817258884,0.2639593908629442,confidence,,,,high
selected_faithfulness,primary_jointly_correct_true_class,ResNet18,gradcam,local_mean,common_14,57,42,3,9,0.018471990599733073,5.896931205125549e-05,-0.1038736462956912,0.1544868474527647,0.5087719298245614,0.5614035087719298,confidence,,,,low
selected_faithfulness,primary_jointly_correct_true_class,ResNet18,gradcam,local_mean,common_14,273,134,3,10,0.025141807330534185,0.0461283459107969,-0.089102630509447,0.14318227095602,0.5787545787545788,0.4175824175824176,confidence,,,,middle
selected_faithfulness,primary_jointly_correct_true_class,ResNet18,gradcam,normalized_zero,common_14,197,95,3,10,0.03575774236607523,0.0254476487979026,-0.1203499908358501,0.1805225956059893,0.5583756345177665,0.1218274111675127,confidence,,,,high
selected_faithfulness,primary_jointly_correct_true_class,ResNet18,gradcam,normalized_zero,common_14,57,42,3,9,-0.06959740130645305,-0.0557228123580552,-0.2414761453195101,0.15783056682259,0.40350877192982454,0.2982456140350877,confidence,,,,low
selected_faithfulness,primary_jointly_correct_true_class,ResNet18,gradcam,normalized_zero,common_14,273,134,3,10,0.016020621448333754,0.0304998844520236,-0.1575883145136227,0.224652359967806,0.5384615384615384,0.18315018315018314,confidence,,,,middle
selected_faithfulness,primary_jointly_correct_true_class,ResNet18,gradcam,normalized_zero,common_7,197,95,3,10,0.11819330777996476,0.1372448979591836,-0.1131632653061224,0.371734693877551,0.6751269035532995,0.27411167512690354,confidence,,,,high
selected_faithfulness,primary_jointly_correct_true_class,ResNet18,gradcam,normalized_zero,common_7,57,42,3,9,-0.0378534391331009,-0.0958163265306122,-0.3386734693877551,0.2582916637595153,0.42105263157894735,0.3333333333333333,confidence,,,,low
selected_faithfulness,primary_jointly_correct_true_class,ResNet18,gradcam,normalized_zero,common_7,273,134,3,10,0.055074052788214395,0.09,-0.2206122448979591,0.3343877551020408,0.5641025641025641,0.2857142857142857,confidence,,,,middle
selected_faithfulness,primary_jointly_correct_true_class,ResNet18,gradcam,normalized_zero,native_5,197,95,3,10,0.15534556813744632,0.1769230769230769,-0.0761538461538461,0.4330769230769231,0.6751269035532995,0.49238578680203043,confidence,,,,high
selected_faithfulness,primary_jointly_correct_true_class,ResNet18,gradcam,normalized_zero,native_5,57,42,3,9,0.10127346317519427,0.1607692307692307,-0.1792307692307692,0.3484615384615385,0.6491228070175439,0.3684210526315789,confidence,,,,low
selected_faithfulness,primary_jointly_correct_true_class,ResNet18,gradcam,normalized_zero,native_5,273,134,3,10,0.11551007494548045,0.1407692307692307,-0.1576923076923077,0.4415384615384615,0.5934065934065934,0.4652014652014652,confidence,,,,middle
selected_faithfulness,primary_jointly_correct_true_class,UNI,gradient_attention_rollout,gaussian_blur,common_14,198,88,3,10,0.007130898238016548,0.029041589302648,-0.1019686984516571,0.12124528843165537,0.5404040404040404,0.8434343434343434,confidence,,,,high
selected_faithfulness,primary_jointly_correct_true_class,UNI,gradient_attention_rollout,gaussian_blur,common_14,46,29,3,7,0.08808207060798433,0.12134848472774505,-0.0499924296153447,0.24084381898014967,0.6739130434782609,0.6956521739130435,confidence,,,,low
selected_faithfulness,primary_jointly_correct_true_class,UNI,gradient_attention_rollout,gaussian_blur,common_14,283,126,3,10,0.04173584813655016,0.0657970021276765,-0.11791312385946176,0.19956569898556845,0.6395759717314488,0.8480565371024735,confidence,,,,middle
selected_faithfulness,primary_jointly_correct_true_class,UNI,gradient_attention_rollout,local_mean,common_14,198,88,3,10,0.07804777525956791,0.0959374925292256,-0.050414981590784655,0.21170580688347188,0.6464646464646465,0.98989898989899,confidence,,,,high
selected_faithfulness,primary_jointly_correct_true_class,UNI,gradient_attention_rollout,local_mean,common_14,46,29,3,7,0.1406950084069386,0.15374654352174294,0.02314266589103425,0.28691000804851424,0.7608695652173914,0.8260869565217391,confidence,,,,low
selected_faithfulness,primary_jointly_correct_true_class,UNI,gradient_attention_rollout,local_mean,common_14,283,126,3,10,0.13360464986212503,0.1515081003115811,0.01575197826104275,0.2737753906716923,0.7667844522968198,0.9893992932862191,confidence,,,,middle
selected_faithfulness,primary_jointly_correct_true_class,UNI,gradient_attention_rollout,normalized_zero,common_14,198,88,3,10,0.07924420203323784,0.13464370123505842,-0.08596809282088463,0.2473105212409056,0.6262626262626263,0.9848484848484849,confidence,,,,high
selected_faithfulness,primary_jointly_correct_true_class,UNI,gradient_attention_rollout,normalized_zero,common_14,46,29,3,7,0.16275280667247122,0.1803185936615958,0.01419407278725625,0.2854297986277682,0.7608695652173914,0.782608695652174,confidence,,,,low
selected_faithfulness,primary_jointly_correct_true_class,UNI,gradient_attention_rollout,normalized_zero,common_14,283,126,3,10,0.15712590899787512,0.1715401349919116,0.04252803034528915,0.3011522922327854,0.8056537102473498,0.9823321554770318,confidence,,,,middle
selected_faithfulness,primary_jointly_correct_true_class,UNI,gradient_attention_rollout,normalized_zero,common_7,198,88,3,10,0.1375152219634265,0.15283350499147094,-0.03316326530612242,0.2940051020408163,0.696969696969697,0.9141414141414141,confidence,,,,high
selected_faithfulness,primary_jointly_correct_true_class,UNI,gradient_attention_rollout,normalized_zero,common_7,46,29,3,7,0.17648624667258203,0.1690306122448979,0.000331632653061225,0.3907142857142857,0.7391304347826086,0.717391304347826,confidence,,,,low
selected_faithfulness,primary_jointly_correct_true_class,UNI,gradient_attention_rollout,normalized_zero,common_7,283,126,3,10,0.21507067137809183,0.2172448979591836,0.0929081632653061,0.3728571428571428,0.8303886925795053,0.9045936395759717,confidence,,,,middle
selected_faithfulness,primary_jointly_correct_true_class,UNI,gradient_attention_rollout,normalized_zero,native_14,198,88,3,10,0.07924420203323784,0.13464370123505842,-0.08596809282088463,0.2473105212409056,0.6262626262626263,0.9848484848484849,confidence,,,,high
selected_faithfulness,primary_jointly_correct_true_class,UNI,gradient_attention_rollout,normalized_zero,native_14,46,29,3,7,0.16275280667247122,0.1803185936615958,0.01419407278725625,0.2854297986277682,0.7608695652173914,0.782608695652174,confidence,,,,low
selected_faithfulness,primary_jointly_correct_true_class,UNI,gradient_attention_rollout,normalized_zero,native_14,283,126,3,10,0.15712590899787512,0.1715401349919116,0.04252803034528915,0.3011522922327854,0.8056537102473498,0.9823321554770318,confidence,,,,middle
selected_training_regime,training_regime_jointly_correct_true_class,FrozenResNet18,gradcam,normalized_zero,common_14,194,78,3,9,0.13522076852884976,0.1489758489145091,-0.038561190951778845,0.31659476918741136,0.6752577319587629,0.020618556701030927,confidence,,,,high
selected_training_regime,training_regime_jointly_correct_true_class,FrozenResNet18,gradcam,normalized_zero,common_14,70,43,3,9,0.15198870657093796,0.15257482026049785,0.008775430019933325,0.3405118575011338,0.7571428571428571,0.17142857142857143,confidence,,,,low
selected_training_regime,training_regime_jointly_correct_true_class,FrozenResNet18,gradcam,normalized_zero,common_14,282,125,3,10,0.13733700768202636,0.13084247351410686,-0.014406991584967301,0.29147448454903463,0.7198581560283688,0.11702127659574468,confidence,,,,middle
selected_training_regime,training_regime_jointly_correct_true_class,ResNet18,gradcam,normalized_zero,common_14,191,90,3,10,0.03638435159394474,0.026794380383938,-0.1222911968379698,0.1787567037748328,0.5602094240837696,0.1256544502617801,confidence,,,,high
selected_training_regime,training_regime_jointly_correct_true_class,ResNet18,gradcam,normalized_zero,common_14,72,48,3,10,-0.07657930529596725,-0.06017579230052035,-0.24578476275865155,0.16195483269449912,0.4027777777777778,0.2222222222222222,confidence,,,,low
selected_training_regime,training_regime_jointly_correct_true_class,ResNet18,gradcam,normalized_zero,common_14,283,138,3,10,0.009710299156368205,0.0277920773932376,-0.165909362573612,0.2255982596084119,0.5300353356890459,0.18374558303886926,confidence,,,,middle
