cohort_id,path,relative_path,case_id,label,class_name,fold,uni_prediction,uni_predicted_class_name,uni_confidence,uni_correct,cnn_prediction,cnn_predicted_class_name,cnn_confidence,cnn_correct,joint_confidence,both_correct,either_incorrect,cohort_stratum,reference_seed,selection_seed,selected_without_attribution
8e4a21d1b45b86e6,Colorectal Histology MNIST/Kather_texture_2016_image_tiles_5000/Kather_texture_2016_image_tiles_5000/01_TUMOR/27_CRC-Prim-HE-01_041.tif_Row_1_Col_151.tif,01_TUMOR/27_CRC-Prim-HE-01_041.tif_Row_1_Col_151.tif,CRC-Prim-HE-01,0,01_TUMOR,0,0,01_TUMOR,0.9987484,True,0,01_TUMOR,0.9990864,True,0.9989174,True,False,correct_high_confidence,41,2027,True
6dfec46ce602f4f6,Colorectal Histology MNIST/Kather_texture_2016_image_tiles_5000/Kather_texture_2016_image_tiles_5000/01_TUMOR/4E0F_CRC-Prim-HE-01_039.tif_Row_1_Col_901.tif,01_TUMOR/4E0F_CRC-Prim-HE-01_039.tif_Row_1_Col_901.tif,CRC-Prim-HE-01,0,01_TUMOR,0,0,01_TUMOR,0.99928814,True,0,01_TUMOR,0.99995863,True,0.9996234,True,False,correct_high_confidence,41,2027,True
50f0d4586f4e50cd,Colorectal Histology MNIST/Kather_texture_2016_image_tiles_5000/Kather_texture_2016_image_tiles_5000/01_TUMOR/17C99_CRC-Prim-HE-03_034.tif_Row_301_Col_151.tif,01_TUMOR/17C99_CRC-Prim-HE-03_034.tif_Row_301_Col_151.tif,CRC-Prim-HE-03,0,01_TUMOR,2,0,01_TUMOR,0.99973136,True,0,01_TUMOR,0.9999558,True,0.9998436,True,False,correct_high_confidence,41,2027,True
50abad0d894a9a24,Colorectal Histology MNIST/Kather_texture_2016_image_tiles_5000/Kather_texture_2016_image_tiles_5000/01_TUMOR/A77A_CRC-Prim-HE-03_034.tif_Row_151_Col_301.tif,01_TUMOR/A77A_CRC-Prim-HE-03_034.tif_Row_151_Col_301.tif,CRC-Prim-HE-03,0,01_TUMOR,2,0,01_TUMOR,0.9996511,True,0,01_TUMOR,0.99986255,True,0.9997568,True,False,correct_high_confidence,41,2027,True
f84b95d53252404b,Colorectal Histology MNIST/Kather_texture_2016_image_tiles_5000/Kather_texture_2016_image_tiles_5000/01_TUMOR/142DB_CRC-Prim-HE-04_032.tif_Row_151_Col_151.tif,01_TUMOR/142DB_CRC-Prim-HE-04_032.tif_Row_151_Col_151.tif,CRC-Prim-HE-04,0,01_TUMOR,3,0,01_TUMOR,0.9995167,True,0,01_TUMOR,0.99999285,True,0.9997548,True,False,correct_high_confidence,41,2027,True
39f8deff00e87441,Colorectal Histology MNIST/Kather_texture_2016_image_tiles_5000/Kather_texture_2016_image_tiles_5000/01_TUMOR/2D96_CRC-Prim-HE-04_032.tif_Row_601_Col_151.tif,01_TUMOR/2D96_CRC-Prim-HE-04_032.tif_Row_601_Col_151.tif,CRC-Prim-HE-04,0,01_TUMOR,3,0,01_TUMOR,0.99945956,True,0,01_TUMOR,0.99944276,True,0.99945116,True,False,correct_high_confidence,41,2027,True
3c7fb6617412736f,Colorectal Histology MNIST/Kather_texture_2016_image_tiles_5000/Kather_texture_2016_image_tiles_5000/01_TUMOR/16B00_CRC-Prim-HE-05_008.tif_Row_1_Col_451.tif,01_TUMOR/16B00_CRC-Prim-HE-05_008.tif_Row_1_Col_451.tif,CRC-Prim-HE-05,0,01_TUMOR,4,0,01_TUMOR,0.9997199,True,0,01_TUMOR,0.9999429,True,0.99983144,True,False,correct_high_confidence,41,2027,True
220af0321b7b1fc9,Colorectal Histology MNIST/Kather_texture_2016_image_tiles_5000/Kather_texture_2016_image_tiles_5000/01_TUMOR/85AC_CRC-Prim-HE-05_006.tif_Row_301_Col_151.tif,01_TUMOR/85AC_CRC-Prim-HE-05_006.tif_Row_301_Col_151.tif,CRC-Prim-HE-05,0,01_TUMOR,4,0,01_TUMOR,0.9996381,True,0,01_TUMOR,0.99995446,True,0.9997963,True,False,correct_high_confidence,41,2027,True
9e2da9f9b3f082d8,Colorectal Histology MNIST/Kather_texture_2016_image_tiles_5000/Kather_texture_2016_image_tiles_5000/01_TUMOR/5CBC_CRC-Prim-HE-06_016.tif_Row_151_Col_451.tif,01_TUMOR/5CBC_CRC-Prim-HE-06_016.tif_Row_151_Col_451.tif,CRC-Prim-HE-06,0,01_TUMOR,5,0,01_TUMOR,0.9918202,True,0,01_TUMOR,0.99999464,True,0.9959074,True,False,correct_high_confidence,41,2027,True
aa66053db10c2521,Colorectal Histology MNIST/Kather_texture_2016_image_tiles_5000/Kather_texture_2016_image_tiles_5000/01_TUMOR/1067D_CRC-Prim-HE-07_007.tif_Row_1_Col_151.tif,01_TUMOR/1067D_CRC-Prim-HE-07_007.tif_Row_1_Col_151.tif,CRC-Prim-HE-07,0,01_TUMOR,6,0,01_TUMOR,0.9998555,True,0,01_TUMOR,0.99383473,True,0.9968451,True,False,correct_high_confidence,41,2027,True
ac296c08e234f433,Colorectal Histology MNIST/Kather_texture_2016_image_tiles_5000/Kather_texture_2016_image_tiles_5000/01_TUMOR/1A11_CRC-Prim-HE-07_022.tif_Row_601_Col_151.tif,01_TUMOR/1A11_CRC-Prim-HE-07_022.tif_Row_601_Col_151.tif,CRC-Prim-HE-07,0,01_TUMOR,6,0,01_TUMOR,0.99804854,True,0,01_TUMOR,0.9964958,True,0.99727213,True,False,correct_high_confidence,41,2027,True
8fc5ae04f95141e4,Colorectal Histology MNIST/Kather_texture_2016_image_tiles_5000/Kather_texture_2016_image_tiles_5000/01_TUMOR/1259_CRC-Prim-HE-08_007.tif_Row_601_Col_301.tif,01_TUMOR/1259_CRC-Prim-HE-08_007.tif_Row_601_Col_301.tif,CRC-Prim-HE-08,0,01_TUMOR,7,0,01_TUMOR,0.99982846,True,0,01_TUMOR,0.99957615,True,0.99970233,True,False,correct_high_confidence,41,2027,True
5a904b4bcd844135,Colorectal Histology MNIST/Kather_texture_2016_image_tiles_5000/Kather_texture_2016_image_tiles_5000/01_TUMOR/171D2_CRC-Prim-HE-08_007.tif_Row_301_Col_151.tif,01_TUMOR/171D2_CRC-Prim-HE-08_007.tif_Row_301_Col_151.tif,CRC-Prim-HE-08,0,01_TUMOR,7,0,01_TUMOR,0.99964607,True,0,01_TUMOR,0.99984837,True,0.9997472,True,False,correct_high_confidence,41,2027,True
d2cd5399d5294aee,Colorectal Histology MNIST/Kather_texture_2016_image_tiles_5000/Kather_texture_2016_image_tiles_5000/01_TUMOR/291E_CRC-Prim-HE-09_024.tif_Row_601_Col_151.tif,01_TUMOR/291E_CRC-Prim-HE-09_024.tif_Row_601_Col_151.tif,CRC-Prim-HE-09,0,01_TUMOR,8,0,01_TUMOR,0.99975747,True,0,01_TUMOR,0.99967396,True,0.9997157,True,False,correct_high_confidence,41,2027,True
dfaa8ec92189e348,Colorectal Histology MNIST/Kather_texture_2016_image_tiles_5000/Kather_texture_2016_image_tiles_5000/01_TUMOR/7AC8_CRC-Prim-HE-09_010.tif_Row_151_Col_751.tif,01_TUMOR/7AC8_CRC-Prim-HE-09_010.tif_Row_151_Col_751.tif,CRC-Prim-HE-09,0,01_TUMOR,8,0,01_TUMOR,0.99985254,True,0,01_TUMOR,0.9993069,True,0.9995797,True,False,correct_high_confidence,41,2027,True
d3bbf2f08cac9ae7,Colorectal Histology MNIST/Kather_texture_2016_image_tiles_5000/Kather_texture_2016_image_tiles_5000/01_TUMOR/6E25_CRC-Prim-HE-10_029.tif_Row_1_Col_151.tif,01_TUMOR/6E25_CRC-Prim-HE-10_029.tif_Row_1_Col_151.tif,CRC-Prim-HE-10,0,01_TUMOR,9,0,01_TUMOR,0.98820835,True,0,01_TUMOR,0.6771527,True,0.8326805,True,False,correct_high_confidence,41,2027,True
a9d9432c0d68ed0a,Colorectal Histology MNIST/Kather_texture_2016_image_tiles_5000/Kather_texture_2016_image_tiles_5000/01_TUMOR/3CD6_CRC-Prim-HE-01_027.tif_Row_1_Col_301.tif,01_TUMOR/3CD6_CRC-Prim-HE-01_027.tif_Row_1_Col_301.tif,CRC-Prim-HE-01,0,01_TUMOR,0,0,01_TUMOR,0.94103265,True,0,01_TUMOR,0.52629244,True,0.73366255,True,False,correct_low_confidence,41,2027,True
6f26e2e694fdda3c,Colorectal Histology MNIST/Kather_texture_2016_image_tiles_5000/Kather_texture_2016_image_tiles_5000/01_TUMOR/1085B_CRC-Prim-HE-02_034.tif_Row_1_Col_301.tif,01_TUMOR/1085B_CRC-Prim-HE-02_034.tif_Row_1_Col_301.tif,CRC-Prim-HE-02,0,01_TUMOR,1,0,01_TUMOR,0.998738,True,0,01_TUMOR,0.3879234,True,0.6933307,True,False,correct_low_confidence,41,2027,True
c67fc5a94d0afbcd,Colorectal Histology MNIST/Kather_texture_2016_image_tiles_5000/Kather_texture_2016_image_tiles_5000/01_TUMOR/32BF_CRC-Prim-HE-04_025.tif_Row_1_Col_1.tif,01_TUMOR/32BF_CRC-Prim-HE-04_025.tif_Row_1_Col_1.tif,CRC-Prim-HE-04,0,01_TUMOR,3,0,01_TUMOR,0.68332756,True,0,01_TUMOR,0.42276525,True,0.5530464,True,False,correct_low_confidence,41,2027,True
d9dd2006e13c0d70,Colorectal Histology MNIST/Kather_texture_2016_image_tiles_5000/Kather_texture_2016_image_tiles_5000/01_TUMOR/15424_CRC-Prim-HE-05_024.tif_Row_1_Col_151.tif,01_TUMOR/15424_CRC-Prim-HE-05_024.tif_Row_1_Col_151.tif,CRC-Prim-HE-05,0,01_TUMOR,4,0,01_TUMOR,0.5424011,True,0,01_TUMOR,0.34570795,True,0.4440545,True,False,correct_low_confidence,41,2027,True
0fd1929553a3bc9a,Colorectal Histology MNIST/Kather_texture_2016_image_tiles_5000/Kather_texture_2016_image_tiles_5000/01_TUMOR/77AC_CRC-Prim-HE-06_025.tif_Row_301_Col_151.tif,01_TUMOR/77AC_CRC-Prim-HE-06_025.tif_Row_301_Col_151.tif,CRC-Prim-HE-06,0,01_TUMOR,5,0,01_TUMOR,0.4619821,True,0,01_TUMOR,0.99997365,True,0.7309779,True,False,correct_low_confidence,41,2027,True
422c2fc907ade074,Colorectal Histology MNIST/Kather_texture_2016_image_tiles_5000/Kather_texture_2016_image_tiles_5000/01_TUMOR/68F1_CRC-Prim-HE-07.tif_Row_451_Col_901.tif,01_TUMOR/68F1_CRC-Prim-HE-07.tif_Row_451_Col_901.tif,CRC-Prim-HE-07,0,01_TUMOR,6,0,01_TUMOR,0.90587157,True,0,01_TUMOR,0.464401,True,0.6851363,True,False,correct_low_confidence,41,2027,True
a5b3a36e815bbd3c,Colorectal Histology MNIST/Kather_texture_2016_image_tiles_5000/Kather_texture_2016_image_tiles_5000/01_TUMOR/5B57_CRC-Prim-HE-08_010.tif_Row_151_Col_151.tif,01_TUMOR/5B57_CRC-Prim-HE-08_010.tif_Row_151_Col_151.tif,CRC-Prim-HE-08,0,01_TUMOR,7,0,01_TUMOR,0.73201835,True,0,01_TUMOR,0.7213482,True,0.72668326,True,False,correct_low_confidence,41,2027,True
c64f85e88acdea4b,Colorectal Histology MNIST/Kather_texture_2016_image_tiles_5000/Kather_texture_2016_image_tiles_5000/01_TUMOR/12AA9_CRC-Prim-HE-10_029.tif_Row_1_Col_601.tif,01_TUMOR/12AA9_CRC-Prim-HE-10_029.tif_Row_1_Col_601.tif,CRC-Prim-HE-10,0,01_TUMOR,9,0,01_TUMOR,0.9267499,True,0,01_TUMOR,0.42350152,True,0.6751257,True,False,correct_low_confidence,41,2027,True
843c606a796976eb,Colorectal Histology MNIST/Kather_texture_2016_image_tiles_5000/Kather_texture_2016_image_tiles_5000/01_TUMOR/7C24_CRC-Prim-HE-01_011.tif_Row_1_Col_151.tif,01_TUMOR/7C24_CRC-Prim-HE-01_011.tif_Row_1_Col_151.tif,CRC-Prim-HE-01,0,01_TUMOR,0,0,01_TUMOR,0.9740151,True,5,06_MUCOSA,0.93522197,False,0.9546186,False,True,incorrect_any_model,41,2027,True
0b7d64730d5c0c8d,Colorectal Histology MNIST/Kather_texture_2016_image_tiles_5000/Kather_texture_2016_image_tiles_5000/01_TUMOR/5552_CRC-Prim-HE-02_003b.tif_Row_1_Col_151.tif,01_TUMOR/5552_CRC-Prim-HE-02_003b.tif_Row_1_Col_151.tif,CRC-Prim-HE-02,0,01_TUMOR,1,0,01_TUMOR,0.9993648,True,3,04_LYMPHO,0.9954418,False,0.99740326,False,True,incorrect_any_model,41,2027,True
cebeb9d4928b4548,Colorectal Histology MNIST/Kather_texture_2016_image_tiles_5000/Kather_texture_2016_image_tiles_5000/01_TUMOR/5ADB_CRC-Prim-HE-04_029.tif_Row_451_Col_1.tif,01_TUMOR/5ADB_CRC-Prim-HE-04_029.tif_Row_451_Col_1.tif,CRC-Prim-HE-04,0,01_TUMOR,3,2,03_COMPLEX,0.87555516,False,2,03_COMPLEX,0.90278053,False,0.88916785,False,True,incorrect_any_model,41,2027,True
0bc72ae533aca28d,Colorectal Histology MNIST/Kather_texture_2016_image_tiles_5000/Kather_texture_2016_image_tiles_5000/01_TUMOR/63B5_CRC-Prim-HE-04_029.tif_Row_301_Col_151.tif,01_TUMOR/63B5_CRC-Prim-HE-04_029.tif_Row_301_Col_151.tif,CRC-Prim-HE-04,0,01_TUMOR,3,2,03_COMPLEX,0.9638627,False,2,03_COMPLEX,0.8215164,False,0.8926896,False,True,incorrect_any_model,41,2027,True
96d8776a31418e3b,Colorectal Histology MNIST/Kather_texture_2016_image_tiles_5000/Kather_texture_2016_image_tiles_5000/01_TUMOR/177BE_CRC-Prim-HE-05_024.tif_Row_1_Col_1.tif,01_TUMOR/177BE_CRC-Prim-HE-05_024.tif_Row_1_Col_1.tif,CRC-Prim-HE-05,0,01_TUMOR,4,3,04_LYMPHO,0.53179115,False,3,04_LYMPHO,0.38564512,False,0.45871812,False,True,incorrect_any_model,41,2027,True
c8912e73a087a123,Colorectal Histology MNIST/Kather_texture_2016_image_tiles_5000/Kather_texture_2016_image_tiles_5000/01_TUMOR/17420_CRC-Prim-HE-06_025.tif_Row_151_Col_1.tif,01_TUMOR/17420_CRC-Prim-HE-06_025.tif_Row_151_Col_1.tif,CRC-Prim-HE-06,0,01_TUMOR,5,3,04_LYMPHO,0.52548385,False,0,01_TUMOR,0.999464,True,0.76247394,False,True,incorrect_any_model,41,2027,True
32eb03f4783f1cd8,Colorectal Histology MNIST/Kather_texture_2016_image_tiles_5000/Kather_texture_2016_image_tiles_5000/01_TUMOR/1733E_CRC-Prim-HE-07.tif_Row_451_Col_301.tif,01_TUMOR/1733E_CRC-Prim-HE-07.tif_Row_451_Col_301.tif,CRC-Prim-HE-07,0,01_TUMOR,6,0,01_TUMOR,0.89750963,True,1,02_STROMA,0.9277417,False,0.9126257,False,True,incorrect_any_model,41,2027,True
9c8680842b999b2a,Colorectal Histology MNIST/Kather_texture_2016_image_tiles_5000/Kather_texture_2016_image_tiles_5000/01_TUMOR/13C8D_CRC-Prim-HE-08_010.tif_Row_301_Col_301.tif,01_TUMOR/13C8D_CRC-Prim-HE-08_010.tif_Row_301_Col_301.tif,CRC-Prim-HE-08,0,01_TUMOR,7,2,03_COMPLEX,0.8164013,False,2,03_COMPLEX,0.83295363,False,0.82467747,False,True,incorrect_any_model,41,2027,True
f3ea0c2dad2b1d8b,Colorectal Histology MNIST/Kather_texture_2016_image_tiles_5000/Kather_texture_2016_image_tiles_5000/01_TUMOR/10B61_CRC-Prim-HE-09_022.tif_Row_301_Col_1.tif,01_TUMOR/10B61_CRC-Prim-HE-09_022.tif_Row_301_Col_1.tif,CRC-Prim-HE-09,0,01_TUMOR,8,2,03_COMPLEX,0.9390573,False,2,03_COMPLEX,0.7054679,False,0.8222626,False,True,incorrect_any_model,41,2027,True
7985173f57daa8e2,Colorectal Histology MNIST/Kather_texture_2016_image_tiles_5000/Kather_texture_2016_image_tiles_5000/01_TUMOR/1614_CRC-Prim-HE-10_029.tif_Row_1_Col_301.tif,01_TUMOR/1614_CRC-Prim-HE-10_029.tif_Row_1_Col_301.tif,CRC-Prim-HE-10,0,01_TUMOR,9,0,01_TUMOR,0.9650154,True,2,03_COMPLEX,0.668354,False,0.8166847,False,True,incorrect_any_model,41,2027,True
d49629b83cdc32c9,Colorectal Histology MNIST/Kather_texture_2016_image_tiles_5000/Kather_texture_2016_image_tiles_5000/02_STROMA/110DF_CRC-Prim-HE-01_019.tif_Row_301_Col_751.tif,02_STROMA/110DF_CRC-Prim-HE-01_019.tif_Row_301_Col_751.tif,CRC-Prim-HE-01,1,02_STROMA,0,1,02_STROMA,0.765444,True,1,02_STROMA,0.40854362,True,0.5869938,True,False,correct_high_confidence,41,2027,True
7f22a2743f7024e1,Colorectal Histology MNIST/Kather_texture_2016_image_tiles_5000/Kather_texture_2016_image_tiles_5000/02_STROMA/10317_CRC-Prim-HE-03_001.tif_Row_1201_Col_751.tif,02_STROMA/10317_CRC-Prim-HE-03_001.tif_Row_1201_Col_751.tif,CRC-Prim-HE-03,1,02_STROMA,2,1,02_STROMA,0.96192884,True,1,02_STROMA,0.9114225,True,0.93667567,True,False,correct_high_confidence,41,2027,True
68809a84892adcad,Colorectal Histology MNIST/Kather_texture_2016_image_tiles_5000/Kather_texture_2016_image_tiles_5000/02_STROMA/1495E_CRC-Prim-HE-03_011.tif_Row_601_Col_1.tif,02_STROMA/1495E_CRC-Prim-HE-03_011.tif_Row_601_Col_1.tif,CRC-Prim-HE-03,1,02_STROMA,2,1,02_STROMA,0.9512028,True,1,02_STROMA,0.9426938,True,0.9469483,True,False,correct_high_confidence,41,2027,True
6504385ff1a70fd3,Colorectal Histology MNIST/Kather_texture_2016_image_tiles_5000/Kather_texture_2016_image_tiles_5000/02_STROMA/10828_CRC-Prim-HE-04.tif_Row_301_Col_3451.tif,02_STROMA/10828_CRC-Prim-HE-04.tif_Row_301_Col_3451.tif,CRC-Prim-HE-04,1,02_STROMA,3,1,02_STROMA,0.9927684,True,1,02_STROMA,0.9872657,True,0.99001706,True,False,correct_high_confidence,41,2027,True
753e54983d8212fa,Colorectal Histology MNIST/Kather_texture_2016_image_tiles_5000/Kather_texture_2016_image_tiles_5000/02_STROMA/1385_CRC-Prim-HE-04.tif_Row_151_Col_1501.tif,02_STROMA/1385_CRC-Prim-HE-04.tif_Row_151_Col_1501.tif,CRC-Prim-HE-04,1,02_STROMA,3,1,02_STROMA,0.9892508,True,1,02_STROMA,0.9917219,True,0.9904864,True,False,correct_high_confidence,41,2027,True
f1c634424fcd7ead,Colorectal Histology MNIST/Kather_texture_2016_image_tiles_5000/Kather_texture_2016_image_tiles_5000/02_STROMA/12155_CRC-Prim-HE-05_009b.tif_Row_301_Col_151.tif,02_STROMA/12155_CRC-Prim-HE-05_009b.tif_Row_301_Col_151.tif,CRC-Prim-HE-05,1,02_STROMA,4,1,02_STROMA,0.99838734,True,1,02_STROMA,0.91396797,True,0.95617765,True,False,correct_high_confidence,41,2027,True
effe32e349705865,Colorectal Histology MNIST/Kather_texture_2016_image_tiles_5000/Kather_texture_2016_image_tiles_5000/02_STROMA/132BC_CRC-Prim-HE-05_009b.tif_Row_301_Col_1351.tif,02_STROMA/132BC_CRC-Prim-HE-05_009b.tif_Row_301_Col_1351.tif,CRC-Prim-HE-05,1,02_STROMA,4,1,02_STROMA,0.98800695,True,1,02_STROMA,0.93562573,True,0.9618163,True,False,correct_high_confidence,41,2027,True
23c05114b1f1297a,Colorectal Histology MNIST/Kather_texture_2016_image_tiles_5000/Kather_texture_2016_image_tiles_5000/02_STROMA/10EF2_CRC-Prim-HE-06_002.tif_Row_301_Col_1801.tif,02_STROMA/10EF2_CRC-Prim-HE-06_002.tif_Row_301_Col_1801.tif,CRC-Prim-HE-06,1,02_STROMA,5,1,02_STROMA,0.95721585,True,1,02_STROMA,0.99307656,True,0.9751462,True,False,correct_high_confidence,41,2027,True
1b61e3f45d1b6f75,Colorectal Histology MNIST/Kather_texture_2016_image_tiles_5000/Kather_texture_2016_image_tiles_5000/02_STROMA/11923_CRC-Prim-HE-06_002.tif_Row_601_Col_1.tif,02_STROMA/11923_CRC-Prim-HE-06_002.tif_Row_601_Col_1.tif,CRC-Prim-HE-06,1,02_STROMA,5,1,02_STROMA,0.95215625,True,1,02_STROMA,0.99485743,True,0.9735068,True,False,correct_high_confidence,41,2027,True
e3d399728802ed6d,Colorectal Histology MNIST/Kather_texture_2016_image_tiles_5000/Kather_texture_2016_image_tiles_5000/02_STROMA/10E25_CRC-Prim-HE-07_014.tif_Row_451_Col_901.tif,02_STROMA/10E25_CRC-Prim-HE-07_014.tif_Row_451_Col_901.tif,CRC-Prim-HE-07,1,02_STROMA,6,1,02_STROMA,0.9975229,True,1,02_STROMA,0.95364416,True,0.97558355,True,False,correct_high_confidence,41,2027,True
b80fd6a4428f6c65,Colorectal Histology MNIST/Kather_texture_2016_image_tiles_5000/Kather_texture_2016_image_tiles_5000/02_STROMA/11D6_CRC-Prim-HE-07_014.tif_Row_1_Col_301.tif,02_STROMA/11D6_CRC-Prim-HE-07_014.tif_Row_1_Col_301.tif,CRC-Prim-HE-07,1,02_STROMA,6,1,02_STROMA,0.997511,True,1,02_STROMA,0.9442081,True,0.9708595,True,False,correct_high_confidence,41,2027,True
1289f7a4e7da9a8c,Colorectal Histology MNIST/Kather_texture_2016_image_tiles_5000/Kather_texture_2016_image_tiles_5000/02_STROMA/1194D_CRC-Prim-HE-08_018.tif_Row_301_Col_1.tif,02_STROMA/1194D_CRC-Prim-HE-08_018.tif_Row_301_Col_1.tif,CRC-Prim-HE-08,1,02_STROMA,7,1,02_STROMA,0.9994356,True,1,02_STROMA,0.9929558,True,0.9961957,True,False,correct_high_confidence,41,2027,True
2a78951b8bccd520,Colorectal Histology MNIST/Kather_texture_2016_image_tiles_5000/Kather_texture_2016_image_tiles_5000/02_STROMA/11FF3_CRC-Prim-HE-08_018.tif_Row_301_Col_451.tif,02_STROMA/11FF3_CRC-Prim-HE-08_018.tif_Row_301_Col_451.tif,CRC-Prim-HE-08,1,02_STROMA,7,1,02_STROMA,0.9998134,True,1,02_STROMA,0.99307114,True,0.99644226,True,False,correct_high_confidence,41,2027,True
19ee7b96b3ac6128,Colorectal Histology MNIST/Kather_texture_2016_image_tiles_5000/Kather_texture_2016_image_tiles_5000/02_STROMA/1082A_CRC-Prim-HE-09.tif_Row_451_Col_1501.tif,02_STROMA/1082A_CRC-Prim-HE-09.tif_Row_451_Col_1501.tif,CRC-Prim-HE-09,1,02_STROMA,8,1,02_STROMA,0.9786002,True,1,02_STROMA,0.79422534,True,0.88641274,True,False,correct_high_confidence,41,2027,True
1619c7f77e7ca100,Colorectal Histology MNIST/Kather_texture_2016_image_tiles_5000/Kather_texture_2016_image_tiles_5000/02_STROMA/12A26_CRC-Prim-HE-10_019.tif_Row_1_Col_1651.tif,02_STROMA/12A26_CRC-Prim-HE-10_019.tif_Row_1_Col_1651.tif,CRC-Prim-HE-10,1,02_STROMA,9,1,02_STROMA,0.9682846,True,1,02_STROMA,0.94442356,True,0.9563541,True,False,correct_high_confidence,41,2027,True
815caeca3553b92b,Colorectal Histology MNIST/Kather_texture_2016_image_tiles_5000/Kather_texture_2016_image_tiles_5000/02_STROMA/12B8A_CRC-Prim-HE-10_019.tif_Row_1_Col_1351.tif,02_STROMA/12B8A_CRC-Prim-HE-10_019.tif_Row_1_Col_1351.tif,CRC-Prim-HE-10,1,02_STROMA,9,1,02_STROMA,0.9740012,True,1,02_STROMA,0.97434753,True,0.9741744,True,False,correct_high_confidence,41,2027,True
647e242b6bd13231,Colorectal Histology MNIST/Kather_texture_2016_image_tiles_5000/Kather_texture_2016_image_tiles_5000/02_STROMA/11B53_CRC-Prim-HE-01_019.tif_Row_151_Col_901.tif,02_STROMA/11B53_CRC-Prim-HE-01_019.tif_Row_151_Col_901.tif,CRC-Prim-HE-01,1,02_STROMA,0,1,02_STROMA,0.48389465,True,1,02_STROMA,0.42615503,True,0.45502484,True,False,correct_low_confidence,41,2027,True
08b7807e7f30af2b,Colorectal Histology MNIST/Kather_texture_2016_image_tiles_5000/Kather_texture_2016_image_tiles_5000/02_STROMA/115D2_CRC-Prim-HE-03_013.tif_Row_1_Col_1.tif,02_STROMA/115D2_CRC-Prim-HE-03_013.tif_Row_1_Col_1.tif,CRC-Prim-HE-03,1,02_STROMA,2,1,02_STROMA,0.5742352,True,1,02_STROMA,0.5092904,True,0.5417628,True,False,correct_low_confidence,41,2027,True
18bcccb79b01c4e5,Colorectal Histology MNIST/Kather_texture_2016_image_tiles_5000/Kather_texture_2016_image_tiles_5000/02_STROMA/111EB_CRC-Prim-HE-04_013.tif_Row_2551_Col_901.tif,02_STROMA/111EB_CRC-Prim-HE-04_013.tif_Row_2551_Col_901.tif,CRC-Prim-HE-04,1,02_STROMA,3,1,02_STROMA,0.5496285,True,1,02_STROMA,0.52595073,True,0.5377896,True,False,correct_low_confidence,41,2027,True
3461675807569ebd,Colorectal Histology MNIST/Kather_texture_2016_image_tiles_5000/Kather_texture_2016_image_tiles_5000/02_STROMA/10625_CRC-Prim-HE-05_009b.tif_Row_151_Col_1501.tif,02_STROMA/10625_CRC-Prim-HE-05_009b.tif_Row_151_Col_1501.tif,CRC-Prim-HE-05,1,02_STROMA,4,1,02_STROMA,0.9034013,True,1,02_STROMA,0.78162867,True,0.842515,True,False,correct_low_confidence,41,2027,True
c6a6ff38756c5203,Colorectal Histology MNIST/Kather_texture_2016_image_tiles_5000/Kather_texture_2016_image_tiles_5000/02_STROMA/1247B_CRC-Prim-HE-06_003.tif_Row_751_Col_151.tif,02_STROMA/1247B_CRC-Prim-HE-06_003.tif_Row_751_Col_151.tif,CRC-Prim-HE-06,1,02_STROMA,5,1,02_STROMA,0.28509563,True,1,02_STROMA,0.65931565,True,0.47220564,True,False,correct_low_confidence,41,2027,True
eafad45d1660d58c,Colorectal Histology MNIST/Kather_texture_2016_image_tiles_5000/Kather_texture_2016_image_tiles_5000/02_STROMA/13051_CRC-Prim-HE-07_028.tif_Row_1_Col_1.tif,02_STROMA/13051_CRC-Prim-HE-07_028.tif_Row_1_Col_1.tif,CRC-Prim-HE-07,1,02_STROMA,6,1,02_STROMA,0.62065995,True,1,02_STROMA,0.6018868,True,0.6112734,True,False,correct_low_confidence,41,2027,True
b01434a09d10e513,Colorectal Histology MNIST/Kather_texture_2016_image_tiles_5000/Kather_texture_2016_image_tiles_5000/02_STROMA/13FC2_CRC-Prim-HE-09.tif_Row_151_Col_3001.tif,02_STROMA/13FC2_CRC-Prim-HE-09.tif_Row_151_Col_3001.tif,CRC-Prim-HE-09,1,02_STROMA,8,1,02_STROMA,0.9895354,True,1,02_STROMA,0.5108115,True,0.75017345,True,False,correct_low_confidence,41,2027,True
24d54f21e514ed2f,Colorectal Histology MNIST/Kather_texture_2016_image_tiles_5000/Kather_texture_2016_image_tiles_5000/02_STROMA/11F8B_CRC-Prim-HE-10_019.tif_Row_901_Col_751.tif,02_STROMA/11F8B_CRC-Prim-HE-10_019.tif_Row_901_Col_751.tif,CRC-Prim-HE-10,1,02_STROMA,9,1,02_STROMA,0.6478581,True,1,02_STROMA,0.5619478,True,0.604903,True,False,correct_low_confidence,41,2027,True
bbe13df2388dd5ee,Colorectal Histology MNIST/Kather_texture_2016_image_tiles_5000/Kather_texture_2016_image_tiles_5000/02_STROMA/13EB7_CRC-Prim-HE-01_012.tif_Row_301_Col_451.tif,02_STROMA/13EB7_CRC-Prim-HE-01_012.tif_Row_301_Col_451.tif,CRC-Prim-HE-01,1,02_STROMA,0,2,03_COMPLEX,0.6910245,False,4,05_DEBRIS,0.8959571,False,0.79349077,False,True,incorrect_any_model,41,2027,True
1d514ba294e8641b,Colorectal Histology MNIST/Kather_texture_2016_image_tiles_5000/Kather_texture_2016_image_tiles_5000/02_STROMA/107BD_CRC-Prim-HE-02_015.tif_Row_451_Col_1.tif,02_STROMA/107BD_CRC-Prim-HE-02_015.tif_Row_451_Col_1.tif,CRC-Prim-HE-02,1,02_STROMA,1,4,05_DEBRIS,0.8991849,False,4,05_DEBRIS,0.8341561,False,0.8666705,False,True,incorrect_any_model,41,2027,True
13605a3e685f4114,Colorectal Histology MNIST/Kather_texture_2016_image_tiles_5000/Kather_texture_2016_image_tiles_5000/02_STROMA/12164_CRC-Prim-HE-03_003.tif_Row_901_Col_301.tif,02_STROMA/12164_CRC-Prim-HE-03_003.tif_Row_901_Col_301.tif,CRC-Prim-HE-03,1,02_STROMA,2,2,03_COMPLEX,0.9842747,False,4,05_DEBRIS,0.92230326,False,0.953289,False,True,incorrect_any_model,41,2027,True
1d9ef80c2277cb86,Colorectal Histology MNIST/Kather_texture_2016_image_tiles_5000/Kather_texture_2016_image_tiles_5000/02_STROMA/12FA4_CRC-Prim-HE-04_013.tif_Row_1351_Col_1.tif,02_STROMA/12FA4_CRC-Prim-HE-04_013.tif_Row_1351_Col_1.tif,CRC-Prim-HE-04,1,02_STROMA,3,4,05_DEBRIS,0.91773707,False,4,05_DEBRIS,0.9824368,False,0.95008695,False,True,incorrect_any_model,41,2027,True
114823381141834d,Colorectal Histology MNIST/Kather_texture_2016_image_tiles_5000/Kather_texture_2016_image_tiles_5000/02_STROMA/12148_CRC-Prim-HE-05_002b.tif_Row_1501_Col_451.tif,02_STROMA/12148_CRC-Prim-HE-05_002b.tif_Row_1501_Col_451.tif,CRC-Prim-HE-05,1,02_STROMA,4,1,02_STROMA,0.9945416,True,2,03_COMPLEX,0.9545187,False,0.9745301,False,True,incorrect_any_model,41,2027,True
274ca0978c294e96,Colorectal Histology MNIST/Kather_texture_2016_image_tiles_5000/Kather_texture_2016_image_tiles_5000/02_STROMA/13EE5_CRC-Prim-HE-06_034.tif_Row_751_Col_151.tif,02_STROMA/13EE5_CRC-Prim-HE-06_034.tif_Row_751_Col_151.tif,CRC-Prim-HE-06,1,02_STROMA,5,4,05_DEBRIS,0.5447608,False,4,05_DEBRIS,0.87788165,False,0.71132123,False,True,incorrect_any_model,41,2027,True
1badba67a72ab5b8,Colorectal Histology MNIST/Kather_texture_2016_image_tiles_5000/Kather_texture_2016_image_tiles_5000/02_STROMA/13702_CRC-Prim-HE-07_009.tif_Row_1_Col_1.tif,02_STROMA/13702_CRC-Prim-HE-07_009.tif_Row_1_Col_1.tif,CRC-Prim-HE-07,1,02_STROMA,6,2,03_COMPLEX,0.9948549,False,2,03_COMPLEX,0.8251993,False,0.91002715,False,True,incorrect_any_model,41,2027,True
fc3ee06e34231d86,Colorectal Histology MNIST/Kather_texture_2016_image_tiles_5000/Kather_texture_2016_image_tiles_5000/02_STROMA/1393C_CRC-Prim-HE-08_002.tif_Row_1_Col_301.tif,02_STROMA/1393C_CRC-Prim-HE-08_002.tif_Row_1_Col_301.tif,CRC-Prim-HE-08,1,02_STROMA,7,1,02_STROMA,0.99929464,True,2,03_COMPLEX,0.69617116,False,0.8477329,False,True,incorrect_any_model,41,2027,True
09ada73a877f5a27,Colorectal Histology MNIST/Kather_texture_2016_image_tiles_5000/Kather_texture_2016_image_tiles_5000/02_STROMA/13E36_CRC-Prim-HE-09_017.tif_Row_151_Col_601.tif,02_STROMA/13E36_CRC-Prim-HE-09_017.tif_Row_151_Col_601.tif,CRC-Prim-HE-09,1,02_STROMA,8,2,03_COMPLEX,0.8490453,False,2,03_COMPLEX,0.83272773,False,0.8408865,False,True,incorrect_any_model,41,2027,True
6478ba2ccbc35e68,Colorectal Histology MNIST/Kather_texture_2016_image_tiles_5000/Kather_texture_2016_image_tiles_5000/02_STROMA/10C30_CRC-Prim-HE-10_019.tif_Row_301_Col_1201.tif,02_STROMA/10C30_CRC-Prim-HE-10_019.tif_Row_301_Col_1201.tif,CRC-Prim-HE-10,1,02_STROMA,9,4,05_DEBRIS,0.57112706,False,4,05_DEBRIS,0.64653504,False,0.60883105,False,True,incorrect_any_model,41,2027,True
a06e84f10dd02759,Colorectal Histology MNIST/Kather_texture_2016_image_tiles_5000/Kather_texture_2016_image_tiles_5000/03_COMPLEX/16812_CRC-Prim-HE-01_035.tif_Row_1_Col_451.tif,03_COMPLEX/16812_CRC-Prim-HE-01_035.tif_Row_1_Col_451.tif,CRC-Prim-HE-01,2,03_COMPLEX,0,2,03_COMPLEX,0.9925966,True,2,03_COMPLEX,0.9671545,True,0.97987556,True,False,correct_high_confidence,41,2027,True
b3c6abe8bd8cb7b2,Colorectal Histology MNIST/Kather_texture_2016_image_tiles_5000/Kather_texture_2016_image_tiles_5000/03_COMPLEX/17D7C_CRC-Prim-HE-01_014.tif_Row_451_Col_151.tif,03_COMPLEX/17D7C_CRC-Prim-HE-01_014.tif_Row_451_Col_151.tif,CRC-Prim-HE-01,2,03_COMPLEX,0,2,03_COMPLEX,0.99377114,True,2,03_COMPLEX,0.9587942,True,0.97628266,True,False,correct_high_confidence,41,2027,True
18374116b0bc583b,Colorectal Histology MNIST/Kather_texture_2016_image_tiles_5000/Kather_texture_2016_image_tiles_5000/03_COMPLEX/13EB7_CRC-Prim-HE-03_025.tif_Row_151_Col_751.tif,03_COMPLEX/13EB7_CRC-Prim-HE-03_025.tif_Row_151_Col_751.tif,CRC-Prim-HE-03,2,03_COMPLEX,2,2,03_COMPLEX,0.9994325,True,2,03_COMPLEX,0.92769986,True,0.9635662,True,False,correct_high_confidence,41,2027,True
d207bd7fcb29255f,Colorectal Histology MNIST/Kather_texture_2016_image_tiles_5000/Kather_texture_2016_image_tiles_5000/03_COMPLEX/72FB_CRC-Prim-HE-03_025.tif_Row_1_Col_601.tif,03_COMPLEX/72FB_CRC-Prim-HE-03_025.tif_Row_1_Col_601.tif,CRC-Prim-HE-03,2,03_COMPLEX,2,2,03_COMPLEX,0.99309254,True,2,03_COMPLEX,0.91473925,True,0.9539159,True,False,correct_high_confidence,41,2027,True
f176697eddd3b13e,Colorectal Histology MNIST/Kather_texture_2016_image_tiles_5000/Kather_texture_2016_image_tiles_5000/03_COMPLEX/13F8A_CRC-Prim-HE-04_018.tif_Row_1_Col_151.tif,03_COMPLEX/13F8A_CRC-Prim-HE-04_018.tif_Row_1_Col_151.tif,CRC-Prim-HE-04,2,03_COMPLEX,3,2,03_COMPLEX,0.7509791,True,2,03_COMPLEX,0.7484035,True,0.7496913,True,False,correct_high_confidence,41,2027,True
f116d2a126d269ac,Colorectal Histology MNIST/Kather_texture_2016_image_tiles_5000/Kather_texture_2016_image_tiles_5000/03_COMPLEX/180C5_CRC-Prim-HE-05_021.tif_Row_1_Col_301.tif,03_COMPLEX/180C5_CRC-Prim-HE-05_021.tif_Row_1_Col_301.tif,CRC-Prim-HE-05,2,03_COMPLEX,4,2,03_COMPLEX,0.95279473,True,2,03_COMPLEX,0.9314493,True,0.942122,True,False,correct_high_confidence,41,2027,True
abd0b36c016589ac,Colorectal Histology MNIST/Kather_texture_2016_image_tiles_5000/Kather_texture_2016_image_tiles_5000/03_COMPLEX/42D8_CRC-Prim-HE-05_020.tif_Row_1_Col_1.tif,03_COMPLEX/42D8_CRC-Prim-HE-05_020.tif_Row_1_Col_1.tif,CRC-Prim-HE-05,2,03_COMPLEX,4,2,03_COMPLEX,0.9342467,True,2,03_COMPLEX,0.92081225,True,0.92752945,True,False,correct_high_confidence,41,2027,True
7ca80536dfde43c1,Colorectal Histology MNIST/Kather_texture_2016_image_tiles_5000/Kather_texture_2016_image_tiles_5000/03_COMPLEX/11B13_CRC-Prim-HE-06_007.tif_Row_1_Col_451.tif,03_COMPLEX/11B13_CRC-Prim-HE-06_007.tif_Row_1_Col_451.tif,CRC-Prim-HE-06,2,03_COMPLEX,5,2,03_COMPLEX,0.88642895,True,2,03_COMPLEX,0.87495315,True,0.88069105,True,False,correct_high_confidence,41,2027,True
23322506a3beae96,Colorectal Histology MNIST/Kather_texture_2016_image_tiles_5000/Kather_texture_2016_image_tiles_5000/03_COMPLEX/15860_CRC-Prim-HE-06_030.tif_Row_151_Col_751.tif,03_COMPLEX/15860_CRC-Prim-HE-06_030.tif_Row_151_Col_751.tif,CRC-Prim-HE-06,2,03_COMPLEX,5,2,03_COMPLEX,0.80642354,True,2,03_COMPLEX,0.9105957,True,0.85850966,True,False,correct_high_confidence,41,2027,True
15a838224d91aacd,Colorectal Histology MNIST/Kather_texture_2016_image_tiles_5000/Kather_texture_2016_image_tiles_5000/03_COMPLEX/11996_CRC-Prim-HE-07_013.tif_Row_1_Col_301.tif,03_COMPLEX/11996_CRC-Prim-HE-07_013.tif_Row_1_Col_301.tif,CRC-Prim-HE-07,2,03_COMPLEX,6,2,03_COMPLEX,0.9893003,True,2,03_COMPLEX,0.8674364,True,0.92836833,True,False,correct_high_confidence,41,2027,True
5d411163bd5b888a,Colorectal Histology MNIST/Kather_texture_2016_image_tiles_5000/Kather_texture_2016_image_tiles_5000/03_COMPLEX/62B0_CRC-Prim-HE-07_019.tif_Row_901_Col_1.tif,03_COMPLEX/62B0_CRC-Prim-HE-07_019.tif_Row_901_Col_1.tif,CRC-Prim-HE-07,2,03_COMPLEX,6,2,03_COMPLEX,0.99747497,True,2,03_COMPLEX,0.87986606,True,0.9386705,True,False,correct_high_confidence,41,2027,True
f9cb360943db7c9f,Colorectal Histology MNIST/Kather_texture_2016_image_tiles_5000/Kather_texture_2016_image_tiles_5000/03_COMPLEX/15E3B_CRC-Prim-HE-08_005.tif_Row_751_Col_1.tif,03_COMPLEX/15E3B_CRC-Prim-HE-08_005.tif_Row_751_Col_1.tif,CRC-Prim-HE-08,2,03_COMPLEX,7,2,03_COMPLEX,0.994626,True,2,03_COMPLEX,0.98672825,True,0.9906771,True,False,correct_high_confidence,41,2027,True
cafa43bacc3757d3,Colorectal Histology MNIST/Kather_texture_2016_image_tiles_5000/Kather_texture_2016_image_tiles_5000/03_COMPLEX/5C8E_CRC-Prim-HE-08_005.tif_Row_901_Col_1.tif,03_COMPLEX/5C8E_CRC-Prim-HE-08_005.tif_Row_901_Col_1.tif,CRC-Prim-HE-08,2,03_COMPLEX,7,2,03_COMPLEX,0.9663648,True,2,03_COMPLEX,0.9705432,True,0.968454,True,False,correct_high_confidence,41,2027,True
3f6fb6ab1f062c93,Colorectal Histology MNIST/Kather_texture_2016_image_tiles_5000/Kather_texture_2016_image_tiles_5000/03_COMPLEX/12FCD_CRC-Prim-HE-09_015.tif_Row_151_Col_301.tif,03_COMPLEX/12FCD_CRC-Prim-HE-09_015.tif_Row_151_Col_301.tif,CRC-Prim-HE-09,2,03_COMPLEX,8,2,03_COMPLEX,0.8955591,True,2,03_COMPLEX,0.9402693,True,0.91791415,True,False,correct_high_confidence,41,2027,True
927b994586001676,Colorectal Histology MNIST/Kather_texture_2016_image_tiles_5000/Kather_texture_2016_image_tiles_5000/03_COMPLEX/18548_CRC-Prim-HE-09_030.tif_Row_301_Col_151.tif,03_COMPLEX/18548_CRC-Prim-HE-09_030.tif_Row_301_Col_151.tif,CRC-Prim-HE-09,2,03_COMPLEX,8,2,03_COMPLEX,0.88789177,True,2,03_COMPLEX,0.9388943,True,0.913393,True,False,correct_high_confidence,41,2027,True
ee35c00ac13a5f3e,Colorectal Histology MNIST/Kather_texture_2016_image_tiles_5000/Kather_texture_2016_image_tiles_5000/03_COMPLEX/38A0_CRC-Prim-HE-10_025.tif_Row_451_Col_151.tif,03_COMPLEX/38A0_CRC-Prim-HE-10_025.tif_Row_451_Col_151.tif,CRC-Prim-HE-10,2,03_COMPLEX,9,2,03_COMPLEX,0.8514416,True,2,03_COMPLEX,0.8904966,True,0.8709691,True,False,correct_high_confidence,41,2027,True
645c14ff0bce5563,Colorectal Histology MNIST/Kather_texture_2016_image_tiles_5000/Kather_texture_2016_image_tiles_5000/03_COMPLEX/17D73_CRC-Prim-HE-01_034.tif_Row_451_Col_301.tif,03_COMPLEX/17D73_CRC-Prim-HE-01_034.tif_Row_451_Col_301.tif,CRC-Prim-HE-01,2,03_COMPLEX,0,2,03_COMPLEX,0.6435535,True,2,03_COMPLEX,0.383053,True,0.5133033,True,False,correct_low_confidence,41,2027,True
93eff4e2a3b4b436,Colorectal Histology MNIST/Kather_texture_2016_image_tiles_5000/Kather_texture_2016_image_tiles_5000/03_COMPLEX/27A5_CRC-Prim-HE-03_002.tif_Row_301_Col_1801.tif,03_COMPLEX/27A5_CRC-Prim-HE-03_002.tif_Row_301_Col_1801.tif,CRC-Prim-HE-03,2,03_COMPLEX,2,2,03_COMPLEX,0.78183615,True,2,03_COMPLEX,0.5423386,True,0.6620874,True,False,correct_low_confidence,41,2027,True
73c86c58e897369e,Colorectal Histology MNIST/Kather_texture_2016_image_tiles_5000/Kather_texture_2016_image_tiles_5000/03_COMPLEX/1045D_CRC-Prim-HE-05_012.tif_Row_1_Col_1.tif,03_COMPLEX/1045D_CRC-Prim-HE-05_012.tif_Row_1_Col_1.tif,CRC-Prim-HE-05,2,03_COMPLEX,4,2,03_COMPLEX,0.5824197,True,2,03_COMPLEX,0.5618125,True,0.57211614,True,False,correct_low_confidence,41,2027,True
7a31e1bbcfbef273,Colorectal Histology MNIST/Kather_texture_2016_image_tiles_5000/Kather_texture_2016_image_tiles_5000/03_COMPLEX/3DD8_CRC-Prim-HE-06_006.tif_Row_151_Col_751.tif,03_COMPLEX/3DD8_CRC-Prim-HE-06_006.tif_Row_151_Col_751.tif,CRC-Prim-HE-06,2,03_COMPLEX,5,2,03_COMPLEX,0.52754754,True,2,03_COMPLEX,0.48433498,True,0.5059413,True,False,correct_low_confidence,41,2027,True
9a2e76ec406b510c,Colorectal Histology MNIST/Kather_texture_2016_image_tiles_5000/Kather_texture_2016_image_tiles_5000/03_COMPLEX/17810_CRC-Prim-HE-07_011.tif_Row_151_Col_151.tif,03_COMPLEX/17810_CRC-Prim-HE-07_011.tif_Row_151_Col_151.tif,CRC-Prim-HE-07,2,03_COMPLEX,6,2,03_COMPLEX,0.5986192,True,2,03_COMPLEX,0.72946036,True,0.6640398,True,False,correct_low_confidence,41,2027,True
bb29249aa49ee525,Colorectal Histology MNIST/Kather_texture_2016_image_tiles_5000/Kather_texture_2016_image_tiles_5000/03_COMPLEX/1277_CRC-Prim-HE-08_006.tif_Row_1051_Col_1.tif,03_COMPLEX/1277_CRC-Prim-HE-08_006.tif_Row_1051_Col_1.tif,CRC-Prim-HE-08,2,03_COMPLEX,7,2,03_COMPLEX,0.53255653,True,2,03_COMPLEX,0.7129696,True,0.62276304,True,False,correct_low_confidence,41,2027,True
312072231220d986,Colorectal Histology MNIST/Kather_texture_2016_image_tiles_5000/Kather_texture_2016_image_tiles_5000/03_COMPLEX/18D6_CRC-Prim-HE-09_016.tif_Row_1_Col_751.tif,03_COMPLEX/18D6_CRC-Prim-HE-09_016.tif_Row_1_Col_751.tif,CRC-Prim-HE-09,2,03_COMPLEX,8,2,03_COMPLEX,0.52826315,True,2,03_COMPLEX,0.57439226,True,0.5513277,True,False,correct_low_confidence,41,2027,True
939e45072b1b09c4,Colorectal Histology MNIST/Kather_texture_2016_image_tiles_5000/Kather_texture_2016_image_tiles_5000/03_COMPLEX/149D7_CRC-Prim-HE-10_012.tif_Row_1_Col_1.tif,03_COMPLEX/149D7_CRC-Prim-HE-10_012.tif_Row_1_Col_1.tif,CRC-Prim-HE-10,2,03_COMPLEX,9,2,03_COMPLEX,0.4178852,True,2,03_COMPLEX,0.58214563,True,0.50001544,True,False,correct_low_confidence,41,2027,True
93898025eabb7106,Colorectal Histology MNIST/Kather_texture_2016_image_tiles_5000/Kather_texture_2016_image_tiles_5000/03_COMPLEX/1687D_CRC-Prim-HE-01_037.tif_Row_151_Col_1.tif,03_COMPLEX/1687D_CRC-Prim-HE-01_037.tif_Row_151_Col_1.tif,CRC-Prim-HE-01,2,03_COMPLEX,0,2,03_COMPLEX,0.97570115,True,4,05_DEBRIS,0.90695775,False,0.9413295,False,True,incorrect_any_model,41,2027,True
3ead2e85ebb55c2b,Colorectal Histology MNIST/Kather_texture_2016_image_tiles_5000/Kather_texture_2016_image_tiles_5000/03_COMPLEX/6214_CRC-Prim-HE-02_006.tif_Row_151_Col_1.tif,03_COMPLEX/6214_CRC-Prim-HE-02_006.tif_Row_151_Col_1.tif,CRC-Prim-HE-02,2,03_COMPLEX,1,0,01_TUMOR,0.8097322,False,5,06_MUCOSA,0.93936235,False,0.87454724,False,True,incorrect_any_model,41,2027,True
4aad1550b23a673f,Colorectal Histology MNIST/Kather_texture_2016_image_tiles_5000/Kather_texture_2016_image_tiles_5000/03_COMPLEX/698F_CRC-Prim-HE-03_026.tif_Row_601_Col_151.tif,03_COMPLEX/698F_CRC-Prim-HE-03_026.tif_Row_601_Col_151.tif,CRC-Prim-HE-03,2,03_COMPLEX,2,1,02_STROMA,0.9881493,False,1,02_STROMA,0.9114768,False,0.949813,False,True,incorrect_any_model,41,2027,True
dcde425cdf686b04,Colorectal Histology MNIST/Kather_texture_2016_image_tiles_5000/Kather_texture_2016_image_tiles_5000/03_COMPLEX/16709_CRC-Prim-HE-04_018.tif_Row_301_Col_151.tif,03_COMPLEX/16709_CRC-Prim-HE-04_018.tif_Row_301_Col_151.tif,CRC-Prim-HE-04,2,03_COMPLEX,3,2,03_COMPLEX,0.90861547,True,3,04_LYMPHO,0.5373341,False,0.7229748,False,True,incorrect_any_model,41,2027,True
8cc0a0c9abfb48a3,Colorectal Histology MNIST/Kather_texture_2016_image_tiles_5000/Kather_texture_2016_image_tiles_5000/03_COMPLEX/11953_CRC-Prim-HE-05_009a.tif_Row_151_Col_601.tif,03_COMPLEX/11953_CRC-Prim-HE-05_009a.tif_Row_151_Col_601.tif,CRC-Prim-HE-05,2,03_COMPLEX,4,1,02_STROMA,0.988108,False,1,02_STROMA,0.9655551,False,0.97683156,False,True,incorrect_any_model,41,2027,True
061bb79d23160ee1,Colorectal Histology MNIST/Kather_texture_2016_image_tiles_5000/Kather_texture_2016_image_tiles_5000/03_COMPLEX/659E_CRC-Prim-HE-06_028.tif_Row_151_Col_601.tif,03_COMPLEX/659E_CRC-Prim-HE-06_028.tif_Row_151_Col_601.tif,CRC-Prim-HE-06,2,03_COMPLEX,5,1,02_STROMA,0.80672663,False,1,02_STROMA,0.94811,False,0.8774183,False,True,incorrect_any_model,41,2027,True
f21424bf76115acd,Colorectal Histology MNIST/Kather_texture_2016_image_tiles_5000/Kather_texture_2016_image_tiles_5000/03_COMPLEX/1BFF_CRC-Prim-HE-07_005.tif_Row_1_Col_301.tif,03_COMPLEX/1BFF_CRC-Prim-HE-07_005.tif_Row_1_Col_301.tif,CRC-Prim-HE-07,2,03_COMPLEX,6,1,02_STROMA,0.86567974,False,1,02_STROMA,0.96438605,False,0.91503286,False,True,incorrect_any_model,41,2027,True
e282c13c35afa98c,Colorectal Histology MNIST/Kather_texture_2016_image_tiles_5000/Kather_texture_2016_image_tiles_5000/03_COMPLEX/17E0D_CRC-Prim-HE-08_006.tif_Row_601_Col_1.tif,03_COMPLEX/17E0D_CRC-Prim-HE-08_006.tif_Row_601_Col_1.tif,CRC-Prim-HE-08,2,03_COMPLEX,7,1,02_STROMA,0.94926584,False,2,03_COMPLEX,0.84228987,True,0.8957778,False,True,incorrect_any_model,41,2027,True
00fdaf01f42318eb,Colorectal Histology MNIST/Kather_texture_2016_image_tiles_5000/Kather_texture_2016_image_tiles_5000/03_COMPLEX/10BA2_CRC-Prim-HE-09_028.tif_Row_1_Col_151.tif,03_COMPLEX/10BA2_CRC-Prim-HE-09_028.tif_Row_1_Col_151.tif,CRC-Prim-HE-09,2,03_COMPLEX,8,3,04_LYMPHO,0.8137642,False,3,04_LYMPHO,0.80514836,False,0.8094563,False,True,incorrect_any_model,41,2027,True
a23fbae33d4d8c78,Colorectal Histology MNIST/Kather_texture_2016_image_tiles_5000/Kather_texture_2016_image_tiles_5000/03_COMPLEX/5EB_CRC-Prim-HE-10_030.tif_Row_151_Col_1.tif,03_COMPLEX/5EB_CRC-Prim-HE-10_030.tif_Row_151_Col_1.tif,CRC-Prim-HE-10,2,03_COMPLEX,9,1,02_STROMA,0.48634958,False,4,05_DEBRIS,0.4029164,False,0.444633,False,True,incorrect_any_model,41,2027,True
f3690d3f5927eebc,Colorectal Histology MNIST/Kather_texture_2016_image_tiles_5000/Kather_texture_2016_image_tiles_5000/04_LYMPHO/387F_CRC-Prim-HE-01b.tif_Row_151_Col_151.tif,04_LYMPHO/387F_CRC-Prim-HE-01b.tif_Row_151_Col_151.tif,CRC-Prim-HE-01,3,04_LYMPHO,0,3,04_LYMPHO,0.996029,True,3,04_LYMPHO,0.9742921,True,0.9851606,True,False,correct_high_confidence,41,2027,True
05ec55e971259ba8,Colorectal Histology MNIST/Kather_texture_2016_image_tiles_5000/Kather_texture_2016_image_tiles_5000/04_LYMPHO/8D82_CRC-Prim-HE-01_005.tif_Row_301_Col_601.tif,04_LYMPHO/8D82_CRC-Prim-HE-01_005.tif_Row_301_Col_601.tif,CRC-Prim-HE-01,3,04_LYMPHO,0,3,04_LYMPHO,0.9945312,True,3,04_LYMPHO,0.96720105,True,0.98086613,True,False,correct_high_confidence,41,2027,True
de23c47aa96416d1,Colorectal Histology MNIST/Kather_texture_2016_image_tiles_5000/Kather_texture_2016_image_tiles_5000/04_LYMPHO/105DB_CRC-Prim-HE-02_copy.tif_Row_1_Col_601.tif,04_LYMPHO/105DB_CRC-Prim-HE-02_copy.tif_Row_1_Col_601.tif,CRC-Prim-HE-02,3,04_LYMPHO,1,3,04_LYMPHO,0.99451363,True,3,04_LYMPHO,0.9998331,True,0.99717337,True,False,correct_high_confidence,41,2027,True
4e1415b68afd1584,Colorectal Histology MNIST/Kather_texture_2016_image_tiles_5000/Kather_texture_2016_image_tiles_5000/04_LYMPHO/1121D_CRC-Prim-HE-02.tif_Row_151_Col_151.tif,04_LYMPHO/1121D_CRC-Prim-HE-02.tif_Row_151_Col_151.tif,CRC-Prim-HE-02,3,04_LYMPHO,1,3,04_LYMPHO,0.99345785,True,3,04_LYMPHO,0.99963725,True,0.9965476,True,False,correct_high_confidence,41,2027,True
67161ff392b6a2aa,Colorectal Histology MNIST/Kather_texture_2016_image_tiles_5000/Kather_texture_2016_image_tiles_5000/04_LYMPHO/10B84_CRC-Prim-HE-04_031.tif_Row_151_Col_451.tif,04_LYMPHO/10B84_CRC-Prim-HE-04_031.tif_Row_151_Col_451.tif,CRC-Prim-HE-04,3,04_LYMPHO,3,3,04_LYMPHO,0.99770075,True,3,04_LYMPHO,0.9999385,True,0.9988196,True,False,correct_high_confidence,41,2027,True
4bb5d08e6fc0f323,Colorectal Histology MNIST/Kather_texture_2016_image_tiles_5000/Kather_texture_2016_image_tiles_5000/04_LYMPHO/1FD7_CRC-Prim-HE-04_031.tif_Row_301_Col_1.tif,04_LYMPHO/1FD7_CRC-Prim-HE-04_031.tif_Row_301_Col_1.tif,CRC-Prim-HE-04,3,04_LYMPHO,3,3,04_LYMPHO,0.9986462,True,3,04_LYMPHO,0.99998844,True,0.9993173,True,False,correct_high_confidence,41,2027,True
84bd2dc0cefd68eb,Colorectal Histology MNIST/Kather_texture_2016_image_tiles_5000/Kather_texture_2016_image_tiles_5000/04_LYMPHO/1030C_CRC-Prim-HE-05_010.tif_Row_1051_Col_151.tif,04_LYMPHO/1030C_CRC-Prim-HE-05_010.tif_Row_1051_Col_151.tif,CRC-Prim-HE-05,3,04_LYMPHO,4,3,04_LYMPHO,0.99889696,True,3,04_LYMPHO,0.9462647,True,0.9725808,True,False,correct_high_confidence,41,2027,True
a3a71800248d10f3,Colorectal Histology MNIST/Kather_texture_2016_image_tiles_5000/Kather_texture_2016_image_tiles_5000/04_LYMPHO/114D_CRC-Prim-HE-05_003.tif_Row_451_Col_751.tif,04_LYMPHO/114D_CRC-Prim-HE-05_003.tif_Row_451_Col_751.tif,CRC-Prim-HE-05,3,04_LYMPHO,4,3,04_LYMPHO,0.9820176,True,3,04_LYMPHO,0.96456605,True,0.9732918,True,False,correct_high_confidence,41,2027,True
10614386a7d0aba7,Colorectal Histology MNIST/Kather_texture_2016_image_tiles_5000/Kather_texture_2016_image_tiles_5000/04_LYMPHO/16837_CRC-Prim-HE-06.tif_Row_301_Col_451.tif,04_LYMPHO/16837_CRC-Prim-HE-06.tif_Row_301_Col_451.tif,CRC-Prim-HE-06,3,04_LYMPHO,5,3,04_LYMPHO,0.9956554,True,3,04_LYMPHO,0.9967782,True,0.9962168,True,False,correct_high_confidence,41,2027,True
f805172f1b7a7abe,Colorectal Histology MNIST/Kather_texture_2016_image_tiles_5000/Kather_texture_2016_image_tiles_5000/04_LYMPHO/6B57_CRC-Prim-HE-06.tif_Row_151_Col_451.tif,04_LYMPHO/6B57_CRC-Prim-HE-06.tif_Row_151_Col_451.tif,CRC-Prim-HE-06,3,04_LYMPHO,5,3,04_LYMPHO,0.99606556,True,3,04_LYMPHO,0.9969277,True,0.9964966,True,False,correct_high_confidence,41,2027,True
aa43907cd4b2becd,Colorectal Histology MNIST/Kather_texture_2016_image_tiles_5000/Kather_texture_2016_image_tiles_5000/04_LYMPHO/CCDE_CRC-Prim-HE-07_003.tif_Row_151_Col_1.tif,04_LYMPHO/CCDE_CRC-Prim-HE-07_003.tif_Row_151_Col_1.tif,CRC-Prim-HE-07,3,04_LYMPHO,6,3,04_LYMPHO,0.96491456,True,3,04_LYMPHO,0.94170886,True,0.9533117,True,False,correct_high_confidence,41,2027,True
d1c51024cb1d7ffe,Colorectal Histology MNIST/Kather_texture_2016_image_tiles_5000/Kather_texture_2016_image_tiles_5000/04_LYMPHO/119C5_CRC-Prim-HE-08_011.tif_Row_301_Col_151.tif,04_LYMPHO/119C5_CRC-Prim-HE-08_011.tif_Row_301_Col_151.tif,CRC-Prim-HE-08,3,04_LYMPHO,7,3,04_LYMPHO,0.99985313,True,3,04_LYMPHO,0.9983381,True,0.9990956,True,False,correct_high_confidence,41,2027,True
0563036f6d233d97,Colorectal Histology MNIST/Kather_texture_2016_image_tiles_5000/Kather_texture_2016_image_tiles_5000/04_LYMPHO/58BD_CRC-Prim-HE-08_011.tif_Row_301_Col_1.tif,04_LYMPHO/58BD_CRC-Prim-HE-08_011.tif_Row_301_Col_1.tif,CRC-Prim-HE-08,3,04_LYMPHO,7,3,04_LYMPHO,0.9997862,True,3,04_LYMPHO,0.9987571,True,0.99927163,True,False,correct_high_confidence,41,2027,True
3ca77c8ff28c6a38,Colorectal Histology MNIST/Kather_texture_2016_image_tiles_5000/Kather_texture_2016_image_tiles_5000/04_LYMPHO/12102_CRC-Prim-HE-09_013.tif_Row_1_Col_151.tif,04_LYMPHO/12102_CRC-Prim-HE-09_013.tif_Row_1_Col_151.tif,CRC-Prim-HE-09,3,04_LYMPHO,8,3,04_LYMPHO,0.99803716,True,3,04_LYMPHO,0.9853817,True,0.9917095,True,False,correct_high_confidence,41,2027,True
3bb11e583afc1ccb,Colorectal Histology MNIST/Kather_texture_2016_image_tiles_5000/Kather_texture_2016_image_tiles_5000/04_LYMPHO/17BFA_CRC-Prim-HE-09_013.tif_Row_1_Col_1.tif,04_LYMPHO/17BFA_CRC-Prim-HE-09_013.tif_Row_1_Col_1.tif,CRC-Prim-HE-09,3,04_LYMPHO,8,3,04_LYMPHO,0.99369,True,3,04_LYMPHO,0.99172443,True,0.99270725,True,False,correct_high_confidence,41,2027,True
0182d47bc6239a0a,Colorectal Histology MNIST/Kather_texture_2016_image_tiles_5000/Kather_texture_2016_image_tiles_5000/04_LYMPHO/5945_CRC-Prim-HE-10c.tif_Row_1_Col_151.tif,04_LYMPHO/5945_CRC-Prim-HE-10c.tif_Row_1_Col_151.tif,CRC-Prim-HE-10,3,04_LYMPHO,9,3,04_LYMPHO,0.945289,True,3,04_LYMPHO,0.9703264,True,0.9578077,True,False,correct_high_confidence,41,2027,True
81900f74ad505918,Colorectal Histology MNIST/Kather_texture_2016_image_tiles_5000/Kather_texture_2016_image_tiles_5000/04_LYMPHO/15EA0_CRC-Prim-HE-01_013.tif_Row_151_Col_151.tif,04_LYMPHO/15EA0_CRC-Prim-HE-01_013.tif_Row_151_Col_151.tif,CRC-Prim-HE-01,3,04_LYMPHO,0,3,04_LYMPHO,0.82022506,True,3,04_LYMPHO,0.36460993,True,0.5924175,True,False,correct_low_confidence,41,2027,True
290bb19ac8108af9,Colorectal Histology MNIST/Kather_texture_2016_image_tiles_5000/Kather_texture_2016_image_tiles_5000/04_LYMPHO/17C5B_CRC-Prim-HE-02_012.tif_Row_451_Col_151.tif,04_LYMPHO/17C5B_CRC-Prim-HE-02_012.tif_Row_451_Col_151.tif,CRC-Prim-HE-02,3,04_LYMPHO,1,3,04_LYMPHO,0.6807474,True,3,04_LYMPHO,0.58236074,True,0.63155407,True,False,correct_low_confidence,41,2027,True
2e3594a7d7c7df9e,Colorectal Histology MNIST/Kather_texture_2016_image_tiles_5000/Kather_texture_2016_image_tiles_5000/04_LYMPHO/1631D_CRC-Prim-HE-04_031.tif_Row_1_Col_151.tif,04_LYMPHO/1631D_CRC-Prim-HE-04_031.tif_Row_1_Col_151.tif,CRC-Prim-HE-04,3,04_LYMPHO,3,3,04_LYMPHO,0.8960727,True,3,04_LYMPHO,0.91570693,True,0.9058898,True,False,correct_low_confidence,41,2027,True
59fb439e8286c5e4,Colorectal Histology MNIST/Kather_texture_2016_image_tiles_5000/Kather_texture_2016_image_tiles_5000/04_LYMPHO/A868_CRC-Prim-HE-05_004.tif_Row_601_Col_901.tif,04_LYMPHO/A868_CRC-Prim-HE-05_004.tif_Row_601_Col_901.tif,CRC-Prim-HE-05,3,04_LYMPHO,4,3,04_LYMPHO,0.538526,True,3,04_LYMPHO,0.54164106,True,0.5400835,True,False,correct_low_confidence,41,2027,True
3dbf0a1ef913a401,Colorectal Histology MNIST/Kather_texture_2016_image_tiles_5000/Kather_texture_2016_image_tiles_5000/04_LYMPHO/12243_CRC-Prim-HE-06.tif_Row_301_Col_151.tif,04_LYMPHO/12243_CRC-Prim-HE-06.tif_Row_301_Col_151.tif,CRC-Prim-HE-06,3,04_LYMPHO,5,3,04_LYMPHO,0.96688634,True,3,04_LYMPHO,0.6734567,True,0.82017154,True,False,correct_low_confidence,41,2027,True
7fbe4f5d5ceb71bf,Colorectal Histology MNIST/Kather_texture_2016_image_tiles_5000/Kather_texture_2016_image_tiles_5000/04_LYMPHO/119A9_CRC-Prim-HE-07_002.tif_Row_1_Col_1.tif,04_LYMPHO/119A9_CRC-Prim-HE-07_002.tif_Row_1_Col_1.tif,CRC-Prim-HE-07,3,04_LYMPHO,6,3,04_LYMPHO,0.62093633,True,3,04_LYMPHO,0.85194653,True,0.73644143,True,False,correct_low_confidence,41,2027,True
6eedbeb9298dae43,Colorectal Histology MNIST/Kather_texture_2016_image_tiles_5000/Kather_texture_2016_image_tiles_5000/04_LYMPHO/104F5_CRC-Prim-HE-09_005.tif_Row_601_Col_151.tif,04_LYMPHO/104F5_CRC-Prim-HE-09_005.tif_Row_601_Col_151.tif,CRC-Prim-HE-09,3,04_LYMPHO,8,3,04_LYMPHO,0.71291995,True,3,04_LYMPHO,0.5716426,True,0.6422813,True,False,correct_low_confidence,41,2027,True
195af23f96ac85e4,Colorectal Histology MNIST/Kather_texture_2016_image_tiles_5000/Kather_texture_2016_image_tiles_5000/04_LYMPHO/7CAA_CRC-Prim-HE-10c.tif_Row_151_Col_151.tif,04_LYMPHO/7CAA_CRC-Prim-HE-10c.tif_Row_151_Col_151.tif,CRC-Prim-HE-10,3,04_LYMPHO,9,3,04_LYMPHO,0.92741275,True,3,04_LYMPHO,0.73833895,True,0.83287585,True,False,correct_low_confidence,41,2027,True
24dee988a31df0a8,Colorectal Histology MNIST/Kather_texture_2016_image_tiles_5000/Kather_texture_2016_image_tiles_5000/04_LYMPHO/15668_CRC-Prim-HE-01_004.tif_Row_601_Col_1201.tif,04_LYMPHO/15668_CRC-Prim-HE-01_004.tif_Row_601_Col_1201.tif,CRC-Prim-HE-01,3,04_LYMPHO,0,3,04_LYMPHO,0.989837,True,0,01_TUMOR,0.9943699,False,0.99210346,False,True,incorrect_any_model,41,2027,True
5b7e03f7d327429c,Colorectal Histology MNIST/Kather_texture_2016_image_tiles_5000/Kather_texture_2016_image_tiles_5000/04_LYMPHO/AFD6_CRC-Prim-HE-02_012.tif_Row_1_Col_1.tif,04_LYMPHO/AFD6_CRC-Prim-HE-02_012.tif_Row_1_Col_1.tif,CRC-Prim-HE-02,3,04_LYMPHO,1,2,03_COMPLEX,0.8219629,False,5,06_MUCOSA,0.89131325,False,0.8566381,False,True,incorrect_any_model,41,2027,True
82816ea16f256d92,Colorectal Histology MNIST/Kather_texture_2016_image_tiles_5000/Kather_texture_2016_image_tiles_5000/04_LYMPHO/B419_CRC-Prim-HE-02_012.tif_Row_151_Col_151.tif,04_LYMPHO/B419_CRC-Prim-HE-02_012.tif_Row_151_Col_151.tif,CRC-Prim-HE-02,3,04_LYMPHO,1,2,03_COMPLEX,0.94168425,False,5,06_MUCOSA,0.6888524,False,0.81526834,False,True,incorrect_any_model,41,2027,True
f4dc756790902f42,Colorectal Histology MNIST/Kather_texture_2016_image_tiles_5000/Kather_texture_2016_image_tiles_5000/04_LYMPHO/5971_CRC-Prim-HE-03_032.tif_Row_151_Col_1.tif,04_LYMPHO/5971_CRC-Prim-HE-03_032.tif_Row_151_Col_1.tif,CRC-Prim-HE-03,3,04_LYMPHO,2,2,03_COMPLEX,0.66881585,False,2,03_COMPLEX,0.9171771,False,0.79299647,False,True,incorrect_any_model,41,2027,True
6465c9036d58a3a9,Colorectal Histology MNIST/Kather_texture_2016_image_tiles_5000/Kather_texture_2016_image_tiles_5000/04_LYMPHO/EC9C_CRC-Prim-HE-03_032.tif_Row_451_Col_1.tif,04_LYMPHO/EC9C_CRC-Prim-HE-03_032.tif_Row_451_Col_1.tif,CRC-Prim-HE-03,3,04_LYMPHO,2,2,03_COMPLEX,0.70682347,False,2,03_COMPLEX,0.69926935,False,0.70304644,False,True,incorrect_any_model,41,2027,True
7d7d0d051e9daf30,Colorectal Histology MNIST/Kather_texture_2016_image_tiles_5000/Kather_texture_2016_image_tiles_5000/04_LYMPHO/10719_CRC-Prim-HE-05_028.tif_Row_1_Col_151.tif,04_LYMPHO/10719_CRC-Prim-HE-05_028.tif_Row_1_Col_151.tif,CRC-Prim-HE-05,3,04_LYMPHO,4,2,03_COMPLEX,0.932521,False,0,01_TUMOR,0.7519149,False,0.8422179,False,True,incorrect_any_model,41,2027,True
3757a745ffe453db,Colorectal Histology MNIST/Kather_texture_2016_image_tiles_5000/Kather_texture_2016_image_tiles_5000/04_LYMPHO/10B3B_CRC-Prim-HE-05_028.tif_Row_151_Col_151.tif,04_LYMPHO/10B3B_CRC-Prim-HE-05_028.tif_Row_151_Col_151.tif,CRC-Prim-HE-05,3,04_LYMPHO,4,2,03_COMPLEX,0.8893865,False,0,01_TUMOR,0.8212812,False,0.8553338,False,True,incorrect_any_model,41,2027,True
12c2dfb57f91416f,Colorectal Histology MNIST/Kather_texture_2016_image_tiles_5000/Kather_texture_2016_image_tiles_5000/04_LYMPHO/D948_CRC-Prim-HE-09_006.tif_Row_1_Col_151.tif,04_LYMPHO/D948_CRC-Prim-HE-09_006.tif_Row_1_Col_151.tif,CRC-Prim-HE-09,3,04_LYMPHO,8,2,03_COMPLEX,0.9769915,False,2,03_COMPLEX,0.91857463,False,0.94778305,False,True,incorrect_any_model,41,2027,True
f592dea2058e2fbb,Colorectal Histology MNIST/Kather_texture_2016_image_tiles_5000/Kather_texture_2016_image_tiles_5000/04_LYMPHO/E86D_CRC-Prim-HE-09_019.tif_Row_601_Col_1.tif,04_LYMPHO/E86D_CRC-Prim-HE-09_019.tif_Row_601_Col_1.tif,CRC-Prim-HE-09,3,04_LYMPHO,8,2,03_COMPLEX,0.92231613,False,2,03_COMPLEX,0.8738793,False,0.89809775,False,True,incorrect_any_model,41,2027,True
0dd68f6af37c415e,Colorectal Histology MNIST/Kather_texture_2016_image_tiles_5000/Kather_texture_2016_image_tiles_5000/04_LYMPHO/F864_CRC-Prim-HE-10_011.tif_Row_1_Col_151.tif,04_LYMPHO/F864_CRC-Prim-HE-10_011.tif_Row_1_Col_151.tif,CRC-Prim-HE-10,3,04_LYMPHO,9,2,03_COMPLEX,0.81932425,False,3,04_LYMPHO,0.6765737,True,0.747949,False,True,incorrect_any_model,41,2027,True
ada7eec7a05126f2,Colorectal Histology MNIST/Kather_texture_2016_image_tiles_5000/Kather_texture_2016_image_tiles_5000/05_DEBRIS/14181_CRC-Prim-HE-01_024.tif_Row_151_Col_451.tif,05_DEBRIS/14181_CRC-Prim-HE-01_024.tif_Row_151_Col_451.tif,CRC-Prim-HE-01,4,05_DEBRIS,0,4,05_DEBRIS,0.9975551,True,4,05_DEBRIS,0.9884841,True,0.9930196,True,False,correct_high_confidence,41,2027,True
5fbd0a0168e78ab0,Colorectal Histology MNIST/Kather_texture_2016_image_tiles_5000/Kather_texture_2016_image_tiles_5000/05_DEBRIS/16C1_CRC-Prim-HE-01_023.tif_Row_1_Col_151.tif,05_DEBRIS/16C1_CRC-Prim-HE-01_023.tif_Row_1_Col_151.tif,CRC-Prim-HE-01,4,05_DEBRIS,0,4,05_DEBRIS,0.9969007,True,4,05_DEBRIS,0.9924891,True,0.9946949,True,False,correct_high_confidence,41,2027,True
18bb356ffc655fde,Colorectal Histology MNIST/Kather_texture_2016_image_tiles_5000/Kather_texture_2016_image_tiles_5000/05_DEBRIS/2D5A_CRC-Prim-HE-01_023.tif_Row_1_Col_301.tif,05_DEBRIS/2D5A_CRC-Prim-HE-01_023.tif_Row_1_Col_301.tif,CRC-Prim-HE-01,4,05_DEBRIS,0,4,05_DEBRIS,0.99958414,True,4,05_DEBRIS,0.9861454,True,0.9928647,True,False,correct_high_confidence,41,2027,True
472807da8f0b9d8f,Colorectal Histology MNIST/Kather_texture_2016_image_tiles_5000/Kather_texture_2016_image_tiles_5000/05_DEBRIS/1155A_CRC-Prim-HE-04_020.tif_Row_301_Col_151.tif,05_DEBRIS/1155A_CRC-Prim-HE-04_020.tif_Row_301_Col_151.tif,CRC-Prim-HE-04,4,05_DEBRIS,3,4,05_DEBRIS,0.99280775,True,4,05_DEBRIS,0.999713,True,0.9962604,True,False,correct_high_confidence,41,2027,True
68d7766cea567a97,Colorectal Histology MNIST/Kather_texture_2016_image_tiles_5000/Kather_texture_2016_image_tiles_5000/05_DEBRIS/172D2_CRC-Prim-HE-04_020.tif_Row_1_Col_1.tif,05_DEBRIS/172D2_CRC-Prim-HE-04_020.tif_Row_1_Col_1.tif,CRC-Prim-HE-04,4,05_DEBRIS,3,4,05_DEBRIS,0.9910795,True,4,05_DEBRIS,0.9998253,True,0.9954524,True,False,correct_high_confidence,41,2027,True
5ecfdf1119937db7,Colorectal Histology MNIST/Kather_texture_2016_image_tiles_5000/Kather_texture_2016_image_tiles_5000/05_DEBRIS/2DEE_CRC-Prim-HE-04_020.tif_Row_451_Col_1.tif,05_DEBRIS/2DEE_CRC-Prim-HE-04_020.tif_Row_451_Col_1.tif,CRC-Prim-HE-04,4,05_DEBRIS,3,4,05_DEBRIS,0.99556786,True,4,05_DEBRIS,0.99977046,True,0.99766916,True,False,correct_high_confidence,41,2027,True
c18fc3e2973f0de1,Colorectal Histology MNIST/Kather_texture_2016_image_tiles_5000/Kather_texture_2016_image_tiles_5000/05_DEBRIS/17C0B_CRC-Prim-HE-05_031.tif_Row_151_Col_1.tif,05_DEBRIS/17C0B_CRC-Prim-HE-05_031.tif_Row_151_Col_1.tif,CRC-Prim-HE-05,4,05_DEBRIS,4,4,05_DEBRIS,0.9888255,True,4,05_DEBRIS,0.9798463,True,0.9843359,True,False,correct_high_confidence,41,2027,True
d1efa060416e2952,Colorectal Histology MNIST/Kather_texture_2016_image_tiles_5000/Kather_texture_2016_image_tiles_5000/05_DEBRIS/182AB_CRC-Prim-HE-05_031.tif_Row_1_Col_1.tif,05_DEBRIS/182AB_CRC-Prim-HE-05_031.tif_Row_1_Col_1.tif,CRC-Prim-HE-05,4,05_DEBRIS,4,4,05_DEBRIS,0.996902,True,4,05_DEBRIS,0.96153146,True,0.9792167,True,False,correct_high_confidence,41,2027,True
2bcf837c4e8f8d5b,Colorectal Histology MNIST/Kather_texture_2016_image_tiles_5000/Kather_texture_2016_image_tiles_5000/05_DEBRIS/225B_CRC-Prim-HE-05_031.tif_Row_151_Col_151.tif,05_DEBRIS/225B_CRC-Prim-HE-05_031.tif_Row_151_Col_151.tif,CRC-Prim-HE-05,4,05_DEBRIS,4,4,05_DEBRIS,0.9937988,True,4,05_DEBRIS,0.92965955,True,0.96172917,True,False,correct_high_confidence,41,2027,True
c68a986b4dae0cf4,Colorectal Histology MNIST/Kather_texture_2016_image_tiles_5000/Kather_texture_2016_image_tiles_5000/05_DEBRIS/5501_CRC-Prim-HE-06_037.tif_Row_601_Col_301.tif,05_DEBRIS/5501_CRC-Prim-HE-06_037.tif_Row_601_Col_301.tif,CRC-Prim-HE-06,4,05_DEBRIS,5,4,05_DEBRIS,0.8743792,True,4,05_DEBRIS,0.99268806,True,0.93353367,True,False,correct_high_confidence,41,2027,True
d63f1676f784f23d,Colorectal Histology MNIST/Kather_texture_2016_image_tiles_5000/Kather_texture_2016_image_tiles_5000/05_DEBRIS/7A70_CRC-Prim-HE-06_037.tif_Row_751_Col_151.tif,05_DEBRIS/7A70_CRC-Prim-HE-06_037.tif_Row_751_Col_151.tif,CRC-Prim-HE-06,4,05_DEBRIS,5,4,05_DEBRIS,0.9420038,True,4,05_DEBRIS,0.9951977,True,0.96860075,True,False,correct_high_confidence,41,2027,True
cf0939767237c80d,Colorectal Histology MNIST/Kather_texture_2016_image_tiles_5000/Kather_texture_2016_image_tiles_5000/05_DEBRIS/100D8_CRC-Prim-HE-09_018.tif_Row_1_Col_451.tif,05_DEBRIS/100D8_CRC-Prim-HE-09_018.tif_Row_1_Col_451.tif,CRC-Prim-HE-09,4,05_DEBRIS,8,4,05_DEBRIS,0.9799928,True,4,05_DEBRIS,0.9720033,True,0.97599804,True,False,correct_high_confidence,41,2027,True
861d7c478063ac75,Colorectal Histology MNIST/Kather_texture_2016_image_tiles_5000/Kather_texture_2016_image_tiles_5000/05_DEBRIS/102A0_CRC-Prim-HE-09_003.tif_Row_151_Col_1.tif,05_DEBRIS/102A0_CRC-Prim-HE-09_003.tif_Row_151_Col_1.tif,CRC-Prim-HE-09,4,05_DEBRIS,8,4,05_DEBRIS,0.98195994,True,4,05_DEBRIS,0.9755469,True,0.97875345,True,False,correct_high_confidence,41,2027,True
b37b8b23cb98ecbb,Colorectal Histology MNIST/Kather_texture_2016_image_tiles_5000/Kather_texture_2016_image_tiles_5000/05_DEBRIS/1695A_CRC-Prim-HE-09_003.tif_Row_151_Col_451.tif,05_DEBRIS/1695A_CRC-Prim-HE-09_003.tif_Row_151_Col_451.tif,CRC-Prim-HE-09,4,05_DEBRIS,8,4,05_DEBRIS,0.9915139,True,4,05_DEBRIS,0.9615353,True,0.9765246,True,False,correct_high_confidence,41,2027,True
aacf4d181a79611d,Colorectal Histology MNIST/Kather_texture_2016_image_tiles_5000/Kather_texture_2016_image_tiles_5000/05_DEBRIS/1791_CRC-Prim-HE-10_016.tif_Row_301_Col_151.tif,05_DEBRIS/1791_CRC-Prim-HE-10_016.tif_Row_301_Col_151.tif,CRC-Prim-HE-10,4,05_DEBRIS,9,4,05_DEBRIS,0.97411275,True,4,05_DEBRIS,0.8091244,True,0.8916186,True,False,correct_high_confidence,41,2027,True
bab8ffa3672fe863,Colorectal Histology MNIST/Kather_texture_2016_image_tiles_5000/Kather_texture_2016_image_tiles_5000/05_DEBRIS/182B3_CRC-Prim-HE-10_018.tif_Row_1_Col_1.tif,05_DEBRIS/182B3_CRC-Prim-HE-10_018.tif_Row_1_Col_1.tif,CRC-Prim-HE-10,4,05_DEBRIS,9,4,05_DEBRIS,0.99569726,True,4,05_DEBRIS,0.7312834,True,0.86349034,True,False,correct_high_confidence,41,2027,True
eaf3ad0d094266c7,Colorectal Histology MNIST/Kather_texture_2016_image_tiles_5000/Kather_texture_2016_image_tiles_5000/05_DEBRIS/6667_CRC-Prim-HE-01_025.tif_Row_1_Col_1.tif,05_DEBRIS/6667_CRC-Prim-HE-01_025.tif_Row_1_Col_1.tif,CRC-Prim-HE-01,4,05_DEBRIS,0,4,05_DEBRIS,0.87992615,True,4,05_DEBRIS,0.62503326,True,0.7524797,True,False,correct_low_confidence,41,2027,True
b413d9d06b6eb228,Colorectal Histology MNIST/Kather_texture_2016_image_tiles_5000/Kather_texture_2016_image_tiles_5000/05_DEBRIS/1599F_CRC-Prim-HE-04_012.tif_Row_151_Col_1.tif,05_DEBRIS/1599F_CRC-Prim-HE-04_012.tif_Row_151_Col_1.tif,CRC-Prim-HE-04,4,05_DEBRIS,3,4,05_DEBRIS,0.93284637,True,4,05_DEBRIS,0.51186734,True,0.72235686,True,False,correct_low_confidence,41,2027,True
1646784e13982634,Colorectal Histology MNIST/Kather_texture_2016_image_tiles_5000/Kather_texture_2016_image_tiles_5000/05_DEBRIS/66D8_CRC-Prim-HE-05_031.tif_Row_1_Col_1201.tif,05_DEBRIS/66D8_CRC-Prim-HE-05_031.tif_Row_1_Col_1201.tif,CRC-Prim-HE-05,4,05_DEBRIS,4,4,05_DEBRIS,0.8632299,True,4,05_DEBRIS,0.5055869,True,0.6844084,True,False,correct_low_confidence,41,2027,True
cb86458124384107,Colorectal Histology MNIST/Kather_texture_2016_image_tiles_5000/Kather_texture_2016_image_tiles_5000/05_DEBRIS/12394_CRC-Prim-HE-06_029.tif_Row_1_Col_301.tif,05_DEBRIS/12394_CRC-Prim-HE-06_029.tif_Row_1_Col_301.tif,CRC-Prim-HE-06,4,05_DEBRIS,5,4,05_DEBRIS,0.43343574,True,4,05_DEBRIS,0.68827343,True,0.56085455,True,False,correct_low_confidence,41,2027,True
b5d9d54cd96b2071,Colorectal Histology MNIST/Kather_texture_2016_image_tiles_5000/Kather_texture_2016_image_tiles_5000/05_DEBRIS/32FA_CRC-Prim-HE-06_037.tif_Row_151_Col_151.tif,05_DEBRIS/32FA_CRC-Prim-HE-06_037.tif_Row_151_Col_151.tif,CRC-Prim-HE-06,4,05_DEBRIS,5,4,05_DEBRIS,0.46963564,True,4,05_DEBRIS,0.98275054,True,0.7261931,True,False,correct_low_confidence,41,2027,True
66c5c50aae1f3eb7,Colorectal Histology MNIST/Kather_texture_2016_image_tiles_5000/Kather_texture_2016_image_tiles_5000/05_DEBRIS/7C6C_CRC-Prim-HE-08_017.tif_Row_1_Col_1.tif,05_DEBRIS/7C6C_CRC-Prim-HE-08_017.tif_Row_1_Col_1.tif,CRC-Prim-HE-08,4,05_DEBRIS,7,4,05_DEBRIS,0.998781,True,4,05_DEBRIS,0.8216735,True,0.9102273,True,False,correct_low_confidence,41,2027,True
592b680687a86a91,Colorectal Histology MNIST/Kather_texture_2016_image_tiles_5000/Kather_texture_2016_image_tiles_5000/05_DEBRIS/10EDE_CRC-Prim-HE-09_018.tif_Row_1_Col_751.tif,05_DEBRIS/10EDE_CRC-Prim-HE-09_018.tif_Row_1_Col_751.tif,CRC-Prim-HE-09,4,05_DEBRIS,8,4,05_DEBRIS,0.4288683,True,4,05_DEBRIS,0.95510924,True,0.69198877,True,False,correct_low_confidence,41,2027,True
f1ee00d7ee61f85b,Colorectal Histology MNIST/Kather_texture_2016_image_tiles_5000/Kather_texture_2016_image_tiles_5000/05_DEBRIS/1516E_CRC-Prim-HE-10_018.tif_Row_301_Col_151.tif,05_DEBRIS/1516E_CRC-Prim-HE-10_018.tif_Row_301_Col_151.tif,CRC-Prim-HE-10,4,05_DEBRIS,9,4,05_DEBRIS,0.9889894,True,4,05_DEBRIS,0.48953578,True,0.7392626,True,False,correct_low_confidence,41,2027,True
e32905663da3594c,Colorectal Histology MNIST/Kather_texture_2016_image_tiles_5000/Kather_texture_2016_image_tiles_5000/05_DEBRIS/126E5_CRC-Prim-HE-02_020.tif_Row_1_Col_1.tif,05_DEBRIS/126E5_CRC-Prim-HE-02_020.tif_Row_1_Col_1.tif,CRC-Prim-HE-02,4,05_DEBRIS,1,0,01_TUMOR,0.49216112,False,2,03_COMPLEX,0.8775108,False,0.684836,False,True,incorrect_any_model,41,2027,True
7778660ba40e1dfb,Colorectal Histology MNIST/Kather_texture_2016_image_tiles_5000/Kather_texture_2016_image_tiles_5000/05_DEBRIS/4B2B_CRC-Prim-HE-03_014.tif_Row_301_Col_451.tif,05_DEBRIS/4B2B_CRC-Prim-HE-03_014.tif_Row_301_Col_451.tif,CRC-Prim-HE-03,4,05_DEBRIS,2,1,02_STROMA,0.8784999,False,1,02_STROMA,0.9477865,False,0.9131432,False,True,incorrect_any_model,41,2027,True
dc6b94ff2715424a,Colorectal Histology MNIST/Kather_texture_2016_image_tiles_5000/Kather_texture_2016_image_tiles_5000/05_DEBRIS/15ABF_CRC-Prim-HE-04_002.tif_Row_751_Col_1051.tif,05_DEBRIS/15ABF_CRC-Prim-HE-04_002.tif_Row_751_Col_1051.tif,CRC-Prim-HE-04,4,05_DEBRIS,3,4,05_DEBRIS,0.99949455,True,5,06_MUCOSA,0.999701,False,0.9995978,False,True,incorrect_any_model,41,2027,True
bbd0df7cb2f1d6d1,Colorectal Histology MNIST/Kather_texture_2016_image_tiles_5000/Kather_texture_2016_image_tiles_5000/05_DEBRIS/4E83_CRC-Prim-HE-05_031.tif_Row_451_Col_151.tif,05_DEBRIS/4E83_CRC-Prim-HE-05_031.tif_Row_451_Col_151.tif,CRC-Prim-HE-05,4,05_DEBRIS,4,6,07_ADIPOSE,0.46042615,False,6,07_ADIPOSE,0.6625968,False,0.5615115,False,True,incorrect_any_model,41,2027,True
fff9dc6d3b013d9f,Colorectal Histology MNIST/Kather_texture_2016_image_tiles_5000/Kather_texture_2016_image_tiles_5000/05_DEBRIS/118D7_CRC-Prim-HE-07_002.tif_Row_451_Col_1201.tif,05_DEBRIS/118D7_CRC-Prim-HE-07_002.tif_Row_451_Col_1201.tif,CRC-Prim-HE-07,4,05_DEBRIS,6,1,02_STROMA,0.99493414,False,1,02_STROMA,0.98543406,False,0.99018407,False,True,incorrect_any_model,41,2027,True
1561a0129380bfdd,Colorectal Histology MNIST/Kather_texture_2016_image_tiles_5000/Kather_texture_2016_image_tiles_5000/05_DEBRIS/521A_CRC-Prim-HE-07_002.tif_Row_1051_Col_751.tif,05_DEBRIS/521A_CRC-Prim-HE-07_002.tif_Row_1051_Col_751.tif,CRC-Prim-HE-07,4,05_DEBRIS,6,1,02_STROMA,0.9990023,False,1,02_STROMA,0.97003233,False,0.98451734,False,True,incorrect_any_model,41,2027,True
1a44a2f69fce97f0,Colorectal Histology MNIST/Kather_texture_2016_image_tiles_5000/Kather_texture_2016_image_tiles_5000/05_DEBRIS/5E20_CRC-Prim-HE-08_023.tif_Row_751_Col_1051.tif,05_DEBRIS/5E20_CRC-Prim-HE-08_023.tif_Row_751_Col_1051.tif,CRC-Prim-HE-08,4,05_DEBRIS,7,1,02_STROMA,0.995685,False,1,02_STROMA,0.9529606,False,0.9743228,False,True,incorrect_any_model,41,2027,True
ac9d7a94992179c6,Colorectal Histology MNIST/Kather_texture_2016_image_tiles_5000/Kather_texture_2016_image_tiles_5000/05_DEBRIS/6B49_CRC-Prim-HE-08_021.tif_Row_1201_Col_1501.tif,05_DEBRIS/6B49_CRC-Prim-HE-08_021.tif_Row_1201_Col_1501.tif,CRC-Prim-HE-08,4,05_DEBRIS,7,1,02_STROMA,0.9813952,False,1,02_STROMA,0.9587958,False,0.9700955,False,True,incorrect_any_model,41,2027,True
055885cb26f57d55,Colorectal Histology MNIST/Kather_texture_2016_image_tiles_5000/Kather_texture_2016_image_tiles_5000/05_DEBRIS/10713_CRC-Prim-HE-09_004.tif_Row_301_Col_1.tif,05_DEBRIS/10713_CRC-Prim-HE-09_004.tif_Row_301_Col_1.tif,CRC-Prim-HE-09,4,05_DEBRIS,8,4,05_DEBRIS,0.9914914,True,1,02_STROMA,0.44355,False,0.7175207,False,True,incorrect_any_model,41,2027,True
6dac77a087f5872c,Colorectal Histology MNIST/Kather_texture_2016_image_tiles_5000/Kather_texture_2016_image_tiles_5000/05_DEBRIS/15228_CRC-Prim-HE-10_017.tif_Row_151_Col_1.tif,05_DEBRIS/15228_CRC-Prim-HE-10_017.tif_Row_151_Col_1.tif,CRC-Prim-HE-10,4,05_DEBRIS,9,4,05_DEBRIS,0.986922,True,5,06_MUCOSA,0.94225246,False,0.9645872,False,True,incorrect_any_model,41,2027,True
b6916aa2102e4088,Colorectal Histology MNIST/Kather_texture_2016_image_tiles_5000/Kather_texture_2016_image_tiles_5000/06_MUCOSA/1109C_CRC-Prim-HE-02_010.tif_Row_1_Col_151.tif,06_MUCOSA/1109C_CRC-Prim-HE-02_010.tif_Row_1_Col_151.tif,CRC-Prim-HE-02,5,06_MUCOSA,1,5,06_MUCOSA,0.99589074,True,5,06_MUCOSA,0.94814795,True,0.9720193,True,False,correct_high_confidence,41,2027,True
f6ca6de7ba0a5755,Colorectal Histology MNIST/Kather_texture_2016_image_tiles_5000/Kather_texture_2016_image_tiles_5000/06_MUCOSA/12997_CRC-Prim-HE-02_010.tif_Row_151_Col_151.tif,06_MUCOSA/12997_CRC-Prim-HE-02_010.tif_Row_151_Col_151.tif,CRC-Prim-HE-02,5,06_MUCOSA,1,5,06_MUCOSA,0.9934047,True,5,06_MUCOSA,0.99761605,True,0.99551034,True,False,correct_high_confidence,41,2027,True
7f279e0a733cbbf7,Colorectal Histology MNIST/Kather_texture_2016_image_tiles_5000/Kather_texture_2016_image_tiles_5000/06_MUCOSA/13322_CRC-Prim-HE-03_006.tif_Row_1801_Col_1051.tif,06_MUCOSA/13322_CRC-Prim-HE-03_006.tif_Row_1801_Col_1051.tif,CRC-Prim-HE-03,5,06_MUCOSA,2,5,06_MUCOSA,0.99998116,True,5,06_MUCOSA,0.9602995,True,0.9801403,True,False,correct_high_confidence,41,2027,True
4be2dd4795c87a84,Colorectal Histology MNIST/Kather_texture_2016_image_tiles_5000/Kather_texture_2016_image_tiles_5000/06_MUCOSA/15054_CRC-Prim-HE-03_006.tif_Row_751_Col_601.tif,06_MUCOSA/15054_CRC-Prim-HE-03_006.tif_Row_751_Col_601.tif,CRC-Prim-HE-03,5,06_MUCOSA,2,5,06_MUCOSA,0.9996024,True,5,06_MUCOSA,0.8422838,True,0.9209431,True,False,correct_high_confidence,41,2027,True
e278af829a6b9784,Colorectal Histology MNIST/Kather_texture_2016_image_tiles_5000/Kather_texture_2016_image_tiles_5000/06_MUCOSA/14A08_CRC-Prim-HE-05.tif_Row_1_Col_1351.tif,06_MUCOSA/14A08_CRC-Prim-HE-05.tif_Row_1_Col_1351.tif,CRC-Prim-HE-05,5,06_MUCOSA,4,5,06_MUCOSA,0.9998698,True,5,06_MUCOSA,0.9898149,True,0.99484235,True,False,correct_high_confidence,41,2027,True
bf44465971ef3179,Colorectal Histology MNIST/Kather_texture_2016_image_tiles_5000/Kather_texture_2016_image_tiles_5000/06_MUCOSA/18B0_CRC-Prim-HE-05.tif_Row_901_Col_1651.tif,06_MUCOSA/18B0_CRC-Prim-HE-05.tif_Row_901_Col_1651.tif,CRC-Prim-HE-05,5,06_MUCOSA,4,5,06_MUCOSA,0.9997627,True,5,06_MUCOSA,0.9850037,True,0.99238324,True,False,correct_high_confidence,41,2027,True
e421b114e1846ee3,Colorectal Histology MNIST/Kather_texture_2016_image_tiles_5000/Kather_texture_2016_image_tiles_5000/06_MUCOSA/14CA1_CRC-Prim-HE-06_001.tif_Row_1651_Col_751.tif,06_MUCOSA/14CA1_CRC-Prim-HE-06_001.tif_Row_1651_Col_751.tif,CRC-Prim-HE-06,5,06_MUCOSA,5,5,06_MUCOSA,0.9944642,True,5,06_MUCOSA,0.9997229,True,0.99709356,True,False,correct_high_confidence,41,2027,True
247d9532da3fb9b6,Colorectal Histology MNIST/Kather_texture_2016_image_tiles_5000/Kather_texture_2016_image_tiles_5000/06_MUCOSA/16D2F_CRC-Prim-HE-06_033.tif_Row_901_Col_1.tif,06_MUCOSA/16D2F_CRC-Prim-HE-06_033.tif_Row_901_Col_1.tif,CRC-Prim-HE-06,5,06_MUCOSA,5,5,06_MUCOSA,0.9944031,True,5,06_MUCOSA,0.99988484,True,0.997144,True,False,correct_high_confidence,41,2027,True
7e936798bcb752be,Colorectal Histology MNIST/Kather_texture_2016_image_tiles_5000/Kather_texture_2016_image_tiles_5000/06_MUCOSA/17AC3_CRC-Prim-HE-06_001.tif_Row_1051_Col_901.tif,06_MUCOSA/17AC3_CRC-Prim-HE-06_001.tif_Row_1051_Col_901.tif,CRC-Prim-HE-06,5,06_MUCOSA,5,5,06_MUCOSA,0.9951715,True,5,06_MUCOSA,0.9992465,True,0.99720895,True,False,correct_high_confidence,41,2027,True
1f9ab30ffaf6915d,Colorectal Histology MNIST/Kather_texture_2016_image_tiles_5000/Kather_texture_2016_image_tiles_5000/06_MUCOSA/18432_CRC-Prim-HE-07_001.tif_Row_1_Col_2251.tif,06_MUCOSA/18432_CRC-Prim-HE-07_001.tif_Row_1_Col_2251.tif,CRC-Prim-HE-07,5,06_MUCOSA,6,5,06_MUCOSA,0.9955592,True,5,06_MUCOSA,0.93848944,True,0.9670243,True,False,correct_high_confidence,41,2027,True
25242e5434b80cea,Colorectal Histology MNIST/Kather_texture_2016_image_tiles_5000/Kather_texture_2016_image_tiles_5000/06_MUCOSA/2E01_CRC-Prim-HE-07_001.tif_Row_901_Col_301.tif,06_MUCOSA/2E01_CRC-Prim-HE-07_001.tif_Row_901_Col_301.tif,CRC-Prim-HE-07,5,06_MUCOSA,6,5,06_MUCOSA,0.99841964,True,5,06_MUCOSA,0.93386036,True,0.96614003,True,False,correct_high_confidence,41,2027,True
ecd14457d7b51287,Colorectal Histology MNIST/Kather_texture_2016_image_tiles_5000/Kather_texture_2016_image_tiles_5000/06_MUCOSA/147E4_CRC-Prim-HE-08_008.tif_Row_1201_Col_301.tif,06_MUCOSA/147E4_CRC-Prim-HE-08_008.tif_Row_1201_Col_301.tif,CRC-Prim-HE-08,5,06_MUCOSA,7,5,06_MUCOSA,0.9998697,True,5,06_MUCOSA,0.99924856,True,0.99955916,True,False,correct_high_confidence,41,2027,True
238d665311e5cf5f,Colorectal Histology MNIST/Kather_texture_2016_image_tiles_5000/Kather_texture_2016_image_tiles_5000/06_MUCOSA/16A10_CRC-Prim-HE-08_022.tif_Row_751_Col_2101.tif,06_MUCOSA/16A10_CRC-Prim-HE-08_022.tif_Row_751_Col_2101.tif,CRC-Prim-HE-08,5,06_MUCOSA,7,5,06_MUCOSA,0.9998988,True,5,06_MUCOSA,0.9992773,True,0.999588,True,False,correct_high_confidence,41,2027,True
cc4eeddb30209290,Colorectal Histology MNIST/Kather_texture_2016_image_tiles_5000/Kather_texture_2016_image_tiles_5000/06_MUCOSA/17FA2_CRC-Prim-HE-08_022.tif_Row_751_Col_1201.tif,06_MUCOSA/17FA2_CRC-Prim-HE-08_022.tif_Row_751_Col_1201.tif,CRC-Prim-HE-08,5,06_MUCOSA,7,5,06_MUCOSA,0.9999131,True,5,06_MUCOSA,0.9990221,True,0.9994676,True,False,correct_high_confidence,41,2027,True
b72b7a1e6a090000,Colorectal Histology MNIST/Kather_texture_2016_image_tiles_5000/Kather_texture_2016_image_tiles_5000/06_MUCOSA/14C36_CRC-Prim-HE-09_001.tif_Row_901_Col_1201.tif,06_MUCOSA/14C36_CRC-Prim-HE-09_001.tif_Row_901_Col_1201.tif,CRC-Prim-HE-09,5,06_MUCOSA,8,5,06_MUCOSA,0.9993649,True,5,06_MUCOSA,0.97125655,True,0.98531073,True,False,correct_high_confidence,41,2027,True
0c403259b484b95d,Colorectal Histology MNIST/Kather_texture_2016_image_tiles_5000/Kather_texture_2016_image_tiles_5000/06_MUCOSA/1AFF_CRC-Prim-HE-09_001.tif_Row_451_Col_151.tif,06_MUCOSA/1AFF_CRC-Prim-HE-09_001.tif_Row_451_Col_151.tif,CRC-Prim-HE-09,5,06_MUCOSA,8,5,06_MUCOSA,0.9989598,True,5,06_MUCOSA,0.96640575,True,0.98268276,True,False,correct_high_confidence,41,2027,True
6cacd7b496b4816f,Colorectal Histology MNIST/Kather_texture_2016_image_tiles_5000/Kather_texture_2016_image_tiles_5000/06_MUCOSA/13417_CRC-Prim-HE-02_010.tif_Row_301_Col_451.tif,06_MUCOSA/13417_CRC-Prim-HE-02_010.tif_Row_301_Col_451.tif,CRC-Prim-HE-02,5,06_MUCOSA,1,5,06_MUCOSA,0.9930453,True,5,06_MUCOSA,0.87057644,True,0.93181086,True,False,correct_low_confidence,41,2027,True
b847124aee457744,Colorectal Histology MNIST/Kather_texture_2016_image_tiles_5000/Kather_texture_2016_image_tiles_5000/06_MUCOSA/13977_CRC-Prim-HE-03_007.tif_Row_451_Col_1501.tif,06_MUCOSA/13977_CRC-Prim-HE-03_007.tif_Row_451_Col_1501.tif,CRC-Prim-HE-03,5,06_MUCOSA,2,5,06_MUCOSA,0.9958455,True,5,06_MUCOSA,0.3179553,True,0.6569004,True,False,correct_low_confidence,41,2027,True
79beeb51534cb278,Colorectal Histology MNIST/Kather_texture_2016_image_tiles_5000/Kather_texture_2016_image_tiles_5000/06_MUCOSA/13090_CRC-Prim-HE-05_030.tif_Row_1_Col_1051.tif,06_MUCOSA/13090_CRC-Prim-HE-05_030.tif_Row_1_Col_1051.tif,CRC-Prim-HE-05,5,06_MUCOSA,4,5,06_MUCOSA,0.9558541,True,5,06_MUCOSA,0.3593177,True,0.6575859,True,False,correct_low_confidence,41,2027,True
fcb8ce7d834df3b9,Colorectal Histology MNIST/Kather_texture_2016_image_tiles_5000/Kather_texture_2016_image_tiles_5000/06_MUCOSA/2238_CRC-Prim-HE-05_030.tif_Row_301_Col_1051.tif,06_MUCOSA/2238_CRC-Prim-HE-05_030.tif_Row_301_Col_1051.tif,CRC-Prim-HE-05,5,06_MUCOSA,4,5,06_MUCOSA,0.997981,True,5,06_MUCOSA,0.32259634,True,0.6602887,True,False,correct_low_confidence,41,2027,True
ebec86a33e09599f,Colorectal Histology MNIST/Kather_texture_2016_image_tiles_5000/Kather_texture_2016_image_tiles_5000/06_MUCOSA/2387_CRC-Prim-HE-06_001.tif_Row_451_Col_1.tif,06_MUCOSA/2387_CRC-Prim-HE-06_001.tif_Row_451_Col_1.tif,CRC-Prim-HE-06,5,06_MUCOSA,5,5,06_MUCOSA,0.6673949,True,5,06_MUCOSA,0.6689423,True,0.66816854,True,False,correct_low_confidence,41,2027,True
ea872201a8997191,Colorectal Histology MNIST/Kather_texture_2016_image_tiles_5000/Kather_texture_2016_image_tiles_5000/06_MUCOSA/18290_CRC-Prim-HE-07_001.tif_Row_151_Col_2401.tif,06_MUCOSA/18290_CRC-Prim-HE-07_001.tif_Row_151_Col_2401.tif,CRC-Prim-HE-07,5,06_MUCOSA,6,5,06_MUCOSA,0.9981851,True,5,06_MUCOSA,0.38155872,True,0.6898719,True,False,correct_low_confidence,41,2027,True
ae0cd82e37b56657,Colorectal Histology MNIST/Kather_texture_2016_image_tiles_5000/Kather_texture_2016_image_tiles_5000/06_MUCOSA/10B5E_CRC-Prim-HE-08_022.tif_Row_601_Col_601.tif,06_MUCOSA/10B5E_CRC-Prim-HE-08_022.tif_Row_601_Col_601.tif,CRC-Prim-HE-08,5,06_MUCOSA,7,5,06_MUCOSA,0.9985953,True,5,06_MUCOSA,0.41724208,True,0.7079187,True,False,correct_low_confidence,41,2027,True
fa5f8b14785c09ad,Colorectal Histology MNIST/Kather_texture_2016_image_tiles_5000/Kather_texture_2016_image_tiles_5000/06_MUCOSA/165BE_CRC-Prim-HE-09_001.tif_Row_1801_Col_1201.tif,06_MUCOSA/165BE_CRC-Prim-HE-09_001.tif_Row_1801_Col_1201.tif,CRC-Prim-HE-09,5,06_MUCOSA,8,5,06_MUCOSA,0.9970125,True,5,06_MUCOSA,0.39459983,True,0.69580615,True,False,correct_low_confidence,41,2027,True
ec3369696704a466,Colorectal Histology MNIST/Kather_texture_2016_image_tiles_5000/Kather_texture_2016_image_tiles_5000/06_MUCOSA/13A4B_CRC-Prim-HE-01_010.tif_Row_151_Col_151.tif,06_MUCOSA/13A4B_CRC-Prim-HE-01_010.tif_Row_151_Col_151.tif,CRC-Prim-HE-01,5,06_MUCOSA,0,5,06_MUCOSA,0.9986253,True,2,03_COMPLEX,0.8053181,False,0.9019717,False,True,incorrect_any_model,41,2027,True
b6929d2700ed7f2f,Colorectal Histology MNIST/Kather_texture_2016_image_tiles_5000/Kather_texture_2016_image_tiles_5000/06_MUCOSA/15FE5_CRC-Prim-HE-03_006.tif_Row_1_Col_1.tif,06_MUCOSA/15FE5_CRC-Prim-HE-03_006.tif_Row_1_Col_1.tif,CRC-Prim-HE-03,5,06_MUCOSA,2,5,06_MUCOSA,0.9977896,True,4,05_DEBRIS,0.98195237,False,0.989871,False,True,incorrect_any_model,41,2027,True
236ad1ab9a20afc1,Colorectal Histology MNIST/Kather_texture_2016_image_tiles_5000/Kather_texture_2016_image_tiles_5000/06_MUCOSA/1633C_CRC-Prim-HE-03_006.tif_Row_1801_Col_301.tif,06_MUCOSA/1633C_CRC-Prim-HE-03_006.tif_Row_1801_Col_301.tif,CRC-Prim-HE-03,5,06_MUCOSA,2,5,06_MUCOSA,0.99860376,True,4,05_DEBRIS,0.9576285,False,0.97811615,False,True,incorrect_any_model,41,2027,True
a64aaa7bc517773b,Colorectal Histology MNIST/Kather_texture_2016_image_tiles_5000/Kather_texture_2016_image_tiles_5000/06_MUCOSA/1021_CRC-Prim-HE-05_030.tif_Row_901_Col_1.tif,06_MUCOSA/1021_CRC-Prim-HE-05_030.tif_Row_901_Col_1.tif,CRC-Prim-HE-05,5,06_MUCOSA,4,5,06_MUCOSA,0.9963606,True,4,05_DEBRIS,0.9834801,False,0.9899204,False,True,incorrect_any_model,41,2027,True
c9f61cfb5f9527d7,Colorectal Histology MNIST/Kather_texture_2016_image_tiles_5000/Kather_texture_2016_image_tiles_5000/06_MUCOSA/1176E_CRC-Prim-HE-05_001.tif_Row_451_Col_151.tif,06_MUCOSA/1176E_CRC-Prim-HE-05_001.tif_Row_451_Col_151.tif,CRC-Prim-HE-05,5,06_MUCOSA,4,5,06_MUCOSA,0.985005,True,0,01_TUMOR,0.99037313,False,0.9876891,False,True,incorrect_any_model,41,2027,True
189f3e0c766af40b,Colorectal Histology MNIST/Kather_texture_2016_image_tiles_5000/Kather_texture_2016_image_tiles_5000/06_MUCOSA/121DB_CRC-Prim-HE-06_035.tif_Row_1051_Col_451.tif,06_MUCOSA/121DB_CRC-Prim-HE-06_035.tif_Row_1051_Col_451.tif,CRC-Prim-HE-06,5,06_MUCOSA,5,5,06_MUCOSA,0.94850624,True,2,03_COMPLEX,0.54568535,False,0.7470958,False,True,incorrect_any_model,41,2027,True
6dc48436e2c96b2a,Colorectal Histology MNIST/Kather_texture_2016_image_tiles_5000/Kather_texture_2016_image_tiles_5000/06_MUCOSA/17194_CRC-Prim-HE-07_001_copy.tif_Row_1201_Col_151.tif,06_MUCOSA/17194_CRC-Prim-HE-07_001_copy.tif_Row_1201_Col_151.tif,CRC-Prim-HE-07,5,06_MUCOSA,6,5,06_MUCOSA,0.9949293,True,4,05_DEBRIS,0.8132427,False,0.904086,False,True,incorrect_any_model,41,2027,True
9dd14a1d914dc864,Colorectal Histology MNIST/Kather_texture_2016_image_tiles_5000/Kather_texture_2016_image_tiles_5000/06_MUCOSA/150CB_CRC-Prim-HE-08_022.tif_Row_151_Col_1951.tif,06_MUCOSA/150CB_CRC-Prim-HE-08_022.tif_Row_151_Col_1951.tif,CRC-Prim-HE-08,5,06_MUCOSA,7,1,02_STROMA,0.69823295,False,2,03_COMPLEX,0.9398691,False,0.819051,False,True,incorrect_any_model,41,2027,True
e52a13055817c38e,Colorectal Histology MNIST/Kather_texture_2016_image_tiles_5000/Kather_texture_2016_image_tiles_5000/06_MUCOSA/1302A_CRC-Prim-HE-09_001.tif_Row_2251_Col_151.tif,06_MUCOSA/1302A_CRC-Prim-HE-09_001.tif_Row_2251_Col_151.tif,CRC-Prim-HE-09,5,06_MUCOSA,8,3,04_LYMPHO,0.48970607,False,3,04_LYMPHO,0.7770895,False,0.63339776,False,True,incorrect_any_model,41,2027,True
c86af546496edae6,Colorectal Histology MNIST/Kather_texture_2016_image_tiles_5000/Kather_texture_2016_image_tiles_5000/06_MUCOSA/17BA4_CRC-Prim-HE-09_001.tif_Row_2101_Col_1651.tif,06_MUCOSA/17BA4_CRC-Prim-HE-09_001.tif_Row_2101_Col_1651.tif,CRC-Prim-HE-09,5,06_MUCOSA,8,3,04_LYMPHO,0.43182608,False,3,04_LYMPHO,0.8521382,False,0.64198214,False,True,incorrect_any_model,41,2027,True
d6c94cfaf1e9cd3d,Colorectal Histology MNIST/Kather_texture_2016_image_tiles_5000/Kather_texture_2016_image_tiles_5000/07_ADIPOSE/13910_CRC-Prim-HE-03_012.tif_Row_3151_Col_1351.tif,07_ADIPOSE/13910_CRC-Prim-HE-03_012.tif_Row_3151_Col_1351.tif,CRC-Prim-HE-03,6,07_ADIPOSE,2,6,07_ADIPOSE,0.99976903,True,6,07_ADIPOSE,0.9950563,True,0.9974127,True,False,correct_high_confidence,41,2027,True
5bec1382c8f3cb55,Colorectal Histology MNIST/Kather_texture_2016_image_tiles_5000/Kather_texture_2016_image_tiles_5000/07_ADIPOSE/14A41_CRC-Prim-HE-03_012.tif_Row_1351_Col_1951.tif,07_ADIPOSE/14A41_CRC-Prim-HE-03_012.tif_Row_1351_Col_1951.tif,CRC-Prim-HE-03,6,07_ADIPOSE,2,6,07_ADIPOSE,0.9997485,True,6,07_ADIPOSE,0.9954711,True,0.99760985,True,False,correct_high_confidence,41,2027,True
37a5ac2201acb4df,Colorectal Histology MNIST/Kather_texture_2016_image_tiles_5000/Kather_texture_2016_image_tiles_5000/07_ADIPOSE/1555E_CRC-Prim-HE-03_012.tif_Row_2401_Col_451.tif,07_ADIPOSE/1555E_CRC-Prim-HE-03_012.tif_Row_2401_Col_451.tif,CRC-Prim-HE-03,6,07_ADIPOSE,2,6,07_ADIPOSE,0.9998671,True,6,07_ADIPOSE,0.9956096,True,0.99773836,True,False,correct_high_confidence,41,2027,True
680133a362d38828,Colorectal Histology MNIST/Kather_texture_2016_image_tiles_5000/Kather_texture_2016_image_tiles_5000/07_ADIPOSE/10232_CRC-Prim-HE-04_036.tif_Row_451_Col_751.tif,07_ADIPOSE/10232_CRC-Prim-HE-04_036.tif_Row_451_Col_751.tif,CRC-Prim-HE-04,6,07_ADIPOSE,3,6,07_ADIPOSE,0.9978345,True,6,07_ADIPOSE,0.9965407,True,0.9971876,True,False,correct_high_confidence,41,2027,True
4edae3a6c5fef03b,Colorectal Histology MNIST/Kather_texture_2016_image_tiles_5000/Kather_texture_2016_image_tiles_5000/07_ADIPOSE/1326F_CRC-Prim-HE-04_036.tif_Row_451_Col_1051.tif,07_ADIPOSE/1326F_CRC-Prim-HE-04_036.tif_Row_451_Col_1051.tif,CRC-Prim-HE-04,6,07_ADIPOSE,3,6,07_ADIPOSE,0.9982779,True,6,07_ADIPOSE,0.99394035,True,0.9961091,True,False,correct_high_confidence,41,2027,True
fe53f5c5ed88cf27,Colorectal Histology MNIST/Kather_texture_2016_image_tiles_5000/Kather_texture_2016_image_tiles_5000/07_ADIPOSE/144BB_CRC-Prim-HE-04_036.tif_Row_1051_Col_1351.tif,07_ADIPOSE/144BB_CRC-Prim-HE-04_036.tif_Row_1051_Col_1351.tif,CRC-Prim-HE-04,6,07_ADIPOSE,3,6,07_ADIPOSE,0.9992804,True,6,07_ADIPOSE,0.9883255,True,0.9938029,True,False,correct_high_confidence,41,2027,True
7cbabdfbfb2a3c84,Colorectal Histology MNIST/Kather_texture_2016_image_tiles_5000/Kather_texture_2016_image_tiles_5000/07_ADIPOSE/152A4_CRC-Prim-HE-05_032.tif_Row_1051_Col_3901.tif,07_ADIPOSE/152A4_CRC-Prim-HE-05_032.tif_Row_1051_Col_3901.tif,CRC-Prim-HE-05,6,07_ADIPOSE,4,6,07_ADIPOSE,0.999041,True,6,07_ADIPOSE,0.9929883,True,0.99601465,True,False,correct_high_confidence,41,2027,True
2972f8fbf2a19801,Colorectal Histology MNIST/Kather_texture_2016_image_tiles_5000/Kather_texture_2016_image_tiles_5000/07_ADIPOSE/160A4_CRC-Prim-HE-05_032.tif_Row_1051_Col_4951.tif,07_ADIPOSE/160A4_CRC-Prim-HE-05_032.tif_Row_1051_Col_4951.tif,CRC-Prim-HE-05,6,07_ADIPOSE,4,6,07_ADIPOSE,0.9988488,True,6,07_ADIPOSE,0.9904703,True,0.99465954,True,False,correct_high_confidence,41,2027,True
2a6c73dfb8b3978d,Colorectal Histology MNIST/Kather_texture_2016_image_tiles_5000/Kather_texture_2016_image_tiles_5000/07_ADIPOSE/16A20_CRC-Prim-HE-05_032.tif_Row_151_Col_3901.tif,07_ADIPOSE/16A20_CRC-Prim-HE-05_032.tif_Row_151_Col_3901.tif,CRC-Prim-HE-05,6,07_ADIPOSE,4,6,07_ADIPOSE,0.99975497,True,6,07_ADIPOSE,0.98810464,True,0.9939298,True,False,correct_high_confidence,41,2027,True
3e98695c46510ed0,Colorectal Histology MNIST/Kather_texture_2016_image_tiles_5000/Kather_texture_2016_image_tiles_5000/07_ADIPOSE/12DB5_CRC-Prim-HE-06_004.tif_Row_1951_Col_2401.tif,07_ADIPOSE/12DB5_CRC-Prim-HE-06_004.tif_Row_1951_Col_2401.tif,CRC-Prim-HE-06,6,07_ADIPOSE,5,6,07_ADIPOSE,0.997781,True,6,07_ADIPOSE,0.9897529,True,0.9937669,True,False,correct_high_confidence,41,2027,True
814b94faf369aee5,Colorectal Histology MNIST/Kather_texture_2016_image_tiles_5000/Kather_texture_2016_image_tiles_5000/07_ADIPOSE/149D9_CRC-Prim-HE-06_004.tif_Row_451_Col_2401.tif,07_ADIPOSE/149D9_CRC-Prim-HE-06_004.tif_Row_451_Col_2401.tif,CRC-Prim-HE-06,6,07_ADIPOSE,5,6,07_ADIPOSE,0.9975292,True,6,07_ADIPOSE,0.9904081,True,0.99396867,True,False,correct_high_confidence,41,2027,True
84fc31312ad9e8f3,Colorectal Histology MNIST/Kather_texture_2016_image_tiles_5000/Kather_texture_2016_image_tiles_5000/07_ADIPOSE/163A0_CRC-Prim-HE-06_004.tif_Row_901_Col_2251.tif,07_ADIPOSE/163A0_CRC-Prim-HE-06_004.tif_Row_901_Col_2251.tif,CRC-Prim-HE-06,6,07_ADIPOSE,5,6,07_ADIPOSE,0.99603015,True,6,07_ADIPOSE,0.99023354,True,0.9931319,True,False,correct_high_confidence,41,2027,True
90b23a2e7ea7c973,Colorectal Histology MNIST/Kather_texture_2016_image_tiles_5000/Kather_texture_2016_image_tiles_5000/07_ADIPOSE/14BA0_CRC-Prim-HE-07.tif_Row_1201_Col_2101.tif,07_ADIPOSE/14BA0_CRC-Prim-HE-07.tif_Row_1201_Col_2101.tif,CRC-Prim-HE-07,6,07_ADIPOSE,6,6,07_ADIPOSE,0.9994868,True,6,07_ADIPOSE,0.96810764,True,0.9837972,True,False,correct_high_confidence,41,2027,True
c4d1fe65995b26f9,Colorectal Histology MNIST/Kather_texture_2016_image_tiles_5000/Kather_texture_2016_image_tiles_5000/07_ADIPOSE/16711_CRC-Prim-HE-07.tif_Row_1051_Col_3901.tif,07_ADIPOSE/16711_CRC-Prim-HE-07.tif_Row_1051_Col_3901.tif,CRC-Prim-HE-07,6,07_ADIPOSE,6,6,07_ADIPOSE,0.99846303,True,6,07_ADIPOSE,0.98479915,True,0.9916311,True,False,correct_high_confidence,41,2027,True
abb6eb6a3d2f19a4,Colorectal Histology MNIST/Kather_texture_2016_image_tiles_5000/Kather_texture_2016_image_tiles_5000/07_ADIPOSE/12BD2_CRC-Prim-HE-10_020.tif_Row_1051_Col_1051.tif,07_ADIPOSE/12BD2_CRC-Prim-HE-10_020.tif_Row_1051_Col_1051.tif,CRC-Prim-HE-10,6,07_ADIPOSE,9,6,07_ADIPOSE,0.98794335,True,6,07_ADIPOSE,0.90689117,True,0.94741726,True,False,correct_high_confidence,41,2027,True
870de883a58ffe7c,Colorectal Histology MNIST/Kather_texture_2016_image_tiles_5000/Kather_texture_2016_image_tiles_5000/07_ADIPOSE/16E90_CRC-Prim-HE-10_020.tif_Row_1_Col_1801.tif,07_ADIPOSE/16E90_CRC-Prim-HE-10_020.tif_Row_1_Col_1801.tif,CRC-Prim-HE-10,6,07_ADIPOSE,9,6,07_ADIPOSE,0.99724245,True,6,07_ADIPOSE,0.8960009,True,0.94662166,True,False,correct_high_confidence,41,2027,True
656e475a6969c0d0,Colorectal Histology MNIST/Kather_texture_2016_image_tiles_5000/Kather_texture_2016_image_tiles_5000/07_ADIPOSE/1377F_CRC-Prim-HE-03_012.tif_Row_751_Col_1351.tif,07_ADIPOSE/1377F_CRC-Prim-HE-03_012.tif_Row_751_Col_1351.tif,CRC-Prim-HE-03,6,07_ADIPOSE,2,6,07_ADIPOSE,0.99146456,True,6,07_ADIPOSE,0.7514529,True,0.87145877,True,False,correct_low_confidence,41,2027,True
bc29578cecf0ffb3,Colorectal Histology MNIST/Kather_texture_2016_image_tiles_5000/Kather_texture_2016_image_tiles_5000/07_ADIPOSE/11F25_CRC-Prim-HE-04_036.tif_Row_1_Col_901.tif,07_ADIPOSE/11F25_CRC-Prim-HE-04_036.tif_Row_1_Col_901.tif,CRC-Prim-HE-04,6,07_ADIPOSE,3,6,07_ADIPOSE,0.99262154,True,6,07_ADIPOSE,0.797535,True,0.8950783,True,False,correct_low_confidence,41,2027,True
a1d1a2794b06853a,Colorectal Histology MNIST/Kather_texture_2016_image_tiles_5000/Kather_texture_2016_image_tiles_5000/07_ADIPOSE/12F3_CRC-Prim-HE-05_032.tif_Row_151_Col_1801.tif,07_ADIPOSE/12F3_CRC-Prim-HE-05_032.tif_Row_151_Col_1801.tif,CRC-Prim-HE-05,6,07_ADIPOSE,4,6,07_ADIPOSE,0.78472,True,6,07_ADIPOSE,0.5108008,True,0.6477604,True,False,correct_low_confidence,41,2027,True
d9b66e01e9e8bd36,Colorectal Histology MNIST/Kather_texture_2016_image_tiles_5000/Kather_texture_2016_image_tiles_5000/07_ADIPOSE/12360_CRC-Prim-HE-06_004.tif_Row_1_Col_1951.tif,07_ADIPOSE/12360_CRC-Prim-HE-06_004.tif_Row_1_Col_1951.tif,CRC-Prim-HE-06,6,07_ADIPOSE,5,6,07_ADIPOSE,0.48793206,True,6,07_ADIPOSE,0.75372946,True,0.6208308,True,False,correct_low_confidence,41,2027,True
d80f16cbdb8857f7,Colorectal Histology MNIST/Kather_texture_2016_image_tiles_5000/Kather_texture_2016_image_tiles_5000/07_ADIPOSE/14930_CRC-Prim-HE-06_004.tif_Row_151_Col_601.tif,07_ADIPOSE/14930_CRC-Prim-HE-06_004.tif_Row_151_Col_601.tif,CRC-Prim-HE-06,6,07_ADIPOSE,5,6,07_ADIPOSE,0.39306462,True,6,07_ADIPOSE,0.7490579,True,0.57106125,True,False,correct_low_confidence,41,2027,True
7c266944ec5e5596,Colorectal Histology MNIST/Kather_texture_2016_image_tiles_5000/Kather_texture_2016_image_tiles_5000/07_ADIPOSE/1254B_CRC-Prim-HE-07.tif_Row_1051_Col_1801.tif,07_ADIPOSE/1254B_CRC-Prim-HE-07.tif_Row_1051_Col_1801.tif,CRC-Prim-HE-07,6,07_ADIPOSE,6,6,07_ADIPOSE,0.47216994,True,6,07_ADIPOSE,0.8114526,True,0.64181125,True,False,correct_low_confidence,41,2027,True
27f648e660bb6150,Colorectal Histology MNIST/Kather_texture_2016_image_tiles_5000/Kather_texture_2016_image_tiles_5000/07_ADIPOSE/16041_CRC-Prim-HE-07.tif_Row_1201_Col_151.tif,07_ADIPOSE/16041_CRC-Prim-HE-07.tif_Row_1201_Col_151.tif,CRC-Prim-HE-07,6,07_ADIPOSE,6,6,07_ADIPOSE,0.77431226,True,6,07_ADIPOSE,0.4870347,True,0.63067347,True,False,correct_low_confidence,41,2027,True
806387c8005ca838,Colorectal Histology MNIST/Kather_texture_2016_image_tiles_5000/Kather_texture_2016_image_tiles_5000/07_ADIPOSE/1025D_CRC-Prim-HE-10_020.tif_Row_1_Col_601.tif,07_ADIPOSE/1025D_CRC-Prim-HE-10_020.tif_Row_1_Col_601.tif,CRC-Prim-HE-10,6,07_ADIPOSE,9,6,07_ADIPOSE,0.93403596,True,6,07_ADIPOSE,0.48280764,True,0.7084218,True,False,correct_low_confidence,41,2027,True
7ae9f8fa547b14cf,Colorectal Histology MNIST/Kather_texture_2016_image_tiles_5000/Kather_texture_2016_image_tiles_5000/07_ADIPOSE/123A0_CRC-Prim-HE-03_012.tif_Row_3151_Col_751.tif,07_ADIPOSE/123A0_CRC-Prim-HE-03_012.tif_Row_3151_Col_751.tif,CRC-Prim-HE-03,6,07_ADIPOSE,2,6,07_ADIPOSE,0.986334,True,7,08_EMPTY,0.9271394,False,0.9567367,False,True,incorrect_any_model,41,2027,True
d214abefe7c1dfaf,Colorectal Histology MNIST/Kather_texture_2016_image_tiles_5000/Kather_texture_2016_image_tiles_5000/07_ADIPOSE/16AA4_CRC-Prim-HE-03_012.tif_Row_3901_Col_1351.tif,07_ADIPOSE/16AA4_CRC-Prim-HE-03_012.tif_Row_3901_Col_1351.tif,CRC-Prim-HE-03,6,07_ADIPOSE,2,7,08_EMPTY,0.99357975,False,7,08_EMPTY,0.96959555,False,0.98158765,False,True,incorrect_any_model,41,2027,True
e3d076db3e655665,Colorectal Histology MNIST/Kather_texture_2016_image_tiles_5000/Kather_texture_2016_image_tiles_5000/07_ADIPOSE/16FD8_CRC-Prim-HE-04_036.tif_Row_601_Col_1351.tif,07_ADIPOSE/16FD8_CRC-Prim-HE-04_036.tif_Row_601_Col_1351.tif,CRC-Prim-HE-04,6,07_ADIPOSE,3,4,05_DEBRIS,0.8264842,False,4,05_DEBRIS,0.4910822,False,0.6587832,False,True,incorrect_any_model,41,2027,True
1e5be0d9c81038ee,Colorectal Histology MNIST/Kather_texture_2016_image_tiles_5000/Kather_texture_2016_image_tiles_5000/07_ADIPOSE/10808_CRC-Prim-HE-05_032.tif_Row_151_Col_4501.tif,07_ADIPOSE/10808_CRC-Prim-HE-05_032.tif_Row_151_Col_4501.tif,CRC-Prim-HE-05,6,07_ADIPOSE,4,7,08_EMPTY,0.9976157,False,7,08_EMPTY,0.6230083,False,0.81031203,False,True,incorrect_any_model,41,2027,True
866475f290a75feb,Colorectal Histology MNIST/Kather_texture_2016_image_tiles_5000/Kather_texture_2016_image_tiles_5000/07_ADIPOSE/12D28_CRC-Prim-HE-05_032.tif_Row_1651_Col_3301.tif,07_ADIPOSE/12D28_CRC-Prim-HE-05_032.tif_Row_1651_Col_3301.tif,CRC-Prim-HE-05,6,07_ADIPOSE,4,7,08_EMPTY,0.9732389,False,7,08_EMPTY,0.6239782,False,0.79860854,False,True,incorrect_any_model,41,2027,True
c425783b974cd07c,Colorectal Histology MNIST/Kather_texture_2016_image_tiles_5000/Kather_texture_2016_image_tiles_5000/07_ADIPOSE/10F52_CRC-Prim-HE-06_004.tif_Row_2251_Col_1351.tif,07_ADIPOSE/10F52_CRC-Prim-HE-06_004.tif_Row_2251_Col_1351.tif,CRC-Prim-HE-06,6,07_ADIPOSE,5,7,08_EMPTY,0.5804708,False,6,07_ADIPOSE,0.566511,True,0.57349086,False,True,incorrect_any_model,41,2027,True
a601add377069399,Colorectal Histology MNIST/Kather_texture_2016_image_tiles_5000/Kather_texture_2016_image_tiles_5000/07_ADIPOSE/119DA_CRC-Prim-HE-07.tif_Row_1051_Col_1201.tif,07_ADIPOSE/119DA_CRC-Prim-HE-07.tif_Row_1051_Col_1201.tif,CRC-Prim-HE-07,6,07_ADIPOSE,6,6,07_ADIPOSE,0.9998067,True,4,05_DEBRIS,0.7799106,False,0.88985866,False,True,incorrect_any_model,41,2027,True
f3a7d1412918be9d,Colorectal Histology MNIST/Kather_texture_2016_image_tiles_5000/Kather_texture_2016_image_tiles_5000/07_ADIPOSE/143_CRC-Prim-HE-07.tif_Row_751_Col_1501.tif,07_ADIPOSE/143_CRC-Prim-HE-07.tif_Row_751_Col_1501.tif,CRC-Prim-HE-07,6,07_ADIPOSE,6,6,07_ADIPOSE,0.99721295,True,7,08_EMPTY,0.8660663,False,0.9316396,False,True,incorrect_any_model,41,2027,True
f08968b7be243620,Colorectal Histology MNIST/Kather_texture_2016_image_tiles_5000/Kather_texture_2016_image_tiles_5000/07_ADIPOSE/120A1_CRC-Prim-HE-10_020.tif_Row_901_Col_2101.tif,07_ADIPOSE/120A1_CRC-Prim-HE-10_020.tif_Row_901_Col_2101.tif,CRC-Prim-HE-10,6,07_ADIPOSE,9,6,07_ADIPOSE,0.9830427,True,4,05_DEBRIS,0.61754704,False,0.8002949,False,True,incorrect_any_model,41,2027,True
41713f770826e98b,Colorectal Histology MNIST/Kather_texture_2016_image_tiles_5000/Kather_texture_2016_image_tiles_5000/07_ADIPOSE/131EA_CRC-Prim-HE-10_020.tif_Row_451_Col_601.tif,07_ADIPOSE/131EA_CRC-Prim-HE-10_020.tif_Row_451_Col_601.tif,CRC-Prim-HE-10,6,07_ADIPOSE,9,6,07_ADIPOSE,0.90869296,True,5,06_MUCOSA,0.6626252,False,0.7856591,False,True,incorrect_any_model,41,2027,True
b3f186984df05412,Colorectal Histology MNIST/Kather_texture_2016_image_tiles_5000/Kather_texture_2016_image_tiles_5000/08_EMPTY/10997_CRC-Prim-HE-06_005.tif_Row_5251_Col_4501.tif,08_EMPTY/10997_CRC-Prim-HE-06_005.tif_Row_5251_Col_4501.tif,CRC-Prim-HE-06,7,08_EMPTY,5,7,08_EMPTY,0.9348086,True,7,08_EMPTY,0.50837445,True,0.72159153,True,False,correct_high_confidence,41,2027,True
be3c49989d24922b,Colorectal Histology MNIST/Kather_texture_2016_image_tiles_5000/Kather_texture_2016_image_tiles_5000/08_EMPTY/1191D_CRC-Prim-HE-06_005.tif_Row_4951_Col_4951.tif,08_EMPTY/1191D_CRC-Prim-HE-06_005.tif_Row_4951_Col_4951.tif,CRC-Prim-HE-06,7,08_EMPTY,5,7,08_EMPTY,0.92602664,True,7,08_EMPTY,0.5191638,True,0.7225952,True,False,correct_high_confidence,41,2027,True
49f02bf56c581508,Colorectal Histology MNIST/Kather_texture_2016_image_tiles_5000/Kather_texture_2016_image_tiles_5000/08_EMPTY/11947_CRC-Prim-HE-06_005.tif_Row_4051_Col_4951.tif,08_EMPTY/11947_CRC-Prim-HE-06_005.tif_Row_4051_Col_4951.tif,CRC-Prim-HE-06,7,08_EMPTY,5,7,08_EMPTY,0.94799876,True,7,08_EMPTY,0.50548184,True,0.7267403,True,False,correct_high_confidence,41,2027,True
869291ef3438d48f,Colorectal Histology MNIST/Kather_texture_2016_image_tiles_5000/Kather_texture_2016_image_tiles_5000/08_EMPTY/12E8C_CRC-Prim-HE-06_005.tif_Row_4951_Col_5401.tif,08_EMPTY/12E8C_CRC-Prim-HE-06_005.tif_Row_4951_Col_5401.tif,CRC-Prim-HE-06,7,08_EMPTY,5,7,08_EMPTY,0.93082696,True,7,08_EMPTY,0.50056386,True,0.7156954,True,False,correct_high_confidence,41,2027,True
32bde1c820d8de33,Colorectal Histology MNIST/Kather_texture_2016_image_tiles_5000/Kather_texture_2016_image_tiles_5000/08_EMPTY/12EA4_CRC-Prim-HE-06_005.tif_Row_4201_Col_7351.tif,08_EMPTY/12EA4_CRC-Prim-HE-06_005.tif_Row_4201_Col_7351.tif,CRC-Prim-HE-06,7,08_EMPTY,5,7,08_EMPTY,0.93781126,True,7,08_EMPTY,0.49737293,True,0.7175921,True,False,correct_high_confidence,41,2027,True
4d7d22e7ee67edc0,Colorectal Histology MNIST/Kather_texture_2016_image_tiles_5000/Kather_texture_2016_image_tiles_5000/08_EMPTY/13990_CRC-Prim-HE-06_005.tif_Row_5401_Col_5401.tif,08_EMPTY/13990_CRC-Prim-HE-06_005.tif_Row_5401_Col_5401.tif,CRC-Prim-HE-06,7,08_EMPTY,5,7,08_EMPTY,0.9321506,True,7,08_EMPTY,0.5078562,True,0.72000337,True,False,correct_high_confidence,41,2027,True
f9712c30e0c76d77,Colorectal Histology MNIST/Kather_texture_2016_image_tiles_5000/Kather_texture_2016_image_tiles_5000/08_EMPTY/148D6_CRC-Prim-HE-06_005.tif_Row_3901_Col_3151.tif,08_EMPTY/148D6_CRC-Prim-HE-06_005.tif_Row_3901_Col_3151.tif,CRC-Prim-HE-06,7,08_EMPTY,5,7,08_EMPTY,0.9213468,True,7,08_EMPTY,0.52012,True,0.7207334,True,False,correct_high_confidence,41,2027,True
f4dad042bb035194,Colorectal Histology MNIST/Kather_texture_2016_image_tiles_5000/Kather_texture_2016_image_tiles_5000/08_EMPTY/15672_CRC-Prim-HE-06_005.tif_Row_5251_Col_1.tif,08_EMPTY/15672_CRC-Prim-HE-06_005.tif_Row_5251_Col_1.tif,CRC-Prim-HE-06,7,08_EMPTY,5,7,08_EMPTY,0.9152009,True,7,08_EMPTY,0.5185932,True,0.716897,True,False,correct_high_confidence,41,2027,True
d345f3e6315b1134,Colorectal Histology MNIST/Kather_texture_2016_image_tiles_5000/Kather_texture_2016_image_tiles_5000/08_EMPTY/100C2_CRC-Prim-HE-10_026.tif_Row_1651_Col_301.tif,08_EMPTY/100C2_CRC-Prim-HE-10_026.tif_Row_1651_Col_301.tif,CRC-Prim-HE-10,7,08_EMPTY,9,7,08_EMPTY,0.9962359,True,7,08_EMPTY,0.95606107,True,0.9761485,True,False,correct_high_confidence,41,2027,True
577078f694f3a50f,Colorectal Histology MNIST/Kather_texture_2016_image_tiles_5000/Kather_texture_2016_image_tiles_5000/08_EMPTY/10F03_CRC-Prim-HE-10_026.tif_Row_2701_Col_601.tif,08_EMPTY/10F03_CRC-Prim-HE-10_026.tif_Row_2701_Col_601.tif,CRC-Prim-HE-10,7,08_EMPTY,9,7,08_EMPTY,0.9935834,True,7,08_EMPTY,0.955815,True,0.9746992,True,False,correct_high_confidence,41,2027,True
7ce759961c8e9f68,Colorectal Histology MNIST/Kather_texture_2016_image_tiles_5000/Kather_texture_2016_image_tiles_5000/08_EMPTY/113D_CRC-Prim-HE-10_026.tif_Row_1201_Col_601.tif,08_EMPTY/113D_CRC-Prim-HE-10_026.tif_Row_1201_Col_601.tif,CRC-Prim-HE-10,7,08_EMPTY,9,7,08_EMPTY,0.9971552,True,7,08_EMPTY,0.9563174,True,0.9767363,True,False,correct_high_confidence,41,2027,True
11f56476dad8a712,Colorectal Histology MNIST/Kather_texture_2016_image_tiles_5000/Kather_texture_2016_image_tiles_5000/08_EMPTY/12F90_CRC-Prim-HE-10_026.tif_Row_2101_Col_451.tif,08_EMPTY/12F90_CRC-Prim-HE-10_026.tif_Row_2101_Col_451.tif,CRC-Prim-HE-10,7,08_EMPTY,9,7,08_EMPTY,0.9907459,True,7,08_EMPTY,0.955691,True,0.97321844,True,False,correct_high_confidence,41,2027,True
9e9a56b62253622a,Colorectal Histology MNIST/Kather_texture_2016_image_tiles_5000/Kather_texture_2016_image_tiles_5000/08_EMPTY/1330_CRC-Prim-HE-10_026.tif_Row_1051_Col_301.tif,08_EMPTY/1330_CRC-Prim-HE-10_026.tif_Row_1051_Col_301.tif,CRC-Prim-HE-10,7,08_EMPTY,9,7,08_EMPTY,0.9931443,True,7,08_EMPTY,0.9553557,True,0.97424996,True,False,correct_high_confidence,41,2027,True
227c6ddda5d22af7,Colorectal Histology MNIST/Kather_texture_2016_image_tiles_5000/Kather_texture_2016_image_tiles_5000/08_EMPTY/13A5B_CRC-Prim-HE-10_026.tif_Row_1651_Col_451.tif,08_EMPTY/13A5B_CRC-Prim-HE-10_026.tif_Row_1651_Col_451.tif,CRC-Prim-HE-10,7,08_EMPTY,9,7,08_EMPTY,0.99210346,True,7,08_EMPTY,0.9559616,True,0.9740325,True,False,correct_high_confidence,41,2027,True
8a2464a823867737,Colorectal Histology MNIST/Kather_texture_2016_image_tiles_5000/Kather_texture_2016_image_tiles_5000/08_EMPTY/14636_CRC-Prim-HE-10_026.tif_Row_2401_Col_301.tif,08_EMPTY/14636_CRC-Prim-HE-10_026.tif_Row_2401_Col_301.tif,CRC-Prim-HE-10,7,08_EMPTY,9,7,08_EMPTY,0.98978394,True,7,08_EMPTY,0.9562531,True,0.9730185,True,False,correct_high_confidence,41,2027,True
36d16120094f3565,Colorectal Histology MNIST/Kather_texture_2016_image_tiles_5000/Kather_texture_2016_image_tiles_5000/08_EMPTY/15134_CRC-Prim-HE-10_026.tif_Row_4651_Col_601.tif,08_EMPTY/15134_CRC-Prim-HE-10_026.tif_Row_4651_Col_601.tif,CRC-Prim-HE-10,7,08_EMPTY,9,7,08_EMPTY,0.9918149,True,7,08_EMPTY,0.95562303,True,0.973719,True,False,correct_high_confidence,41,2027,True
ec9ec0e66c7d3b7d,Colorectal Histology MNIST/Kather_texture_2016_image_tiles_5000/Kather_texture_2016_image_tiles_5000/08_EMPTY/10F3C_CRC-Prim-HE-06_005.tif_Row_3301_Col_4051.tif,08_EMPTY/10F3C_CRC-Prim-HE-06_005.tif_Row_3301_Col_4051.tif,CRC-Prim-HE-06,7,08_EMPTY,5,7,08_EMPTY,0.71618956,True,7,08_EMPTY,0.5029572,True,0.60957336,True,False,correct_low_confidence,41,2027,True
6e927ae0504f4dae,Colorectal Histology MNIST/Kather_texture_2016_image_tiles_5000/Kather_texture_2016_image_tiles_5000/08_EMPTY/12DDD_CRC-Prim-HE-06_005.tif_Row_1051_Col_1351.tif,08_EMPTY/12DDD_CRC-Prim-HE-06_005.tif_Row_1051_Col_1351.tif,CRC-Prim-HE-06,7,08_EMPTY,5,7,08_EMPTY,0.62590885,True,7,08_EMPTY,0.5193167,True,0.57261276,True,False,correct_low_confidence,41,2027,True
95532c46afafeb7f,Colorectal Histology MNIST/Kather_texture_2016_image_tiles_5000/Kather_texture_2016_image_tiles_5000/08_EMPTY/13654_CRC-Prim-HE-06_005.tif_Row_3901_Col_5701.tif,08_EMPTY/13654_CRC-Prim-HE-06_005.tif_Row_3901_Col_5701.tif,CRC-Prim-HE-06,7,08_EMPTY,5,7,08_EMPTY,0.39763537,True,7,08_EMPTY,0.4985111,True,0.44807324,True,False,correct_low_confidence,41,2027,True
d35041c32ee958d6,Colorectal Histology MNIST/Kather_texture_2016_image_tiles_5000/Kather_texture_2016_image_tiles_5000/08_EMPTY/13956_CRC-Prim-HE-06_005.tif_Row_2701_Col_151.tif,08_EMPTY/13956_CRC-Prim-HE-06_005.tif_Row_2701_Col_151.tif,CRC-Prim-HE-06,7,08_EMPTY,5,7,08_EMPTY,0.69791573,True,7,08_EMPTY,0.50177056,True,0.59984314,True,False,correct_low_confidence,41,2027,True
2096314873b53cb1,Colorectal Histology MNIST/Kather_texture_2016_image_tiles_5000/Kather_texture_2016_image_tiles_5000/08_EMPTY/11C0B_CRC-Prim-HE-10_026.tif_Row_3601_Col_151.tif,08_EMPTY/11C0B_CRC-Prim-HE-10_026.tif_Row_3601_Col_151.tif,CRC-Prim-HE-10,7,08_EMPTY,9,7,08_EMPTY,0.95163465,True,7,08_EMPTY,0.9514351,True,0.95153487,True,False,correct_low_confidence,41,2027,True
6f643b1b38de98a5,Colorectal Histology MNIST/Kather_texture_2016_image_tiles_5000/Kather_texture_2016_image_tiles_5000/08_EMPTY/11FC7_CRC-Prim-HE-10_026.tif_Row_4201_Col_151.tif,08_EMPTY/11FC7_CRC-Prim-HE-10_026.tif_Row_4201_Col_151.tif,CRC-Prim-HE-10,7,08_EMPTY,9,7,08_EMPTY,0.93344986,True,7,08_EMPTY,0.95298874,True,0.9432193,True,False,correct_low_confidence,41,2027,True
14f9264218a7b1c7,Colorectal Histology MNIST/Kather_texture_2016_image_tiles_5000/Kather_texture_2016_image_tiles_5000/08_EMPTY/130E5_CRC-Prim-HE-10_026.tif_Row_1801_Col_451.tif,08_EMPTY/130E5_CRC-Prim-HE-10_026.tif_Row_1801_Col_451.tif,CRC-Prim-HE-10,7,08_EMPTY,9,7,08_EMPTY,0.87498355,True,7,08_EMPTY,0.9559047,True,0.91544414,True,False,correct_low_confidence,41,2027,True
935e673920be3e3e,Colorectal Histology MNIST/Kather_texture_2016_image_tiles_5000/Kather_texture_2016_image_tiles_5000/08_EMPTY/14C0_CRC-Prim-HE-10_026.tif_Row_1201_Col_151.tif,08_EMPTY/14C0_CRC-Prim-HE-10_026.tif_Row_1201_Col_151.tif,CRC-Prim-HE-10,7,08_EMPTY,9,7,08_EMPTY,0.7708671,True,7,08_EMPTY,0.9252647,True,0.8480659,True,False,correct_low_confidence,41,2027,True
b5fa391f8923fea2,Colorectal Histology MNIST/Kather_texture_2016_image_tiles_5000/Kather_texture_2016_image_tiles_5000/08_EMPTY/10AE9_CRC-Prim-HE-06_005.tif_Row_2551_Col_6001.tif,08_EMPTY/10AE9_CRC-Prim-HE-06_005.tif_Row_2551_Col_6001.tif,CRC-Prim-HE-06,7,08_EMPTY,5,6,07_ADIPOSE,0.63266,False,6,07_ADIPOSE,0.86570585,False,0.74918294,False,True,incorrect_any_model,41,2027,True
6bb749c48303d88f,Colorectal Histology MNIST/Kather_texture_2016_image_tiles_5000/Kather_texture_2016_image_tiles_5000/08_EMPTY/10B0F_CRC-Prim-HE-06_005.tif_Row_3151_Col_6451.tif,08_EMPTY/10B0F_CRC-Prim-HE-06_005.tif_Row_3151_Col_6451.tif,CRC-Prim-HE-06,7,08_EMPTY,5,6,07_ADIPOSE,0.5738249,False,6,07_ADIPOSE,0.9038779,False,0.7388514,False,True,incorrect_any_model,41,2027,True
292fc6c44026188d,Colorectal Histology MNIST/Kather_texture_2016_image_tiles_5000/Kather_texture_2016_image_tiles_5000/08_EMPTY/10D78_CRC-Prim-HE-06_005.tif_Row_5251_Col_7801.tif,08_EMPTY/10D78_CRC-Prim-HE-06_005.tif_Row_5251_Col_7801.tif,CRC-Prim-HE-06,7,08_EMPTY,5,6,07_ADIPOSE,0.6954751,False,6,07_ADIPOSE,0.82081074,False,0.75814295,False,True,incorrect_any_model,41,2027,True
a620cbff5f573019,Colorectal Histology MNIST/Kather_texture_2016_image_tiles_5000/Kather_texture_2016_image_tiles_5000/08_EMPTY/117EA_CRC-Prim-HE-06_005.tif_Row_6451_Col_7201.tif,08_EMPTY/117EA_CRC-Prim-HE-06_005.tif_Row_6451_Col_7201.tif,CRC-Prim-HE-06,7,08_EMPTY,5,6,07_ADIPOSE,0.6579712,False,6,07_ADIPOSE,0.8275186,False,0.7427449,False,True,incorrect_any_model,41,2027,True
88a5c405121ef7a2,Colorectal Histology MNIST/Kather_texture_2016_image_tiles_5000/Kather_texture_2016_image_tiles_5000/08_EMPTY/12F4F_CRC-Prim-HE-06_005.tif_Row_2851_Col_4801.tif,08_EMPTY/12F4F_CRC-Prim-HE-06_005.tif_Row_2851_Col_4801.tif,CRC-Prim-HE-06,7,08_EMPTY,5,6,07_ADIPOSE,0.5440718,False,6,07_ADIPOSE,0.9335575,False,0.73881465,False,True,incorrect_any_model,41,2027,True
0e568ddc977738b6,Colorectal Histology MNIST/Kather_texture_2016_image_tiles_5000/Kather_texture_2016_image_tiles_5000/08_EMPTY/1386A_CRC-Prim-HE-06_005.tif_Row_5101_Col_6751.tif,08_EMPTY/1386A_CRC-Prim-HE-06_005.tif_Row_5101_Col_6751.tif,CRC-Prim-HE-06,7,08_EMPTY,5,6,07_ADIPOSE,0.50608224,False,6,07_ADIPOSE,0.8812568,False,0.69366956,False,True,incorrect_any_model,41,2027,True
05911fcf995a92b8,Colorectal Histology MNIST/Kather_texture_2016_image_tiles_5000/Kather_texture_2016_image_tiles_5000/08_EMPTY/145CC_CRC-Prim-HE-06_005.tif_Row_4351_Col_6151.tif,08_EMPTY/145CC_CRC-Prim-HE-06_005.tif_Row_4351_Col_6151.tif,CRC-Prim-HE-06,7,08_EMPTY,5,6,07_ADIPOSE,0.62828475,False,6,07_ADIPOSE,0.8777375,False,0.7530111,False,True,incorrect_any_model,41,2027,True
e3197911686a7651,Colorectal Histology MNIST/Kather_texture_2016_image_tiles_5000/Kather_texture_2016_image_tiles_5000/08_EMPTY/148EA_CRC-Prim-HE-06_005.tif_Row_6151_Col_7951.tif,08_EMPTY/148EA_CRC-Prim-HE-06_005.tif_Row_6151_Col_7951.tif,CRC-Prim-HE-06,7,08_EMPTY,5,6,07_ADIPOSE,0.49019885,False,6,07_ADIPOSE,0.94295543,False,0.7165772,False,True,incorrect_any_model,41,2027,True
c39937219f52008c,Colorectal Histology MNIST/Kather_texture_2016_image_tiles_5000/Kather_texture_2016_image_tiles_5000/08_EMPTY/14BDB_CRC-Prim-HE-06_005.tif_Row_451_Col_6001.tif,08_EMPTY/14BDB_CRC-Prim-HE-06_005.tif_Row_451_Col_6001.tif,CRC-Prim-HE-06,7,08_EMPTY,5,6,07_ADIPOSE,0.44506457,False,6,07_ADIPOSE,0.9391242,False,0.6920944,False,True,incorrect_any_model,41,2027,True
b07b2e18ddf8934d,Colorectal Histology MNIST/Kather_texture_2016_image_tiles_5000/Kather_texture_2016_image_tiles_5000/08_EMPTY/112C1_CRC-Prim-HE-10_026.tif_Row_4951_Col_601.tif,08_EMPTY/112C1_CRC-Prim-HE-10_026.tif_Row_4951_Col_601.tif,CRC-Prim-HE-10,7,08_EMPTY,9,7,08_EMPTY,0.2800217,True,6,07_ADIPOSE,0.8844278,False,0.5822247,False,True,incorrect_any_model,41,2027,True
