path,bytes,category
artifacts/crc_val_external/common_seven/checkpoints/dinov2/seed_11.pt,39325,weights_or_features_restricted_review
artifacts/crc_val_external/common_seven/checkpoints/dinov2/seed_181.pt,39527,weights_or_features_restricted_review
artifacts/crc_val_external/common_seven/checkpoints/dinov2/seed_89.pt,39325,weights_or_features_restricted_review
artifacts/crc_val_external/common_seven/checkpoints/resnet18/seed_11.pt,44799115,weights_or_features_restricted_review
artifacts/crc_val_external/common_seven/checkpoints/resnet18/seed_181.pt,44799755,weights_or_features_restricted_review
artifacts/crc_val_external/common_seven/checkpoints/resnet18/seed_89.pt,44799115,weights_or_features_restricted_review
artifacts/crc_val_external/common_seven/checkpoints/uni/seed_11.pt,39325,weights_or_features_restricted_review
artifacts/crc_val_external/common_seven/checkpoints/uni/seed_181.pt,39527,weights_or_features_restricted_review
artifacts/crc_val_external/common_seven/checkpoints/uni/seed_89.pt,39325,weights_or_features_restricted_review
artifacts/crc_val_external/common_seven/crc_common_seven_external_manifest.csv,1864405,large_analysis_output
artifacts/crc_val_external/common_seven/faithfulness/dinov2_live_cohort_predictions.csv,145043,large_analysis_output
artifacts/crc_val_external/common_seven/faithfulness/dinov2_target_index.csv,212078,large_analysis_output
artifacts/crc_val_external/common_seven/faithfulness/external_attribution_maps.csv,100590680,large_analysis_output
artifacts/crc_val_external/common_seven/faithfulness/external_attribution_maps_raw.csv,78633304,large_analysis_output
artifacts/crc_val_external/common_seven/faithfulness/external_deletion_curves.csv,15632347,large_analysis_output
artifacts/crc_val_external/common_seven/faithfulness/external_deletion_curves_raw.csv,12139301,large_analysis_output
artifacts/crc_val_external/common_seven/faithfulness/external_faithfulness_metrics_raw.csv,1555786,large_analysis_output
artifacts/crc_val_external/common_seven/faithfulness/external_occlusion_scores.csv,87773512,large_analysis_output
artifacts/crc_val_external/common_seven/faithfulness/external_occlusion_scores_raw.csv,87835840,large_analysis_output
artifacts/crc_val_external/common_seven/faithfulness/partitions/crc_common_seven_external/DINOv2/seed_11/fold_0_attribution_maps.csv,8452497,large_analysis_output
artifacts/crc_val_external/common_seven/faithfulness/partitions/crc_common_seven_external/DINOv2/seed_11/fold_0_deletion_curves.csv,1301308,large_analysis_output
artifacts/crc_val_external/common_seven/faithfulness/partitions/crc_common_seven_external/DINOv2/seed_11/fold_0_metrics.csv,170691,large_analysis_output
artifacts/crc_val_external/common_seven/faithfulness/partitions/crc_common_seven_external/DINOv2/seed_11/fold_0_occlusion_scores.csv,9232197,large_analysis_output
artifacts/crc_val_external/common_seven/faithfulness/partitions/crc_common_seven_external/DINOv2/seed_181/fold_0_attribution_maps.csv,8476959,large_analysis_output
artifacts/crc_val_external/common_seven/faithfulness/partitions/crc_common_seven_external/DINOv2/seed_181/fold_0_deletion_curves.csv,1303847,large_analysis_output
artifacts/crc_val_external/common_seven/faithfulness/partitions/crc_common_seven_external/DINOv2/seed_181/fold_0_metrics.csv,171012,large_analysis_output
artifacts/crc_val_external/common_seven/faithfulness/partitions/crc_common_seven_external/DINOv2/seed_181/fold_0_occlusion_scores.csv,9261984,large_analysis_output
artifacts/crc_val_external/common_seven/faithfulness/partitions/crc_common_seven_external/DINOv2/seed_89/fold_0_attribution_maps.csv,8385257,large_analysis_output
artifacts/crc_val_external/common_seven/faithfulness/partitions/crc_common_seven_external/DINOv2/seed_89/fold_0_deletion_curves.csv,1290247,large_analysis_output
artifacts/crc_val_external/common_seven/faithfulness/partitions/crc_common_seven_external/DINOv2/seed_89/fold_0_metrics.csv,169648,large_analysis_output
artifacts/crc_val_external/common_seven/faithfulness/partitions/crc_common_seven_external/DINOv2/seed_89/fold_0_occlusion_scores.csv,9160715,large_analysis_output
artifacts/crc_val_external/common_seven/faithfulness/partitions/crc_common_seven_external/ResNet18/seed_11/fold_0_attribution_maps.csv,8476137,large_analysis_output
artifacts/crc_val_external/common_seven/faithfulness/partitions/crc_common_seven_external/ResNet18/seed_11/fold_0_deletion_curves.csv,1327357,large_analysis_output
artifacts/crc_val_external/common_seven/faithfulness/partitions/crc_common_seven_external/ResNet18/seed_11/fold_0_metrics.csv,177171,large_analysis_output
artifacts/crc_val_external/common_seven/faithfulness/partitions/crc_common_seven_external/ResNet18/seed_11/fold_0_occlusion_scores.csv,9807612,large_analysis_output
artifacts/crc_val_external/common_seven/faithfulness/partitions/crc_common_seven_external/ResNet18/seed_181/fold_0_attribution_maps.csv,8830113,large_analysis_output
artifacts/crc_val_external/common_seven/faithfulness/partitions/crc_common_seven_external/ResNet18/seed_181/fold_0_deletion_curves.csv,1384166,large_analysis_output
artifacts/crc_val_external/common_seven/faithfulness/partitions/crc_common_seven_external/ResNet18/seed_181/fold_0_metrics.csv,184585,large_analysis_output
artifacts/crc_val_external/common_seven/faithfulness/partitions/crc_common_seven_external/ResNet18/seed_181/fold_0_occlusion_scores.csv,10220299,large_analysis_output
artifacts/crc_val_external/common_seven/faithfulness/partitions/crc_common_seven_external/ResNet18/seed_89/fold_0_attribution_maps.csv,8865672,large_analysis_output
artifacts/crc_val_external/common_seven/faithfulness/partitions/crc_common_seven_external/ResNet18/seed_89/fold_0_deletion_curves.csv,1391526,large_analysis_output
artifacts/crc_val_external/common_seven/faithfulness/partitions/crc_common_seven_external/ResNet18/seed_89/fold_0_metrics.csv,185400,large_analysis_output
artifacts/crc_val_external/common_seven/faithfulness/partitions/crc_common_seven_external/ResNet18/seed_89/fold_0_occlusion_scores.csv,10278340,large_analysis_output
artifacts/crc_val_external/common_seven/faithfulness/partitions/crc_common_seven_external/UNI/seed_11/fold_0_attribution_maps.csv,9056867,large_analysis_output
artifacts/crc_val_external/common_seven/faithfulness/partitions/crc_common_seven_external/UNI/seed_11/fold_0_deletion_curves.csv,1406326,large_analysis_output
artifacts/crc_val_external/common_seven/faithfulness/partitions/crc_common_seven_external/UNI/seed_11/fold_0_metrics.csv,183640,large_analysis_output
artifacts/crc_val_external/common_seven/faithfulness/partitions/crc_common_seven_external/UNI/seed_11/fold_0_occlusion_scores.csv,9961783,large_analysis_output
artifacts/crc_val_external/common_seven/faithfulness/partitions/crc_common_seven_external/UNI/seed_181/fold_0_attribution_maps.csv,9138169,large_analysis_output
artifacts/crc_val_external/common_seven/faithfulness/partitions/crc_common_seven_external/UNI/seed_181/fold_0_deletion_curves.csv,1419063,large_analysis_output
artifacts/crc_val_external/common_seven/faithfulness/partitions/crc_common_seven_external/UNI/seed_181/fold_0_metrics.csv,185444,large_analysis_output
artifacts/crc_val_external/common_seven/faithfulness/partitions/crc_common_seven_external/UNI/seed_181/fold_0_occlusion_scores.csv,10056390,large_analysis_output
artifacts/crc_val_external/common_seven/faithfulness/partitions/crc_common_seven_external/UNI/seed_89/fold_0_attribution_maps.csv,8982753,large_analysis_output
artifacts/crc_val_external/common_seven/faithfulness/partitions/crc_common_seven_external/UNI/seed_89/fold_0_deletion_curves.csv,1394903,large_analysis_output
artifacts/crc_val_external/common_seven/faithfulness/partitions/crc_common_seven_external/UNI/seed_89/fold_0_metrics.csv,182880,large_analysis_output
artifacts/crc_val_external/common_seven/faithfulness/partitions/crc_common_seven_external/UNI/seed_89/fold_0_occlusion_scores.csv,9888456,large_analysis_output
artifacts/crc_val_external/common_seven/faithfulness/resnet18_live_cohort_predictions.csv,146753,large_analysis_output
artifacts/crc_val_external/common_seven/faithfulness/resnet18_target_index.csv,232762,large_analysis_output
artifacts/crc_val_external/common_seven/faithfulness/uni_live_cohort_predictions.csv,144610,large_analysis_output
artifacts/crc_val_external/common_seven/faithfulness/uni_target_index.csv,229533,large_analysis_output
artifacts/crc_val_external/common_seven/features/dinov2_crc_common_seven_float16.pt,27803237,weights_or_features_restricted_review
artifacts/crc_val_external/common_seven/features/dinov2_kather_common_seven_float16.pt,19064509,weights_or_features_restricted_review
artifacts/crc_val_external/common_seven/features/uni_crc_common_seven_float16.pt,27803213,weights_or_features_restricted_review
artifacts/crc_val_external/common_seven/features/uni_kather_common_seven_float16.pt,19064485,weights_or_features_restricted_review
artifacts/crc_val_external/common_seven/final_reporting/final_reporting_manifest.csv,436,large_analysis_output
artifacts/crc_val_external/common_seven/kather_common_seven_training_manifest.csv,1493989,large_analysis_output
artifacts/crc_val_external/common_seven/statistics/external_all_image_true_class_faithfulness_by_class.csv,4076,large_analysis_output
artifacts/crc_val_external/common_seven/statistics/external_all_image_true_class_faithfulness_overall.csv,909,large_analysis_output
artifacts/crc_val_external/common_seven/statistics/external_analysis_family_class_counts.csv,1860,large_analysis_output
artifacts/crc_val_external/common_seven/statistics/external_paired_model_tests.csv,4813,large_analysis_output
artifacts/crc_val_external/common_seven/statistics/external_paired_model_values.csv,237339,large_analysis_output
artifacts/crc_val_external/common_seven/statistics/external_primary_faithfulness_by_class.csv,3345,large_analysis_output
artifacts/crc_val_external/common_seven/statistics/external_primary_faithfulness_overall.csv,914,large_analysis_output
artifacts/dinov2_three_model/checkpoints/dinov2/seed_101/fold_0.pt,43347,weights_or_features_restricted_review
artifacts/dinov2_three_model/checkpoints/dinov2/seed_101/fold_1.pt,43347,weights_or_features_restricted_review
artifacts/dinov2_three_model/checkpoints/dinov2/seed_101/fold_2.pt,43347,weights_or_features_restricted_review
artifacts/dinov2_three_model/checkpoints/dinov2/seed_101/fold_3.pt,43347,weights_or_features_restricted_review
artifacts/dinov2_three_model/checkpoints/dinov2/seed_101/fold_4.pt,43347,weights_or_features_restricted_review
artifacts/dinov2_three_model/checkpoints/dinov2/seed_101/fold_5.pt,43347,weights_or_features_restricted_review
artifacts/dinov2_three_model/checkpoints/dinov2/seed_101/fold_6.pt,43347,weights_or_features_restricted_review
artifacts/dinov2_three_model/checkpoints/dinov2/seed_101/fold_7.pt,43347,weights_or_features_restricted_review
artifacts/dinov2_three_model/checkpoints/dinov2/seed_101/fold_8.pt,43347,weights_or_features_restricted_review
artifacts/dinov2_three_model/checkpoints/dinov2/seed_101/fold_9.pt,43347,weights_or_features_restricted_review
artifacts/dinov2_three_model/checkpoints/dinov2/seed_11/fold_0.pt,43347,weights_or_features_restricted_review
artifacts/dinov2_three_model/checkpoints/dinov2/seed_11/fold_1.pt,43347,weights_or_features_restricted_review
artifacts/dinov2_three_model/checkpoints/dinov2/seed_11/fold_2.pt,43347,weights_or_features_restricted_review
artifacts/dinov2_three_model/checkpoints/dinov2/seed_11/fold_3.pt,43347,weights_or_features_restricted_review
artifacts/dinov2_three_model/checkpoints/dinov2/seed_11/fold_4.pt,43347,weights_or_features_restricted_review
artifacts/dinov2_three_model/checkpoints/dinov2/seed_11/fold_5.pt,43347,weights_or_features_restricted_review
artifacts/dinov2_three_model/checkpoints/dinov2/seed_11/fold_6.pt,43347,weights_or_features_restricted_review
artifacts/dinov2_three_model/checkpoints/dinov2/seed_11/fold_7.pt,43347,weights_or_features_restricted_review
artifacts/dinov2_three_model/checkpoints/dinov2/seed_11/fold_8.pt,43347,weights_or_features_restricted_review
artifacts/dinov2_three_model/checkpoints/dinov2/seed_11/fold_9.pt,43347,weights_or_features_restricted_review
artifacts/dinov2_three_model/checkpoints/dinov2/seed_131/fold_0.pt,43347,weights_or_features_restricted_review
artifacts/dinov2_three_model/checkpoints/dinov2/seed_131/fold_1.pt,43347,weights_or_features_restricted_review
artifacts/dinov2_three_model/checkpoints/dinov2/seed_131/fold_2.pt,43347,weights_or_features_restricted_review
artifacts/dinov2_three_model/checkpoints/dinov2/seed_131/fold_3.pt,43347,weights_or_features_restricted_review
artifacts/dinov2_three_model/checkpoints/dinov2/seed_131/fold_4.pt,43347,weights_or_features_restricted_review
artifacts/dinov2_three_model/checkpoints/dinov2/seed_131/fold_5.pt,43347,weights_or_features_restricted_review
artifacts/dinov2_three_model/checkpoints/dinov2/seed_131/fold_6.pt,43347,weights_or_features_restricted_review
artifacts/dinov2_three_model/checkpoints/dinov2/seed_131/fold_7.pt,43347,weights_or_features_restricted_review
artifacts/dinov2_three_model/checkpoints/dinov2/seed_131/fold_8.pt,43347,weights_or_features_restricted_review
artifacts/dinov2_three_model/checkpoints/dinov2/seed_131/fold_9.pt,43347,weights_or_features_restricted_review
artifacts/dinov2_three_model/checkpoints/dinov2/seed_151/fold_0.pt,43347,weights_or_features_restricted_review
artifacts/dinov2_three_model/checkpoints/dinov2/seed_151/fold_1.pt,43347,weights_or_features_restricted_review
artifacts/dinov2_three_model/checkpoints/dinov2/seed_151/fold_2.pt,43347,weights_or_features_restricted_review
artifacts/dinov2_three_model/checkpoints/dinov2/seed_151/fold_3.pt,43347,weights_or_features_restricted_review
artifacts/dinov2_three_model/checkpoints/dinov2/seed_151/fold_4.pt,43347,weights_or_features_restricted_review
artifacts/dinov2_three_model/checkpoints/dinov2/seed_151/fold_5.pt,43347,weights_or_features_restricted_review
artifacts/dinov2_three_model/checkpoints/dinov2/seed_151/fold_6.pt,43347,weights_or_features_restricted_review
artifacts/dinov2_three_model/checkpoints/dinov2/seed_151/fold_7.pt,43347,weights_or_features_restricted_review
artifacts/dinov2_three_model/checkpoints/dinov2/seed_151/fold_8.pt,43347,weights_or_features_restricted_review
artifacts/dinov2_three_model/checkpoints/dinov2/seed_151/fold_9.pt,43347,weights_or_features_restricted_review
artifacts/dinov2_three_model/checkpoints/dinov2/seed_181/fold_0.pt,43347,weights_or_features_restricted_review
artifacts/dinov2_three_model/checkpoints/dinov2/seed_181/fold_1.pt,43347,weights_or_features_restricted_review
artifacts/dinov2_three_model/checkpoints/dinov2/seed_181/fold_2.pt,43347,weights_or_features_restricted_review
artifacts/dinov2_three_model/checkpoints/dinov2/seed_181/fold_3.pt,43347,weights_or_features_restricted_review
artifacts/dinov2_three_model/checkpoints/dinov2/seed_181/fold_4.pt,43347,weights_or_features_restricted_review
artifacts/dinov2_three_model/checkpoints/dinov2/seed_181/fold_5.pt,43347,weights_or_features_restricted_review
artifacts/dinov2_three_model/checkpoints/dinov2/seed_181/fold_6.pt,43347,weights_or_features_restricted_review
artifacts/dinov2_three_model/checkpoints/dinov2/seed_181/fold_7.pt,43347,weights_or_features_restricted_review
artifacts/dinov2_three_model/checkpoints/dinov2/seed_181/fold_8.pt,43347,weights_or_features_restricted_review
artifacts/dinov2_three_model/checkpoints/dinov2/seed_181/fold_9.pt,43347,weights_or_features_restricted_review
artifacts/dinov2_three_model/checkpoints/dinov2/seed_23/fold_0.pt,43347,weights_or_features_restricted_review
artifacts/dinov2_three_model/checkpoints/dinov2/seed_23/fold_1.pt,43347,weights_or_features_restricted_review
artifacts/dinov2_three_model/checkpoints/dinov2/seed_23/fold_2.pt,43347,weights_or_features_restricted_review
artifacts/dinov2_three_model/checkpoints/dinov2/seed_23/fold_3.pt,43347,weights_or_features_restricted_review
artifacts/dinov2_three_model/checkpoints/dinov2/seed_23/fold_4.pt,43347,weights_or_features_restricted_review
artifacts/dinov2_three_model/checkpoints/dinov2/seed_23/fold_5.pt,43347,weights_or_features_restricted_review
artifacts/dinov2_three_model/checkpoints/dinov2/seed_23/fold_6.pt,43347,weights_or_features_restricted_review
artifacts/dinov2_three_model/checkpoints/dinov2/seed_23/fold_7.pt,43347,weights_or_features_restricted_review
artifacts/dinov2_three_model/checkpoints/dinov2/seed_23/fold_8.pt,43347,weights_or_features_restricted_review
artifacts/dinov2_three_model/checkpoints/dinov2/seed_23/fold_9.pt,43347,weights_or_features_restricted_review
artifacts/dinov2_three_model/checkpoints/dinov2/seed_41/fold_0.pt,43347,weights_or_features_restricted_review
artifacts/dinov2_three_model/checkpoints/dinov2/seed_41/fold_1.pt,43347,weights_or_features_restricted_review
artifacts/dinov2_three_model/checkpoints/dinov2/seed_41/fold_2.pt,43347,weights_or_features_restricted_review
artifacts/dinov2_three_model/checkpoints/dinov2/seed_41/fold_3.pt,43347,weights_or_features_restricted_review
artifacts/dinov2_three_model/checkpoints/dinov2/seed_41/fold_4.pt,43347,weights_or_features_restricted_review
artifacts/dinov2_three_model/checkpoints/dinov2/seed_41/fold_5.pt,43347,weights_or_features_restricted_review
artifacts/dinov2_three_model/checkpoints/dinov2/seed_41/fold_6.pt,43347,weights_or_features_restricted_review
artifacts/dinov2_three_model/checkpoints/dinov2/seed_41/fold_7.pt,43347,weights_or_features_restricted_review
artifacts/dinov2_three_model/checkpoints/dinov2/seed_41/fold_8.pt,43347,weights_or_features_restricted_review
artifacts/dinov2_three_model/checkpoints/dinov2/seed_41/fold_9.pt,43347,weights_or_features_restricted_review
artifacts/dinov2_three_model/checkpoints/dinov2/seed_57/fold_0.pt,43347,weights_or_features_restricted_review
artifacts/dinov2_three_model/checkpoints/dinov2/seed_57/fold_1.pt,43347,weights_or_features_restricted_review
artifacts/dinov2_three_model/checkpoints/dinov2/seed_57/fold_2.pt,43347,weights_or_features_restricted_review
artifacts/dinov2_three_model/checkpoints/dinov2/seed_57/fold_3.pt,43347,weights_or_features_restricted_review
artifacts/dinov2_three_model/checkpoints/dinov2/seed_57/fold_4.pt,43347,weights_or_features_restricted_review
artifacts/dinov2_three_model/checkpoints/dinov2/seed_57/fold_5.pt,43347,weights_or_features_restricted_review
artifacts/dinov2_three_model/checkpoints/dinov2/seed_57/fold_6.pt,43347,weights_or_features_restricted_review
artifacts/dinov2_three_model/checkpoints/dinov2/seed_57/fold_7.pt,43347,weights_or_features_restricted_review
artifacts/dinov2_three_model/checkpoints/dinov2/seed_57/fold_8.pt,43347,weights_or_features_restricted_review
artifacts/dinov2_three_model/checkpoints/dinov2/seed_57/fold_9.pt,43347,weights_or_features_restricted_review
artifacts/dinov2_three_model/checkpoints/dinov2/seed_73/fold_0.pt,43347,weights_or_features_restricted_review
artifacts/dinov2_three_model/checkpoints/dinov2/seed_73/fold_1.pt,43347,weights_or_features_restricted_review
artifacts/dinov2_three_model/checkpoints/dinov2/seed_73/fold_2.pt,43347,weights_or_features_restricted_review
artifacts/dinov2_three_model/checkpoints/dinov2/seed_73/fold_3.pt,43347,weights_or_features_restricted_review
artifacts/dinov2_three_model/checkpoints/dinov2/seed_73/fold_4.pt,43347,weights_or_features_restricted_review
artifacts/dinov2_three_model/checkpoints/dinov2/seed_73/fold_5.pt,43347,weights_or_features_restricted_review
artifacts/dinov2_three_model/checkpoints/dinov2/seed_73/fold_6.pt,43347,weights_or_features_restricted_review
artifacts/dinov2_three_model/checkpoints/dinov2/seed_73/fold_7.pt,43347,weights_or_features_restricted_review
artifacts/dinov2_three_model/checkpoints/dinov2/seed_73/fold_8.pt,43347,weights_or_features_restricted_review
artifacts/dinov2_three_model/checkpoints/dinov2/seed_73/fold_9.pt,43347,weights_or_features_restricted_review
artifacts/dinov2_three_model/checkpoints/dinov2/seed_89/fold_0.pt,43347,weights_or_features_restricted_review
artifacts/dinov2_three_model/checkpoints/dinov2/seed_89/fold_1.pt,43347,weights_or_features_restricted_review
artifacts/dinov2_three_model/checkpoints/dinov2/seed_89/fold_2.pt,43347,weights_or_features_restricted_review
artifacts/dinov2_three_model/checkpoints/dinov2/seed_89/fold_3.pt,43347,weights_or_features_restricted_review
artifacts/dinov2_three_model/checkpoints/dinov2/seed_89/fold_4.pt,43347,weights_or_features_restricted_review
artifacts/dinov2_three_model/checkpoints/dinov2/seed_89/fold_5.pt,43347,weights_or_features_restricted_review
artifacts/dinov2_three_model/checkpoints/dinov2/seed_89/fold_6.pt,43347,weights_or_features_restricted_review
artifacts/dinov2_three_model/checkpoints/dinov2/seed_89/fold_7.pt,43347,weights_or_features_restricted_review
artifacts/dinov2_three_model/checkpoints/dinov2/seed_89/fold_8.pt,43347,weights_or_features_restricted_review
artifacts/dinov2_three_model/checkpoints/dinov2/seed_89/fold_9.pt,43347,weights_or_features_restricted_review
artifacts/dinov2_three_model/checkpoints/resnet18/seed_101/fold_0.pt,44796235,weights_or_features_restricted_review
artifacts/dinov2_three_model/checkpoints/resnet18/seed_101/fold_1.pt,44796235,weights_or_features_restricted_review
artifacts/dinov2_three_model/checkpoints/resnet18/seed_101/fold_2.pt,44796235,weights_or_features_restricted_review
artifacts/dinov2_three_model/checkpoints/resnet18/seed_101/fold_3.pt,44796235,weights_or_features_restricted_review
artifacts/dinov2_three_model/checkpoints/resnet18/seed_101/fold_4.pt,44796235,weights_or_features_restricted_review
artifacts/dinov2_three_model/checkpoints/resnet18/seed_101/fold_5.pt,44796235,weights_or_features_restricted_review
artifacts/dinov2_three_model/checkpoints/resnet18/seed_101/fold_6.pt,44796235,weights_or_features_restricted_review
artifacts/dinov2_three_model/checkpoints/resnet18/seed_101/fold_7.pt,44796235,weights_or_features_restricted_review
artifacts/dinov2_three_model/checkpoints/resnet18/seed_101/fold_8.pt,44796235,weights_or_features_restricted_review
artifacts/dinov2_three_model/checkpoints/resnet18/seed_101/fold_9.pt,44796235,weights_or_features_restricted_review
artifacts/dinov2_three_model/checkpoints/resnet18/seed_11/fold_0.pt,44796235,weights_or_features_restricted_review
artifacts/dinov2_three_model/checkpoints/resnet18/seed_11/fold_1.pt,44796235,weights_or_features_restricted_review
artifacts/dinov2_three_model/checkpoints/resnet18/seed_11/fold_2.pt,44796235,weights_or_features_restricted_review
artifacts/dinov2_three_model/checkpoints/resnet18/seed_11/fold_3.pt,44796235,weights_or_features_restricted_review
artifacts/dinov2_three_model/checkpoints/resnet18/seed_11/fold_4.pt,44796235,weights_or_features_restricted_review
artifacts/dinov2_three_model/checkpoints/resnet18/seed_11/fold_5.pt,44796235,weights_or_features_restricted_review
artifacts/dinov2_three_model/checkpoints/resnet18/seed_11/fold_6.pt,44796235,weights_or_features_restricted_review
artifacts/dinov2_three_model/checkpoints/resnet18/seed_11/fold_7.pt,44796235,weights_or_features_restricted_review
artifacts/dinov2_three_model/checkpoints/resnet18/seed_11/fold_8.pt,44796235,weights_or_features_restricted_review
artifacts/dinov2_three_model/checkpoints/resnet18/seed_11/fold_9.pt,44796235,weights_or_features_restricted_review
artifacts/dinov2_three_model/checkpoints/resnet18/seed_131/fold_0.pt,44796235,weights_or_features_restricted_review
artifacts/dinov2_three_model/checkpoints/resnet18/seed_131/fold_1.pt,44796235,weights_or_features_restricted_review
artifacts/dinov2_three_model/checkpoints/resnet18/seed_131/fold_2.pt,44796235,weights_or_features_restricted_review
artifacts/dinov2_three_model/checkpoints/resnet18/seed_131/fold_3.pt,44796235,weights_or_features_restricted_review
artifacts/dinov2_three_model/checkpoints/resnet18/seed_131/fold_4.pt,44796235,weights_or_features_restricted_review
artifacts/dinov2_three_model/checkpoints/resnet18/seed_131/fold_5.pt,44796235,weights_or_features_restricted_review
artifacts/dinov2_three_model/checkpoints/resnet18/seed_131/fold_6.pt,44796235,weights_or_features_restricted_review
artifacts/dinov2_three_model/checkpoints/resnet18/seed_131/fold_7.pt,44796235,weights_or_features_restricted_review
artifacts/dinov2_three_model/checkpoints/resnet18/seed_131/fold_8.pt,44796235,weights_or_features_restricted_review
artifacts/dinov2_three_model/checkpoints/resnet18/seed_131/fold_9.pt,44796235,weights_or_features_restricted_review
artifacts/dinov2_three_model/checkpoints/resnet18/seed_151/fold_0.pt,44796235,weights_or_features_restricted_review
artifacts/dinov2_three_model/checkpoints/resnet18/seed_151/fold_1.pt,44796235,weights_or_features_restricted_review
artifacts/dinov2_three_model/checkpoints/resnet18/seed_151/fold_2.pt,44796235,weights_or_features_restricted_review
artifacts/dinov2_three_model/checkpoints/resnet18/seed_151/fold_3.pt,44796235,weights_or_features_restricted_review
artifacts/dinov2_three_model/checkpoints/resnet18/seed_151/fold_4.pt,44796235,weights_or_features_restricted_review
artifacts/dinov2_three_model/checkpoints/resnet18/seed_151/fold_5.pt,44796235,weights_or_features_restricted_review
artifacts/dinov2_three_model/checkpoints/resnet18/seed_151/fold_6.pt,44796235,weights_or_features_restricted_review
artifacts/dinov2_three_model/checkpoints/resnet18/seed_151/fold_7.pt,44796235,weights_or_features_restricted_review
artifacts/dinov2_three_model/checkpoints/resnet18/seed_151/fold_8.pt,44796235,weights_or_features_restricted_review
artifacts/dinov2_three_model/checkpoints/resnet18/seed_151/fold_9.pt,44796235,weights_or_features_restricted_review
artifacts/dinov2_three_model/checkpoints/resnet18/seed_181/fold_0.pt,44796235,weights_or_features_restricted_review
artifacts/dinov2_three_model/checkpoints/resnet18/seed_181/fold_1.pt,44796235,weights_or_features_restricted_review
artifacts/dinov2_three_model/checkpoints/resnet18/seed_181/fold_2.pt,44796235,weights_or_features_restricted_review
artifacts/dinov2_three_model/checkpoints/resnet18/seed_181/fold_3.pt,44796235,weights_or_features_restricted_review
artifacts/dinov2_three_model/checkpoints/resnet18/seed_181/fold_4.pt,44796235,weights_or_features_restricted_review
artifacts/dinov2_three_model/checkpoints/resnet18/seed_181/fold_5.pt,44796235,weights_or_features_restricted_review
artifacts/dinov2_three_model/checkpoints/resnet18/seed_181/fold_6.pt,44796235,weights_or_features_restricted_review
artifacts/dinov2_three_model/checkpoints/resnet18/seed_181/fold_7.pt,44796235,weights_or_features_restricted_review
artifacts/dinov2_three_model/checkpoints/resnet18/seed_181/fold_8.pt,44796235,weights_or_features_restricted_review
artifacts/dinov2_three_model/checkpoints/resnet18/seed_181/fold_9.pt,44796235,weights_or_features_restricted_review
artifacts/dinov2_three_model/checkpoints/resnet18/seed_23/fold_0.pt,44796235,weights_or_features_restricted_review
artifacts/dinov2_three_model/checkpoints/resnet18/seed_23/fold_1.pt,44796235,weights_or_features_restricted_review
artifacts/dinov2_three_model/checkpoints/resnet18/seed_23/fold_2.pt,44796235,weights_or_features_restricted_review
artifacts/dinov2_three_model/checkpoints/resnet18/seed_23/fold_3.pt,44796235,weights_or_features_restricted_review
artifacts/dinov2_three_model/checkpoints/resnet18/seed_23/fold_4.pt,44796235,weights_or_features_restricted_review
artifacts/dinov2_three_model/checkpoints/resnet18/seed_23/fold_5.pt,44796235,weights_or_features_restricted_review
artifacts/dinov2_three_model/checkpoints/resnet18/seed_23/fold_6.pt,44796235,weights_or_features_restricted_review
artifacts/dinov2_three_model/checkpoints/resnet18/seed_23/fold_7.pt,44796235,weights_or_features_restricted_review
artifacts/dinov2_three_model/checkpoints/resnet18/seed_23/fold_8.pt,44796235,weights_or_features_restricted_review
artifacts/dinov2_three_model/checkpoints/resnet18/seed_23/fold_9.pt,44796235,weights_or_features_restricted_review
artifacts/dinov2_three_model/checkpoints/resnet18/seed_41/fold_0.pt,44796235,weights_or_features_restricted_review
artifacts/dinov2_three_model/checkpoints/resnet18/seed_41/fold_1.pt,44796235,weights_or_features_restricted_review
artifacts/dinov2_three_model/checkpoints/resnet18/seed_41/fold_2.pt,44796235,weights_or_features_restricted_review
artifacts/dinov2_three_model/checkpoints/resnet18/seed_41/fold_3.pt,44796235,weights_or_features_restricted_review
artifacts/dinov2_three_model/checkpoints/resnet18/seed_41/fold_4.pt,44796235,weights_or_features_restricted_review
artifacts/dinov2_three_model/checkpoints/resnet18/seed_41/fold_5.pt,44796235,weights_or_features_restricted_review
artifacts/dinov2_three_model/checkpoints/resnet18/seed_41/fold_6.pt,44796235,weights_or_features_restricted_review
artifacts/dinov2_three_model/checkpoints/resnet18/seed_41/fold_7.pt,44796235,weights_or_features_restricted_review
artifacts/dinov2_three_model/checkpoints/resnet18/seed_41/fold_8.pt,44796235,weights_or_features_restricted_review
artifacts/dinov2_three_model/checkpoints/resnet18/seed_41/fold_9.pt,44796235,weights_or_features_restricted_review
artifacts/dinov2_three_model/checkpoints/resnet18/seed_57/fold_0.pt,44796235,weights_or_features_restricted_review
artifacts/dinov2_three_model/checkpoints/resnet18/seed_57/fold_1.pt,44796235,weights_or_features_restricted_review
artifacts/dinov2_three_model/checkpoints/resnet18/seed_57/fold_2.pt,44796235,weights_or_features_restricted_review
artifacts/dinov2_three_model/checkpoints/resnet18/seed_57/fold_3.pt,44796235,weights_or_features_restricted_review
artifacts/dinov2_three_model/checkpoints/resnet18/seed_57/fold_4.pt,44796235,weights_or_features_restricted_review
artifacts/dinov2_three_model/checkpoints/resnet18/seed_57/fold_5.pt,44796235,weights_or_features_restricted_review
artifacts/dinov2_three_model/checkpoints/resnet18/seed_57/fold_6.pt,44796235,weights_or_features_restricted_review
artifacts/dinov2_three_model/checkpoints/resnet18/seed_57/fold_7.pt,44796235,weights_or_features_restricted_review
artifacts/dinov2_three_model/checkpoints/resnet18/seed_57/fold_8.pt,44796235,weights_or_features_restricted_review
artifacts/dinov2_three_model/checkpoints/resnet18/seed_57/fold_9.pt,44796235,weights_or_features_restricted_review
artifacts/dinov2_three_model/checkpoints/resnet18/seed_73/fold_0.pt,44796235,weights_or_features_restricted_review
artifacts/dinov2_three_model/checkpoints/resnet18/seed_73/fold_1.pt,44796235,weights_or_features_restricted_review
artifacts/dinov2_three_model/checkpoints/resnet18/seed_73/fold_2.pt,44796235,weights_or_features_restricted_review
artifacts/dinov2_three_model/checkpoints/resnet18/seed_73/fold_3.pt,44796235,weights_or_features_restricted_review
artifacts/dinov2_three_model/checkpoints/resnet18/seed_73/fold_4.pt,44796235,weights_or_features_restricted_review
artifacts/dinov2_three_model/checkpoints/resnet18/seed_73/fold_5.pt,44796235,weights_or_features_restricted_review
artifacts/dinov2_three_model/checkpoints/resnet18/seed_73/fold_6.pt,44796235,weights_or_features_restricted_review
artifacts/dinov2_three_model/checkpoints/resnet18/seed_73/fold_7.pt,44796235,weights_or_features_restricted_review
artifacts/dinov2_three_model/checkpoints/resnet18/seed_73/fold_8.pt,44796235,weights_or_features_restricted_review
artifacts/dinov2_three_model/checkpoints/resnet18/seed_73/fold_9.pt,44796235,weights_or_features_restricted_review
artifacts/dinov2_three_model/checkpoints/resnet18/seed_89/fold_0.pt,44796235,weights_or_features_restricted_review
artifacts/dinov2_three_model/checkpoints/resnet18/seed_89/fold_1.pt,44796235,weights_or_features_restricted_review
artifacts/dinov2_three_model/checkpoints/resnet18/seed_89/fold_2.pt,44796235,weights_or_features_restricted_review
artifacts/dinov2_three_model/checkpoints/resnet18/seed_89/fold_3.pt,44796235,weights_or_features_restricted_review
artifacts/dinov2_three_model/checkpoints/resnet18/seed_89/fold_4.pt,44796235,weights_or_features_restricted_review
artifacts/dinov2_three_model/checkpoints/resnet18/seed_89/fold_5.pt,44796235,weights_or_features_restricted_review
artifacts/dinov2_three_model/checkpoints/resnet18/seed_89/fold_6.pt,44796235,weights_or_features_restricted_review
artifacts/dinov2_three_model/checkpoints/resnet18/seed_89/fold_7.pt,44796235,weights_or_features_restricted_review
artifacts/dinov2_three_model/checkpoints/resnet18/seed_89/fold_8.pt,44796235,weights_or_features_restricted_review
artifacts/dinov2_three_model/checkpoints/resnet18/seed_89/fold_9.pt,44796235,weights_or_features_restricted_review
artifacts/dinov2_three_model/faithfulness/dinov2_attribution_maps.csv,64937524,large_analysis_output
artifacts/dinov2_three_model/faithfulness/dinov2_deletion_curves.csv,12708233,large_analysis_output
artifacts/dinov2_three_model/faithfulness/dinov2_patch_occlusion_scores.csv,32551149,large_analysis_output
artifacts/dinov2_three_model/faithfulness/resnet18_attribution_maps.csv,20487341,large_analysis_output
artifacts/dinov2_three_model/faithfulness/resnet18_deletion_curves.csv,4054815,large_analysis_output
artifacts/dinov2_three_model/faithfulness/resnet18_patch_occlusion_scores.csv,31920956,large_analysis_output
artifacts/dinov2_three_model/faithfulness/three_model_deletion_curves.csv,28622999,large_analysis_output
artifacts/dinov2_three_model/features/dinov2_cls_all_images.pt,21788117,weights_or_features_restricted_review
artifacts/dinov2_three_model/patch_tokens/dinov2_faithfulness_cohort_patch_token_index.csv,65507,large_analysis_output
artifacts/dinov2_three_model/patch_tokens/dinov2_fold_0_patch_token_index.csv,96299,large_analysis_output
artifacts/dinov2_three_model/stability/dinov2_stability_attribution_maps.csv,321558188,large_analysis_output
artifacts/dinov2_three_model/stability/resnet18_stability_attribution_maps.csv,322584716,large_analysis_output
artifacts/feedback2_revision/probability_deletion/deterministic_ties_v5/full/crc/DINOv2/frozen_targets.csv,405519,large_analysis_output
artifacts/feedback2_revision/probability_deletion/deterministic_ties_v5/full/crc/DINOv2/seed_11_fold_0_curves.csv,2841985,large_analysis_output
artifacts/feedback2_revision/probability_deletion/deterministic_ties_v5/full/crc/DINOv2/seed_11_fold_0_metrics.csv,232588,large_analysis_output
artifacts/feedback2_revision/probability_deletion/deterministic_ties_v5/full/crc/DINOv2/seed_181_fold_0_curves.csv,2841795,large_analysis_output
artifacts/feedback2_revision/probability_deletion/deterministic_ties_v5/full/crc/DINOv2/seed_181_fold_0_metrics.csv,226394,large_analysis_output
artifacts/feedback2_revision/probability_deletion/deterministic_ties_v5/full/crc/DINOv2/seed_89_fold_0_curves.csv,2838912,large_analysis_output
artifacts/feedback2_revision/probability_deletion/deterministic_ties_v5/full/crc/DINOv2/seed_89_fold_0_metrics.csv,226332,large_analysis_output
artifacts/feedback2_revision/probability_deletion/deterministic_ties_v5/full/crc/ResNet18/frozen_targets.csv,400306,large_analysis_output
artifacts/feedback2_revision/probability_deletion/deterministic_ties_v5/full/crc/ResNet18/seed_11_fold_0_curves.csv,2866084,large_analysis_output
artifacts/feedback2_revision/probability_deletion/deterministic_ties_v5/full/crc/ResNet18/seed_11_fold_0_metrics.csv,230222,large_analysis_output
artifacts/feedback2_revision/probability_deletion/deterministic_ties_v5/full/crc/ResNet18/seed_181_fold_0_curves.csv,2873256,large_analysis_output
artifacts/feedback2_revision/probability_deletion/deterministic_ties_v5/full/crc/ResNet18/seed_181_fold_0_metrics.csv,223985,large_analysis_output
artifacts/feedback2_revision/probability_deletion/deterministic_ties_v5/full/crc/ResNet18/seed_89_fold_0_curves.csv,2868595,large_analysis_output
artifacts/feedback2_revision/probability_deletion/deterministic_ties_v5/full/crc/ResNet18/seed_89_fold_0_metrics.csv,223679,large_analysis_output
artifacts/feedback2_revision/probability_deletion/deterministic_ties_v5/full/crc/UNI/frozen_targets.csv,403757,large_analysis_output
artifacts/feedback2_revision/probability_deletion/deterministic_ties_v5/full/crc/UNI/seed_11_fold_0_curves.csv,2841900,large_analysis_output
artifacts/feedback2_revision/probability_deletion/deterministic_ties_v5/full/crc/UNI/seed_11_fold_0_metrics.csv,232176,large_analysis_output
artifacts/feedback2_revision/probability_deletion/deterministic_ties_v5/full/crc/UNI/seed_181_fold_0_curves.csv,2849859,large_analysis_output
artifacts/feedback2_revision/probability_deletion/deterministic_ties_v5/full/crc/UNI/seed_181_fold_0_metrics.csv,225601,large_analysis_output
artifacts/feedback2_revision/probability_deletion/deterministic_ties_v5/full/crc/UNI/seed_89_fold_0_curves.csv,2846316,large_analysis_output
artifacts/feedback2_revision/probability_deletion/deterministic_ties_v5/full/crc/UNI/seed_89_fold_0_metrics.csv,226000,large_analysis_output
artifacts/feedback2_revision/probability_deletion/deterministic_ties_v5/full/kather/DINOv2/frozen_targets.csv,1242815,large_analysis_output
artifacts/feedback2_revision/probability_deletion/deterministic_ties_v5/full/kather/DINOv2/seed_11_fold_0_curves.csv,598541,large_analysis_output
artifacts/feedback2_revision/probability_deletion/deterministic_ties_v5/full/kather/DINOv2/seed_11_fold_0_metrics.csv,39935,large_analysis_output
artifacts/feedback2_revision/probability_deletion/deterministic_ties_v5/full/kather/DINOv2/seed_11_fold_1_curves.csv,389916,large_analysis_output
artifacts/feedback2_revision/probability_deletion/deterministic_ties_v5/full/kather/DINOv2/seed_11_fold_1_metrics.csv,27027,large_analysis_output
artifacts/feedback2_revision/probability_deletion/deterministic_ties_v5/full/kather/DINOv2/seed_11_fold_2_curves.csv,716990,large_analysis_output
artifacts/feedback2_revision/probability_deletion/deterministic_ties_v5/full/kather/DINOv2/seed_11_fold_2_metrics.csv,47147,large_analysis_output
artifacts/feedback2_revision/probability_deletion/deterministic_ties_v5/full/kather/DINOv2/seed_11_fold_3_curves.csv,654686,large_analysis_output
artifacts/feedback2_revision/probability_deletion/deterministic_ties_v5/full/kather/DINOv2/seed_11_fold_3_metrics.csv,43579,large_analysis_output
artifacts/feedback2_revision/probability_deletion/deterministic_ties_v5/full/kather/DINOv2/seed_11_fold_4_curves.csv,983295,large_analysis_output
artifacts/feedback2_revision/probability_deletion/deterministic_ties_v5/full/kather/DINOv2/seed_11_fold_4_metrics.csv,63870,large_analysis_output
artifacts/feedback2_revision/probability_deletion/deterministic_ties_v5/full/kather/DINOv2/seed_11_fold_5_curves.csv,1282894,large_analysis_output
artifacts/feedback2_revision/probability_deletion/deterministic_ties_v5/full/kather/DINOv2/seed_11_fold_5_metrics.csv,81650,large_analysis_output
artifacts/feedback2_revision/probability_deletion/deterministic_ties_v5/full/kather/DINOv2/seed_11_fold_6_curves.csv,688612,large_analysis_output
artifacts/feedback2_revision/probability_deletion/deterministic_ties_v5/full/kather/DINOv2/seed_11_fold_6_metrics.csv,45387,large_analysis_output
artifacts/feedback2_revision/probability_deletion/deterministic_ties_v5/full/kather/DINOv2/seed_11_fold_7_curves.csv,567021,large_analysis_output
artifacts/feedback2_revision/probability_deletion/deterministic_ties_v5/full/kather/DINOv2/seed_11_fold_7_metrics.csv,37986,large_analysis_output
artifacts/feedback2_revision/probability_deletion/deterministic_ties_v5/full/kather/DINOv2/seed_11_fold_8_curves.csv,686625,large_analysis_output
artifacts/feedback2_revision/probability_deletion/deterministic_ties_v5/full/kather/DINOv2/seed_11_fold_8_metrics.csv,45311,large_analysis_output
artifacts/feedback2_revision/probability_deletion/deterministic_ties_v5/full/kather/DINOv2/seed_11_fold_9_curves.csv,1339966,large_analysis_output
artifacts/feedback2_revision/probability_deletion/deterministic_ties_v5/full/kather/DINOv2/seed_11_fold_9_metrics.csv,86070,large_analysis_output
artifacts/feedback2_revision/probability_deletion/deterministic_ties_v5/full/kather/DINOv2/seed_181_fold_0_curves.csv,658290,large_analysis_output
artifacts/feedback2_revision/probability_deletion/deterministic_ties_v5/full/kather/DINOv2/seed_181_fold_0_metrics.csv,43585,large_analysis_output
artifacts/feedback2_revision/probability_deletion/deterministic_ties_v5/full/kather/DINOv2/seed_181_fold_1_curves.csv,359440,large_analysis_output
artifacts/feedback2_revision/probability_deletion/deterministic_ties_v5/full/kather/DINOv2/seed_181_fold_1_metrics.csv,25135,large_analysis_output
artifacts/feedback2_revision/probability_deletion/deterministic_ties_v5/full/kather/DINOv2/seed_181_fold_2_curves.csv,776877,large_analysis_output
artifacts/feedback2_revision/probability_deletion/deterministic_ties_v5/full/kather/DINOv2/seed_181_fold_2_metrics.csv,50775,large_analysis_output
artifacts/feedback2_revision/probability_deletion/deterministic_ties_v5/full/kather/DINOv2/seed_181_fold_3_curves.csv,655503,large_analysis_output
artifacts/feedback2_revision/probability_deletion/deterministic_ties_v5/full/kather/DINOv2/seed_181_fold_3_metrics.csv,43645,large_analysis_output
artifacts/feedback2_revision/probability_deletion/deterministic_ties_v5/full/kather/DINOv2/seed_181_fold_4_curves.csv,1044918,large_analysis_output
artifacts/feedback2_revision/probability_deletion/deterministic_ties_v5/full/kather/DINOv2/seed_181_fold_4_metrics.csv,67621,large_analysis_output
artifacts/feedback2_revision/probability_deletion/deterministic_ties_v5/full/kather/DINOv2/seed_181_fold_5_curves.csv,1461925,large_analysis_output
artifacts/feedback2_revision/probability_deletion/deterministic_ties_v5/full/kather/DINOv2/seed_181_fold_5_metrics.csv,92734,large_analysis_output
artifacts/feedback2_revision/probability_deletion/deterministic_ties_v5/full/kather/DINOv2/seed_181_fold_6_curves.csv,749352,large_analysis_output
artifacts/feedback2_revision/probability_deletion/deterministic_ties_v5/full/kather/DINOv2/seed_181_fold_6_metrics.csv,49182,large_analysis_output
artifacts/feedback2_revision/probability_deletion/deterministic_ties_v5/full/kather/DINOv2/seed_181_fold_7_curves.csv,568021,large_analysis_output
artifacts/feedback2_revision/probability_deletion/deterministic_ties_v5/full/kather/DINOv2/seed_181_fold_7_metrics.csv,38017,large_analysis_output
artifacts/feedback2_revision/probability_deletion/deterministic_ties_v5/full/kather/DINOv2/seed_181_fold_8_curves.csv,628436,large_analysis_output
artifacts/feedback2_revision/probability_deletion/deterministic_ties_v5/full/kather/DINOv2/seed_181_fold_8_metrics.csv,41713,large_analysis_output
artifacts/feedback2_revision/probability_deletion/deterministic_ties_v5/full/kather/DINOv2/seed_181_fold_9_curves.csv,1460536,large_analysis_output
artifacts/feedback2_revision/probability_deletion/deterministic_ties_v5/full/kather/DINOv2/seed_181_fold_9_metrics.csv,93222,large_analysis_output
artifacts/feedback2_revision/probability_deletion/deterministic_ties_v5/full/kather/DINOv2/seed_89_fold_0_curves.csv,627064,large_analysis_output
artifacts/feedback2_revision/probability_deletion/deterministic_ties_v5/full/kather/DINOv2/seed_89_fold_0_metrics.csv,41687,large_analysis_output
artifacts/feedback2_revision/probability_deletion/deterministic_ties_v5/full/kather/DINOv2/seed_89_fold_1_curves.csv,388926,large_analysis_output
artifacts/feedback2_revision/probability_deletion/deterministic_ties_v5/full/kather/DINOv2/seed_89_fold_1_metrics.csv,27005,large_analysis_output
artifacts/feedback2_revision/probability_deletion/deterministic_ties_v5/full/kather/DINOv2/seed_89_fold_2_curves.csv,744560,large_analysis_output
artifacts/feedback2_revision/probability_deletion/deterministic_ties_v5/full/kather/DINOv2/seed_89_fold_2_metrics.csv,48861,large_analysis_output
artifacts/feedback2_revision/probability_deletion/deterministic_ties_v5/full/kather/DINOv2/seed_89_fold_3_curves.csv,654771,large_analysis_output
artifacts/feedback2_revision/probability_deletion/deterministic_ties_v5/full/kather/DINOv2/seed_89_fold_3_metrics.csv,43672,large_analysis_output
artifacts/feedback2_revision/probability_deletion/deterministic_ties_v5/full/kather/DINOv2/seed_89_fold_4_curves.csv,1042928,large_analysis_output
artifacts/feedback2_revision/probability_deletion/deterministic_ties_v5/full/kather/DINOv2/seed_89_fold_4_metrics.csv,67538,large_analysis_output
artifacts/feedback2_revision/probability_deletion/deterministic_ties_v5/full/kather/DINOv2/seed_89_fold_5_curves.csv,1251638,large_analysis_output
artifacts/feedback2_revision/probability_deletion/deterministic_ties_v5/full/kather/DINOv2/seed_89_fold_5_metrics.csv,80245,large_analysis_output
artifacts/feedback2_revision/probability_deletion/deterministic_ties_v5/full/kather/DINOv2/seed_89_fold_6_curves.csv,688765,large_analysis_output
artifacts/feedback2_revision/probability_deletion/deterministic_ties_v5/full/kather/DINOv2/seed_89_fold_6_metrics.csv,45287,large_analysis_output
artifacts/feedback2_revision/probability_deletion/deterministic_ties_v5/full/kather/DINOv2/seed_89_fold_7_curves.csv,566344,large_analysis_output
artifacts/feedback2_revision/probability_deletion/deterministic_ties_v5/full/kather/DINOv2/seed_89_fold_7_metrics.csv,38007,large_analysis_output
artifacts/feedback2_revision/probability_deletion/deterministic_ties_v5/full/kather/DINOv2/seed_89_fold_8_curves.csv,626360,large_analysis_output
artifacts/feedback2_revision/probability_deletion/deterministic_ties_v5/full/kather/DINOv2/seed_89_fold_8_metrics.csv,41673,large_analysis_output
artifacts/feedback2_revision/probability_deletion/deterministic_ties_v5/full/kather/DINOv2/seed_89_fold_9_curves.csv,1430770,large_analysis_output
artifacts/feedback2_revision/probability_deletion/deterministic_ties_v5/full/kather/DINOv2/seed_89_fold_9_metrics.csv,91627,large_analysis_output
artifacts/feedback2_revision/probability_deletion/deterministic_ties_v5/full/kather/ResNet18/frozen_targets.csv,1231265,large_analysis_output
artifacts/feedback2_revision/probability_deletion/deterministic_ties_v5/full/kather/ResNet18/seed_11_fold_0_curves.csv,593640,large_analysis_output
artifacts/feedback2_revision/probability_deletion/deterministic_ties_v5/full/kather/ResNet18/seed_11_fold_0_metrics.csv,38954,large_analysis_output
artifacts/feedback2_revision/probability_deletion/deterministic_ties_v5/full/kather/ResNet18/seed_11_fold_1_curves.csv,387979,large_analysis_output
artifacts/feedback2_revision/probability_deletion/deterministic_ties_v5/full/kather/ResNet18/seed_11_fold_1_metrics.csv,26252,large_analysis_output
artifacts/feedback2_revision/probability_deletion/deterministic_ties_v5/full/kather/ResNet18/seed_11_fold_2_curves.csv,714202,large_analysis_output
artifacts/feedback2_revision/probability_deletion/deterministic_ties_v5/full/kather/ResNet18/seed_11_fold_2_metrics.csv,46028,large_analysis_output
artifacts/feedback2_revision/probability_deletion/deterministic_ties_v5/full/kather/ResNet18/seed_11_fold_3_curves.csv,653264,large_analysis_output
artifacts/feedback2_revision/probability_deletion/deterministic_ties_v5/full/kather/ResNet18/seed_11_fold_3_metrics.csv,42433,large_analysis_output
artifacts/feedback2_revision/probability_deletion/deterministic_ties_v5/full/kather/ResNet18/seed_11_fold_4_curves.csv,981350,large_analysis_output
artifacts/feedback2_revision/probability_deletion/deterministic_ties_v5/full/kather/ResNet18/seed_11_fold_4_metrics.csv,62016,large_analysis_output
artifacts/feedback2_revision/probability_deletion/deterministic_ties_v5/full/kather/ResNet18/seed_11_fold_5_curves.csv,1273585,large_analysis_output
artifacts/feedback2_revision/probability_deletion/deterministic_ties_v5/full/kather/ResNet18/seed_11_fold_5_metrics.csv,80303,large_analysis_output
artifacts/feedback2_revision/probability_deletion/deterministic_ties_v5/full/kather/ResNet18/seed_11_fold_6_curves.csv,685633,large_analysis_output
artifacts/feedback2_revision/probability_deletion/deterministic_ties_v5/full/kather/ResNet18/seed_11_fold_6_metrics.csv,44295,large_analysis_output
artifacts/feedback2_revision/probability_deletion/deterministic_ties_v5/full/kather/ResNet18/seed_11_fold_7_curves.csv,564006,large_analysis_output
artifacts/feedback2_revision/probability_deletion/deterministic_ties_v5/full/kather/ResNet18/seed_11_fold_7_metrics.csv,36981,large_analysis_output
artifacts/feedback2_revision/probability_deletion/deterministic_ties_v5/full/kather/ResNet18/seed_11_fold_8_curves.csv,684051,large_analysis_output
artifacts/feedback2_revision/probability_deletion/deterministic_ties_v5/full/kather/ResNet18/seed_11_fold_8_metrics.csv,44184,large_analysis_output
artifacts/feedback2_revision/probability_deletion/deterministic_ties_v5/full/kather/ResNet18/seed_11_fold_9_curves.csv,1337737,large_analysis_output
artifacts/feedback2_revision/probability_deletion/deterministic_ties_v5/full/kather/ResNet18/seed_11_fold_9_metrics.csv,83714,large_analysis_output
artifacts/feedback2_revision/probability_deletion/deterministic_ties_v5/full/kather/ResNet18/seed_181_fold_0_curves.csv,654488,large_analysis_output
artifacts/feedback2_revision/probability_deletion/deterministic_ties_v5/full/kather/ResNet18/seed_181_fold_0_metrics.csv,42345,large_analysis_output
artifacts/feedback2_revision/probability_deletion/deterministic_ties_v5/full/kather/ResNet18/seed_181_fold_1_curves.csv,356958,large_analysis_output
artifacts/feedback2_revision/probability_deletion/deterministic_ties_v5/full/kather/ResNet18/seed_181_fold_1_metrics.csv,24474,large_analysis_output
artifacts/feedback2_revision/probability_deletion/deterministic_ties_v5/full/kather/ResNet18/seed_181_fold_2_curves.csv,775138,large_analysis_output
artifacts/feedback2_revision/probability_deletion/deterministic_ties_v5/full/kather/ResNet18/seed_181_fold_2_metrics.csv,49733,large_analysis_output
artifacts/feedback2_revision/probability_deletion/deterministic_ties_v5/full/kather/ResNet18/seed_181_fold_3_curves.csv,652871,large_analysis_output
artifacts/feedback2_revision/probability_deletion/deterministic_ties_v5/full/kather/ResNet18/seed_181_fold_3_metrics.csv,42388,large_analysis_output
artifacts/feedback2_revision/probability_deletion/deterministic_ties_v5/full/kather/ResNet18/seed_181_fold_4_curves.csv,1042469,large_analysis_output
artifacts/feedback2_revision/probability_deletion/deterministic_ties_v5/full/kather/ResNet18/seed_181_fold_4_metrics.csv,65842,large_analysis_output
artifacts/feedback2_revision/probability_deletion/deterministic_ties_v5/full/kather/ResNet18/seed_181_fold_5_curves.csv,1457761,large_analysis_output
artifacts/feedback2_revision/probability_deletion/deterministic_ties_v5/full/kather/ResNet18/seed_181_fold_5_metrics.csv,90913,large_analysis_output
artifacts/feedback2_revision/probability_deletion/deterministic_ties_v5/full/kather/ResNet18/seed_181_fold_6_curves.csv,744908,large_analysis_output
artifacts/feedback2_revision/probability_deletion/deterministic_ties_v5/full/kather/ResNet18/seed_181_fold_6_metrics.csv,47935,large_analysis_output
artifacts/feedback2_revision/probability_deletion/deterministic_ties_v5/full/kather/ResNet18/seed_181_fold_7_curves.csv,563934,large_analysis_output
artifacts/feedback2_revision/probability_deletion/deterministic_ties_v5/full/kather/ResNet18/seed_181_fold_7_metrics.csv,37030,large_analysis_output
artifacts/feedback2_revision/probability_deletion/deterministic_ties_v5/full/kather/ResNet18/seed_181_fold_8_curves.csv,625154,large_analysis_output
artifacts/feedback2_revision/probability_deletion/deterministic_ties_v5/full/kather/ResNet18/seed_181_fold_8_metrics.csv,40677,large_analysis_output
artifacts/feedback2_revision/probability_deletion/deterministic_ties_v5/full/kather/ResNet18/seed_181_fold_9_curves.csv,1459770,large_analysis_output
artifacts/feedback2_revision/probability_deletion/deterministic_ties_v5/full/kather/ResNet18/seed_181_fold_9_metrics.csv,91022,large_analysis_output
artifacts/feedback2_revision/probability_deletion/deterministic_ties_v5/full/kather/ResNet18/seed_89_fold_0_curves.csv,623494,large_analysis_output
artifacts/feedback2_revision/probability_deletion/deterministic_ties_v5/full/kather/ResNet18/seed_89_fold_0_metrics.csv,40564,large_analysis_output
artifacts/feedback2_revision/probability_deletion/deterministic_ties_v5/full/kather/ResNet18/seed_89_fold_1_curves.csv,385992,large_analysis_output
artifacts/feedback2_revision/probability_deletion/deterministic_ties_v5/full/kather/ResNet18/seed_89_fold_1_metrics.csv,26222,large_analysis_output
artifacts/feedback2_revision/probability_deletion/deterministic_ties_v5/full/kather/ResNet18/seed_89_fold_2_curves.csv,745179,large_analysis_output
artifacts/feedback2_revision/probability_deletion/deterministic_ties_v5/full/kather/ResNet18/seed_89_fold_2_metrics.csv,47954,large_analysis_output
artifacts/feedback2_revision/probability_deletion/deterministic_ties_v5/full/kather/ResNet18/seed_89_fold_3_curves.csv,653280,large_analysis_output
artifacts/feedback2_revision/probability_deletion/deterministic_ties_v5/full/kather/ResNet18/seed_89_fold_3_metrics.csv,42538,large_analysis_output
artifacts/feedback2_revision/probability_deletion/deterministic_ties_v5/full/kather/ResNet18/seed_89_fold_4_curves.csv,1040701,large_analysis_output
artifacts/feedback2_revision/probability_deletion/deterministic_ties_v5/full/kather/ResNet18/seed_89_fold_4_metrics.csv,65891,large_analysis_output
artifacts/feedback2_revision/probability_deletion/deterministic_ties_v5/full/kather/ResNet18/seed_89_fold_5_curves.csv,1242491,large_analysis_output
artifacts/feedback2_revision/probability_deletion/deterministic_ties_v5/full/kather/ResNet18/seed_89_fold_5_metrics.csv,78316,large_analysis_output
artifacts/feedback2_revision/probability_deletion/deterministic_ties_v5/full/kather/ResNet18/seed_89_fold_6_curves.csv,682857,large_analysis_output
artifacts/feedback2_revision/probability_deletion/deterministic_ties_v5/full/kather/ResNet18/seed_89_fold_6_metrics.csv,44288,large_analysis_output
artifacts/feedback2_revision/probability_deletion/deterministic_ties_v5/full/kather/ResNet18/seed_89_fold_7_curves.csv,564046,large_analysis_output
artifacts/feedback2_revision/probability_deletion/deterministic_ties_v5/full/kather/ResNet18/seed_89_fold_7_metrics.csv,36954,large_analysis_output
artifacts/feedback2_revision/probability_deletion/deterministic_ties_v5/full/kather/ResNet18/seed_89_fold_8_curves.csv,623377,large_analysis_output
artifacts/feedback2_revision/probability_deletion/deterministic_ties_v5/full/kather/ResNet18/seed_89_fold_8_metrics.csv,40591,large_analysis_output
artifacts/feedback2_revision/probability_deletion/deterministic_ties_v5/full/kather/ResNet18/seed_89_fold_9_curves.csv,1426153,large_analysis_output
artifacts/feedback2_revision/probability_deletion/deterministic_ties_v5/full/kather/ResNet18/seed_89_fold_9_metrics.csv,89394,large_analysis_output
artifacts/feedback2_revision/probability_deletion/deterministic_ties_v5/full/kather/UNI/frozen_targets.csv,1230128,large_analysis_output
artifacts/feedback2_revision/probability_deletion/deterministic_ties_v5/full/kather/UNI/seed_11_fold_0_curves.csv,593877,large_analysis_output
artifacts/feedback2_revision/probability_deletion/deterministic_ties_v5/full/kather/UNI/seed_11_fold_0_metrics.csv,39476,large_analysis_output
artifacts/feedback2_revision/probability_deletion/deterministic_ties_v5/full/kather/UNI/seed_11_fold_1_curves.csv,388000,large_analysis_output
artifacts/feedback2_revision/probability_deletion/deterministic_ties_v5/full/kather/UNI/seed_11_fold_1_metrics.csv,26762,large_analysis_output
artifacts/feedback2_revision/probability_deletion/deterministic_ties_v5/full/kather/UNI/seed_11_fold_2_curves.csv,713657,large_analysis_output
artifacts/feedback2_revision/probability_deletion/deterministic_ties_v5/full/kather/UNI/seed_11_fold_2_metrics.csv,46912,large_analysis_output
artifacts/feedback2_revision/probability_deletion/deterministic_ties_v5/full/kather/UNI/seed_11_fold_3_curves.csv,652729,large_analysis_output
artifacts/feedback2_revision/probability_deletion/deterministic_ties_v5/full/kather/UNI/seed_11_fold_3_metrics.csv,43191,large_analysis_output
artifacts/feedback2_revision/probability_deletion/deterministic_ties_v5/full/kather/UNI/seed_11_fold_4_curves.csv,978656,large_analysis_output
artifacts/feedback2_revision/probability_deletion/deterministic_ties_v5/full/kather/UNI/seed_11_fold_4_metrics.csv,63321,large_analysis_output
artifacts/feedback2_revision/probability_deletion/deterministic_ties_v5/full/kather/UNI/seed_11_fold_5_curves.csv,1276525,large_analysis_output
artifacts/feedback2_revision/probability_deletion/deterministic_ties_v5/full/kather/UNI/seed_11_fold_5_metrics.csv,81680,large_analysis_output
artifacts/feedback2_revision/probability_deletion/deterministic_ties_v5/full/kather/UNI/seed_11_fold_6_curves.csv,683750,large_analysis_output
artifacts/feedback2_revision/probability_deletion/deterministic_ties_v5/full/kather/UNI/seed_11_fold_6_metrics.csv,45149,large_analysis_output
artifacts/feedback2_revision/probability_deletion/deterministic_ties_v5/full/kather/UNI/seed_11_fold_7_curves.csv,563201,large_analysis_output
artifacts/feedback2_revision/probability_deletion/deterministic_ties_v5/full/kather/UNI/seed_11_fold_7_metrics.csv,37753,large_analysis_output
artifacts/feedback2_revision/probability_deletion/deterministic_ties_v5/full/kather/UNI/seed_11_fold_8_curves.csv,681829,large_analysis_output
artifacts/feedback2_revision/probability_deletion/deterministic_ties_v5/full/kather/UNI/seed_11_fold_8_metrics.csv,44912,large_analysis_output
artifacts/feedback2_revision/probability_deletion/deterministic_ties_v5/full/kather/UNI/seed_11_fold_9_curves.csv,1337707,large_analysis_output
artifacts/feedback2_revision/probability_deletion/deterministic_ties_v5/full/kather/UNI/seed_11_fold_9_metrics.csv,85220,large_analysis_output
artifacts/feedback2_revision/probability_deletion/deterministic_ties_v5/full/kather/UNI/seed_181_fold_0_curves.csv,654118,large_analysis_output
artifacts/feedback2_revision/probability_deletion/deterministic_ties_v5/full/kather/UNI/seed_181_fold_0_metrics.csv,43174,large_analysis_output
artifacts/feedback2_revision/probability_deletion/deterministic_ties_v5/full/kather/UNI/seed_181_fold_1_curves.csv,357359,large_analysis_output
artifacts/feedback2_revision/probability_deletion/deterministic_ties_v5/full/kather/UNI/seed_181_fold_1_metrics.csv,24936,large_analysis_output
artifacts/feedback2_revision/probability_deletion/deterministic_ties_v5/full/kather/UNI/seed_181_fold_2_curves.csv,771952,large_analysis_output
artifacts/feedback2_revision/probability_deletion/deterministic_ties_v5/full/kather/UNI/seed_181_fold_2_metrics.csv,50637,large_analysis_output
artifacts/feedback2_revision/probability_deletion/deterministic_ties_v5/full/kather/UNI/seed_181_fold_3_curves.csv,653238,large_analysis_output
artifacts/feedback2_revision/probability_deletion/deterministic_ties_v5/full/kather/UNI/seed_181_fold_3_metrics.csv,43283,large_analysis_output
artifacts/feedback2_revision/probability_deletion/deterministic_ties_v5/full/kather/UNI/seed_181_fold_4_curves.csv,1039845,large_analysis_output
artifacts/feedback2_revision/probability_deletion/deterministic_ties_v5/full/kather/UNI/seed_181_fold_4_metrics.csv,67130,large_analysis_output
artifacts/feedback2_revision/probability_deletion/deterministic_ties_v5/full/kather/UNI/seed_181_fold_5_curves.csv,1459953,large_analysis_output
artifacts/feedback2_revision/probability_deletion/deterministic_ties_v5/full/kather/UNI/seed_181_fold_5_metrics.csv,92630,large_analysis_output
artifacts/feedback2_revision/probability_deletion/deterministic_ties_v5/full/kather/UNI/seed_181_fold_6_curves.csv,742604,large_analysis_output
artifacts/feedback2_revision/probability_deletion/deterministic_ties_v5/full/kather/UNI/seed_181_fold_6_metrics.csv,48740,large_analysis_output
artifacts/feedback2_revision/probability_deletion/deterministic_ties_v5/full/kather/UNI/seed_181_fold_7_curves.csv,564061,large_analysis_output
artifacts/feedback2_revision/probability_deletion/deterministic_ties_v5/full/kather/UNI/seed_181_fold_7_metrics.csv,37649,large_analysis_output
artifacts/feedback2_revision/probability_deletion/deterministic_ties_v5/full/kather/UNI/seed_181_fold_8_curves.csv,624498,large_analysis_output
artifacts/feedback2_revision/probability_deletion/deterministic_ties_v5/full/kather/UNI/seed_181_fold_8_metrics.csv,41372,large_analysis_output
artifacts/feedback2_revision/probability_deletion/deterministic_ties_v5/full/kather/UNI/seed_181_fold_9_curves.csv,1457188,large_analysis_output
artifacts/feedback2_revision/probability_deletion/deterministic_ties_v5/full/kather/UNI/seed_181_fold_9_metrics.csv,92689,large_analysis_output
artifacts/feedback2_revision/probability_deletion/deterministic_ties_v5/full/kather/UNI/seed_89_fold_0_curves.csv,623413,large_analysis_output
artifacts/feedback2_revision/probability_deletion/deterministic_ties_v5/full/kather/UNI/seed_89_fold_0_metrics.csv,41399,large_analysis_output
artifacts/feedback2_revision/probability_deletion/deterministic_ties_v5/full/kather/UNI/seed_89_fold_1_curves.csv,386682,large_analysis_output
artifacts/feedback2_revision/probability_deletion/deterministic_ties_v5/full/kather/UNI/seed_89_fold_1_metrics.csv,26759,large_analysis_output
artifacts/feedback2_revision/probability_deletion/deterministic_ties_v5/full/kather/UNI/seed_89_fold_2_curves.csv,741952,large_analysis_output
artifacts/feedback2_revision/probability_deletion/deterministic_ties_v5/full/kather/UNI/seed_89_fold_2_metrics.csv,48861,large_analysis_output
artifacts/feedback2_revision/probability_deletion/deterministic_ties_v5/full/kather/UNI/seed_89_fold_3_curves.csv,652407,large_analysis_output
artifacts/feedback2_revision/probability_deletion/deterministic_ties_v5/full/kather/UNI/seed_89_fold_3_metrics.csv,43272,large_analysis_output
artifacts/feedback2_revision/probability_deletion/deterministic_ties_v5/full/kather/UNI/seed_89_fold_4_curves.csv,1040683,large_analysis_output
artifacts/feedback2_revision/probability_deletion/deterministic_ties_v5/full/kather/UNI/seed_89_fold_4_metrics.csv,67027,large_analysis_output
artifacts/feedback2_revision/probability_deletion/deterministic_ties_v5/full/kather/UNI/seed_89_fold_5_curves.csv,1244571,large_analysis_output
artifacts/feedback2_revision/probability_deletion/deterministic_ties_v5/full/kather/UNI/seed_89_fold_5_metrics.csv,79448,large_analysis_output
artifacts/feedback2_revision/probability_deletion/deterministic_ties_v5/full/kather/UNI/seed_89_fold_6_curves.csv,683828,large_analysis_output
artifacts/feedback2_revision/probability_deletion/deterministic_ties_v5/full/kather/UNI/seed_89_fold_6_metrics.csv,45073,large_analysis_output
artifacts/feedback2_revision/probability_deletion/deterministic_ties_v5/full/kather/UNI/seed_89_fold_7_curves.csv,562502,large_analysis_output
artifacts/feedback2_revision/probability_deletion/deterministic_ties_v5/full/kather/UNI/seed_89_fold_7_metrics.csv,37705,large_analysis_output
artifacts/feedback2_revision/probability_deletion/deterministic_ties_v5/full/kather/UNI/seed_89_fold_8_curves.csv,623661,large_analysis_output
artifacts/feedback2_revision/probability_deletion/deterministic_ties_v5/full/kather/UNI/seed_89_fold_8_metrics.csv,41323,large_analysis_output
artifacts/feedback2_revision/probability_deletion/deterministic_ties_v5/full/kather/UNI/seed_89_fold_9_curves.csv,1425956,large_analysis_output
artifacts/feedback2_revision/probability_deletion/deterministic_ties_v5/full/kather/UNI/seed_89_fold_9_metrics.csv,90450,large_analysis_output
artifacts/grouped_oof_faithfulness/checkpoints/cnn/seed_101/fold_0.pt,4723413,weights_or_features_restricted_review
artifacts/grouped_oof_faithfulness/checkpoints/cnn/seed_101/fold_1.pt,4723413,weights_or_features_restricted_review
artifacts/grouped_oof_faithfulness/checkpoints/cnn/seed_101/fold_2.pt,4723413,weights_or_features_restricted_review
artifacts/grouped_oof_faithfulness/checkpoints/cnn/seed_101/fold_3.pt,4723413,weights_or_features_restricted_review
artifacts/grouped_oof_faithfulness/checkpoints/cnn/seed_101/fold_4.pt,4723413,weights_or_features_restricted_review
artifacts/grouped_oof_faithfulness/checkpoints/cnn/seed_101/fold_5.pt,4723413,weights_or_features_restricted_review
artifacts/grouped_oof_faithfulness/checkpoints/cnn/seed_101/fold_6.pt,4723413,weights_or_features_restricted_review
artifacts/grouped_oof_faithfulness/checkpoints/cnn/seed_101/fold_7.pt,4723413,weights_or_features_restricted_review
artifacts/grouped_oof_faithfulness/checkpoints/cnn/seed_101/fold_8.pt,4723413,weights_or_features_restricted_review
artifacts/grouped_oof_faithfulness/checkpoints/cnn/seed_101/fold_9.pt,4723413,weights_or_features_restricted_review
artifacts/grouped_oof_faithfulness/checkpoints/cnn/seed_11/fold_0.pt,4723413,weights_or_features_restricted_review
artifacts/grouped_oof_faithfulness/checkpoints/cnn/seed_11/fold_1.pt,4723413,weights_or_features_restricted_review
artifacts/grouped_oof_faithfulness/checkpoints/cnn/seed_11/fold_2.pt,4723413,weights_or_features_restricted_review
artifacts/grouped_oof_faithfulness/checkpoints/cnn/seed_11/fold_3.pt,4723413,weights_or_features_restricted_review
artifacts/grouped_oof_faithfulness/checkpoints/cnn/seed_11/fold_4.pt,4723413,weights_or_features_restricted_review
artifacts/grouped_oof_faithfulness/checkpoints/cnn/seed_11/fold_5.pt,4723413,weights_or_features_restricted_review
artifacts/grouped_oof_faithfulness/checkpoints/cnn/seed_11/fold_6.pt,4723413,weights_or_features_restricted_review
artifacts/grouped_oof_faithfulness/checkpoints/cnn/seed_11/fold_7.pt,4723413,weights_or_features_restricted_review
artifacts/grouped_oof_faithfulness/checkpoints/cnn/seed_11/fold_8.pt,4723413,weights_or_features_restricted_review
artifacts/grouped_oof_faithfulness/checkpoints/cnn/seed_11/fold_9.pt,4723413,weights_or_features_restricted_review
artifacts/grouped_oof_faithfulness/checkpoints/cnn/seed_131/fold_0.pt,4723413,weights_or_features_restricted_review
artifacts/grouped_oof_faithfulness/checkpoints/cnn/seed_131/fold_1.pt,4723413,weights_or_features_restricted_review
artifacts/grouped_oof_faithfulness/checkpoints/cnn/seed_131/fold_2.pt,4723413,weights_or_features_restricted_review
artifacts/grouped_oof_faithfulness/checkpoints/cnn/seed_131/fold_3.pt,4723413,weights_or_features_restricted_review
artifacts/grouped_oof_faithfulness/checkpoints/cnn/seed_131/fold_4.pt,4723413,weights_or_features_restricted_review
artifacts/grouped_oof_faithfulness/checkpoints/cnn/seed_131/fold_5.pt,4723413,weights_or_features_restricted_review
artifacts/grouped_oof_faithfulness/checkpoints/cnn/seed_131/fold_6.pt,4723413,weights_or_features_restricted_review
artifacts/grouped_oof_faithfulness/checkpoints/cnn/seed_131/fold_7.pt,4723413,weights_or_features_restricted_review
artifacts/grouped_oof_faithfulness/checkpoints/cnn/seed_131/fold_8.pt,4723413,weights_or_features_restricted_review
artifacts/grouped_oof_faithfulness/checkpoints/cnn/seed_131/fold_9.pt,4723413,weights_or_features_restricted_review
artifacts/grouped_oof_faithfulness/checkpoints/cnn/seed_151/fold_0.pt,4723413,weights_or_features_restricted_review
artifacts/grouped_oof_faithfulness/checkpoints/cnn/seed_151/fold_1.pt,4723413,weights_or_features_restricted_review
artifacts/grouped_oof_faithfulness/checkpoints/cnn/seed_151/fold_2.pt,4723413,weights_or_features_restricted_review
artifacts/grouped_oof_faithfulness/checkpoints/cnn/seed_151/fold_3.pt,4723413,weights_or_features_restricted_review
artifacts/grouped_oof_faithfulness/checkpoints/cnn/seed_151/fold_4.pt,4723413,weights_or_features_restricted_review
artifacts/grouped_oof_faithfulness/checkpoints/cnn/seed_151/fold_5.pt,4723413,weights_or_features_restricted_review
artifacts/grouped_oof_faithfulness/checkpoints/cnn/seed_151/fold_6.pt,4723413,weights_or_features_restricted_review
artifacts/grouped_oof_faithfulness/checkpoints/cnn/seed_151/fold_7.pt,4723413,weights_or_features_restricted_review
artifacts/grouped_oof_faithfulness/checkpoints/cnn/seed_151/fold_8.pt,4723413,weights_or_features_restricted_review
artifacts/grouped_oof_faithfulness/checkpoints/cnn/seed_151/fold_9.pt,4723413,weights_or_features_restricted_review
artifacts/grouped_oof_faithfulness/checkpoints/cnn/seed_181/fold_0.pt,4723413,weights_or_features_restricted_review
artifacts/grouped_oof_faithfulness/checkpoints/cnn/seed_181/fold_1.pt,4723413,weights_or_features_restricted_review
artifacts/grouped_oof_faithfulness/checkpoints/cnn/seed_181/fold_2.pt,4723413,weights_or_features_restricted_review
artifacts/grouped_oof_faithfulness/checkpoints/cnn/seed_181/fold_3.pt,4723413,weights_or_features_restricted_review
artifacts/grouped_oof_faithfulness/checkpoints/cnn/seed_181/fold_4.pt,4723413,weights_or_features_restricted_review
artifacts/grouped_oof_faithfulness/checkpoints/cnn/seed_181/fold_5.pt,4723413,weights_or_features_restricted_review
artifacts/grouped_oof_faithfulness/checkpoints/cnn/seed_181/fold_6.pt,4723413,weights_or_features_restricted_review
artifacts/grouped_oof_faithfulness/checkpoints/cnn/seed_181/fold_7.pt,4723413,weights_or_features_restricted_review
artifacts/grouped_oof_faithfulness/checkpoints/cnn/seed_181/fold_8.pt,4723413,weights_or_features_restricted_review
artifacts/grouped_oof_faithfulness/checkpoints/cnn/seed_181/fold_9.pt,4723413,weights_or_features_restricted_review
artifacts/grouped_oof_faithfulness/checkpoints/cnn/seed_23/fold_0.pt,4723413,weights_or_features_restricted_review
artifacts/grouped_oof_faithfulness/checkpoints/cnn/seed_23/fold_1.pt,4723413,weights_or_features_restricted_review
artifacts/grouped_oof_faithfulness/checkpoints/cnn/seed_23/fold_2.pt,4723413,weights_or_features_restricted_review
artifacts/grouped_oof_faithfulness/checkpoints/cnn/seed_23/fold_3.pt,4723413,weights_or_features_restricted_review
artifacts/grouped_oof_faithfulness/checkpoints/cnn/seed_23/fold_4.pt,4723413,weights_or_features_restricted_review
artifacts/grouped_oof_faithfulness/checkpoints/cnn/seed_23/fold_5.pt,4723413,weights_or_features_restricted_review
artifacts/grouped_oof_faithfulness/checkpoints/cnn/seed_23/fold_6.pt,4723413,weights_or_features_restricted_review
artifacts/grouped_oof_faithfulness/checkpoints/cnn/seed_23/fold_7.pt,4723413,weights_or_features_restricted_review
artifacts/grouped_oof_faithfulness/checkpoints/cnn/seed_23/fold_8.pt,4723413,weights_or_features_restricted_review
artifacts/grouped_oof_faithfulness/checkpoints/cnn/seed_23/fold_9.pt,4723413,weights_or_features_restricted_review
artifacts/grouped_oof_faithfulness/checkpoints/cnn/seed_41/fold_0.pt,4723413,weights_or_features_restricted_review
artifacts/grouped_oof_faithfulness/checkpoints/cnn/seed_41/fold_1.pt,4723413,weights_or_features_restricted_review
artifacts/grouped_oof_faithfulness/checkpoints/cnn/seed_41/fold_2.pt,4723413,weights_or_features_restricted_review
artifacts/grouped_oof_faithfulness/checkpoints/cnn/seed_41/fold_3.pt,4723413,weights_or_features_restricted_review
artifacts/grouped_oof_faithfulness/checkpoints/cnn/seed_41/fold_4.pt,4723413,weights_or_features_restricted_review
artifacts/grouped_oof_faithfulness/checkpoints/cnn/seed_41/fold_5.pt,4723413,weights_or_features_restricted_review
artifacts/grouped_oof_faithfulness/checkpoints/cnn/seed_41/fold_6.pt,4723413,weights_or_features_restricted_review
artifacts/grouped_oof_faithfulness/checkpoints/cnn/seed_41/fold_7.pt,4723413,weights_or_features_restricted_review
artifacts/grouped_oof_faithfulness/checkpoints/cnn/seed_41/fold_8.pt,4723413,weights_or_features_restricted_review
artifacts/grouped_oof_faithfulness/checkpoints/cnn/seed_41/fold_9.pt,4723413,weights_or_features_restricted_review
artifacts/grouped_oof_faithfulness/checkpoints/cnn/seed_57/fold_0.pt,4723413,weights_or_features_restricted_review
artifacts/grouped_oof_faithfulness/checkpoints/cnn/seed_57/fold_1.pt,4723413,weights_or_features_restricted_review
artifacts/grouped_oof_faithfulness/checkpoints/cnn/seed_57/fold_2.pt,4723413,weights_or_features_restricted_review
artifacts/grouped_oof_faithfulness/checkpoints/cnn/seed_57/fold_3.pt,4723413,weights_or_features_restricted_review
artifacts/grouped_oof_faithfulness/checkpoints/cnn/seed_57/fold_4.pt,4723413,weights_or_features_restricted_review
artifacts/grouped_oof_faithfulness/checkpoints/cnn/seed_57/fold_5.pt,4723413,weights_or_features_restricted_review
artifacts/grouped_oof_faithfulness/checkpoints/cnn/seed_57/fold_6.pt,4723413,weights_or_features_restricted_review
artifacts/grouped_oof_faithfulness/checkpoints/cnn/seed_57/fold_7.pt,4723413,weights_or_features_restricted_review
artifacts/grouped_oof_faithfulness/checkpoints/cnn/seed_57/fold_8.pt,4723413,weights_or_features_restricted_review
artifacts/grouped_oof_faithfulness/checkpoints/cnn/seed_57/fold_9.pt,4723413,weights_or_features_restricted_review
artifacts/grouped_oof_faithfulness/checkpoints/cnn/seed_73/fold_0.pt,4723413,weights_or_features_restricted_review
artifacts/grouped_oof_faithfulness/checkpoints/cnn/seed_73/fold_1.pt,4723413,weights_or_features_restricted_review
artifacts/grouped_oof_faithfulness/checkpoints/cnn/seed_73/fold_2.pt,4723413,weights_or_features_restricted_review
artifacts/grouped_oof_faithfulness/checkpoints/cnn/seed_73/fold_3.pt,4723413,weights_or_features_restricted_review
artifacts/grouped_oof_faithfulness/checkpoints/cnn/seed_73/fold_4.pt,4723413,weights_or_features_restricted_review
artifacts/grouped_oof_faithfulness/checkpoints/cnn/seed_73/fold_5.pt,4723413,weights_or_features_restricted_review
artifacts/grouped_oof_faithfulness/checkpoints/cnn/seed_73/fold_6.pt,4723413,weights_or_features_restricted_review
artifacts/grouped_oof_faithfulness/checkpoints/cnn/seed_73/fold_7.pt,4723413,weights_or_features_restricted_review
artifacts/grouped_oof_faithfulness/checkpoints/cnn/seed_73/fold_8.pt,4723413,weights_or_features_restricted_review
artifacts/grouped_oof_faithfulness/checkpoints/cnn/seed_73/fold_9.pt,4723413,weights_or_features_restricted_review
artifacts/grouped_oof_faithfulness/checkpoints/cnn/seed_89/fold_0.pt,4723413,weights_or_features_restricted_review
artifacts/grouped_oof_faithfulness/checkpoints/cnn/seed_89/fold_1.pt,4723413,weights_or_features_restricted_review
artifacts/grouped_oof_faithfulness/checkpoints/cnn/seed_89/fold_2.pt,4723413,weights_or_features_restricted_review
artifacts/grouped_oof_faithfulness/checkpoints/cnn/seed_89/fold_3.pt,4723413,weights_or_features_restricted_review
artifacts/grouped_oof_faithfulness/checkpoints/cnn/seed_89/fold_4.pt,4723413,weights_or_features_restricted_review
artifacts/grouped_oof_faithfulness/checkpoints/cnn/seed_89/fold_5.pt,4723413,weights_or_features_restricted_review
artifacts/grouped_oof_faithfulness/checkpoints/cnn/seed_89/fold_6.pt,4723413,weights_or_features_restricted_review
artifacts/grouped_oof_faithfulness/checkpoints/cnn/seed_89/fold_7.pt,4723413,weights_or_features_restricted_review
artifacts/grouped_oof_faithfulness/checkpoints/cnn/seed_89/fold_8.pt,4723413,weights_or_features_restricted_review
artifacts/grouped_oof_faithfulness/checkpoints/cnn/seed_89/fold_9.pt,4723413,weights_or_features_restricted_review
artifacts/grouped_oof_faithfulness/checkpoints/uni/seed_101/fold_0.pt,43347,weights_or_features_restricted_review
artifacts/grouped_oof_faithfulness/checkpoints/uni/seed_101/fold_1.pt,43347,weights_or_features_restricted_review
artifacts/grouped_oof_faithfulness/checkpoints/uni/seed_101/fold_2.pt,43347,weights_or_features_restricted_review
artifacts/grouped_oof_faithfulness/checkpoints/uni/seed_101/fold_3.pt,43347,weights_or_features_restricted_review
artifacts/grouped_oof_faithfulness/checkpoints/uni/seed_101/fold_4.pt,43347,weights_or_features_restricted_review
artifacts/grouped_oof_faithfulness/checkpoints/uni/seed_101/fold_5.pt,43347,weights_or_features_restricted_review
artifacts/grouped_oof_faithfulness/checkpoints/uni/seed_101/fold_6.pt,43347,weights_or_features_restricted_review
artifacts/grouped_oof_faithfulness/checkpoints/uni/seed_101/fold_7.pt,43347,weights_or_features_restricted_review
artifacts/grouped_oof_faithfulness/checkpoints/uni/seed_101/fold_8.pt,43347,weights_or_features_restricted_review
artifacts/grouped_oof_faithfulness/checkpoints/uni/seed_101/fold_9.pt,43347,weights_or_features_restricted_review
artifacts/grouped_oof_faithfulness/checkpoints/uni/seed_11/fold_0.pt,43347,weights_or_features_restricted_review
artifacts/grouped_oof_faithfulness/checkpoints/uni/seed_11/fold_1.pt,43347,weights_or_features_restricted_review
artifacts/grouped_oof_faithfulness/checkpoints/uni/seed_11/fold_2.pt,43347,weights_or_features_restricted_review
artifacts/grouped_oof_faithfulness/checkpoints/uni/seed_11/fold_3.pt,43347,weights_or_features_restricted_review
artifacts/grouped_oof_faithfulness/checkpoints/uni/seed_11/fold_4.pt,43347,weights_or_features_restricted_review
artifacts/grouped_oof_faithfulness/checkpoints/uni/seed_11/fold_5.pt,43347,weights_or_features_restricted_review
artifacts/grouped_oof_faithfulness/checkpoints/uni/seed_11/fold_6.pt,43347,weights_or_features_restricted_review
artifacts/grouped_oof_faithfulness/checkpoints/uni/seed_11/fold_7.pt,43347,weights_or_features_restricted_review
artifacts/grouped_oof_faithfulness/checkpoints/uni/seed_11/fold_8.pt,43347,weights_or_features_restricted_review
artifacts/grouped_oof_faithfulness/checkpoints/uni/seed_11/fold_9.pt,43347,weights_or_features_restricted_review
artifacts/grouped_oof_faithfulness/checkpoints/uni/seed_131/fold_0.pt,43347,weights_or_features_restricted_review
artifacts/grouped_oof_faithfulness/checkpoints/uni/seed_131/fold_1.pt,43347,weights_or_features_restricted_review
artifacts/grouped_oof_faithfulness/checkpoints/uni/seed_131/fold_2.pt,43347,weights_or_features_restricted_review
artifacts/grouped_oof_faithfulness/checkpoints/uni/seed_131/fold_3.pt,43347,weights_or_features_restricted_review
artifacts/grouped_oof_faithfulness/checkpoints/uni/seed_131/fold_4.pt,43347,weights_or_features_restricted_review
artifacts/grouped_oof_faithfulness/checkpoints/uni/seed_131/fold_5.pt,43347,weights_or_features_restricted_review
artifacts/grouped_oof_faithfulness/checkpoints/uni/seed_131/fold_6.pt,43347,weights_or_features_restricted_review
artifacts/grouped_oof_faithfulness/checkpoints/uni/seed_131/fold_7.pt,43347,weights_or_features_restricted_review
artifacts/grouped_oof_faithfulness/checkpoints/uni/seed_131/fold_8.pt,43347,weights_or_features_restricted_review
artifacts/grouped_oof_faithfulness/checkpoints/uni/seed_131/fold_9.pt,43347,weights_or_features_restricted_review
artifacts/grouped_oof_faithfulness/checkpoints/uni/seed_151/fold_0.pt,43347,weights_or_features_restricted_review
artifacts/grouped_oof_faithfulness/checkpoints/uni/seed_151/fold_1.pt,43347,weights_or_features_restricted_review
artifacts/grouped_oof_faithfulness/checkpoints/uni/seed_151/fold_2.pt,43347,weights_or_features_restricted_review
artifacts/grouped_oof_faithfulness/checkpoints/uni/seed_151/fold_3.pt,43347,weights_or_features_restricted_review
artifacts/grouped_oof_faithfulness/checkpoints/uni/seed_151/fold_4.pt,43347,weights_or_features_restricted_review
artifacts/grouped_oof_faithfulness/checkpoints/uni/seed_151/fold_5.pt,43347,weights_or_features_restricted_review
artifacts/grouped_oof_faithfulness/checkpoints/uni/seed_151/fold_6.pt,43347,weights_or_features_restricted_review
artifacts/grouped_oof_faithfulness/checkpoints/uni/seed_151/fold_7.pt,43347,weights_or_features_restricted_review
artifacts/grouped_oof_faithfulness/checkpoints/uni/seed_151/fold_8.pt,43347,weights_or_features_restricted_review
artifacts/grouped_oof_faithfulness/checkpoints/uni/seed_151/fold_9.pt,43347,weights_or_features_restricted_review
artifacts/grouped_oof_faithfulness/checkpoints/uni/seed_181/fold_0.pt,43347,weights_or_features_restricted_review
artifacts/grouped_oof_faithfulness/checkpoints/uni/seed_181/fold_1.pt,43347,weights_or_features_restricted_review
artifacts/grouped_oof_faithfulness/checkpoints/uni/seed_181/fold_2.pt,43347,weights_or_features_restricted_review
artifacts/grouped_oof_faithfulness/checkpoints/uni/seed_181/fold_3.pt,43347,weights_or_features_restricted_review
artifacts/grouped_oof_faithfulness/checkpoints/uni/seed_181/fold_4.pt,43347,weights_or_features_restricted_review
artifacts/grouped_oof_faithfulness/checkpoints/uni/seed_181/fold_5.pt,43347,weights_or_features_restricted_review
artifacts/grouped_oof_faithfulness/checkpoints/uni/seed_181/fold_6.pt,43347,weights_or_features_restricted_review
artifacts/grouped_oof_faithfulness/checkpoints/uni/seed_181/fold_7.pt,43347,weights_or_features_restricted_review
artifacts/grouped_oof_faithfulness/checkpoints/uni/seed_181/fold_8.pt,43347,weights_or_features_restricted_review
artifacts/grouped_oof_faithfulness/checkpoints/uni/seed_181/fold_9.pt,43347,weights_or_features_restricted_review
artifacts/grouped_oof_faithfulness/checkpoints/uni/seed_23/fold_0.pt,43347,weights_or_features_restricted_review
artifacts/grouped_oof_faithfulness/checkpoints/uni/seed_23/fold_1.pt,43347,weights_or_features_restricted_review
artifacts/grouped_oof_faithfulness/checkpoints/uni/seed_23/fold_2.pt,43347,weights_or_features_restricted_review
artifacts/grouped_oof_faithfulness/checkpoints/uni/seed_23/fold_3.pt,43347,weights_or_features_restricted_review
artifacts/grouped_oof_faithfulness/checkpoints/uni/seed_23/fold_4.pt,43347,weights_or_features_restricted_review
artifacts/grouped_oof_faithfulness/checkpoints/uni/seed_23/fold_5.pt,43347,weights_or_features_restricted_review
artifacts/grouped_oof_faithfulness/checkpoints/uni/seed_23/fold_6.pt,43347,weights_or_features_restricted_review
artifacts/grouped_oof_faithfulness/checkpoints/uni/seed_23/fold_7.pt,43347,weights_or_features_restricted_review
artifacts/grouped_oof_faithfulness/checkpoints/uni/seed_23/fold_8.pt,43347,weights_or_features_restricted_review
artifacts/grouped_oof_faithfulness/checkpoints/uni/seed_23/fold_9.pt,43347,weights_or_features_restricted_review
artifacts/grouped_oof_faithfulness/checkpoints/uni/seed_41/fold_0.pt,43347,weights_or_features_restricted_review
artifacts/grouped_oof_faithfulness/checkpoints/uni/seed_41/fold_1.pt,43347,weights_or_features_restricted_review
artifacts/grouped_oof_faithfulness/checkpoints/uni/seed_41/fold_2.pt,43347,weights_or_features_restricted_review
artifacts/grouped_oof_faithfulness/checkpoints/uni/seed_41/fold_3.pt,43347,weights_or_features_restricted_review
artifacts/grouped_oof_faithfulness/checkpoints/uni/seed_41/fold_4.pt,43347,weights_or_features_restricted_review
artifacts/grouped_oof_faithfulness/checkpoints/uni/seed_41/fold_5.pt,43347,weights_or_features_restricted_review
artifacts/grouped_oof_faithfulness/checkpoints/uni/seed_41/fold_6.pt,43347,weights_or_features_restricted_review
artifacts/grouped_oof_faithfulness/checkpoints/uni/seed_41/fold_7.pt,43347,weights_or_features_restricted_review
artifacts/grouped_oof_faithfulness/checkpoints/uni/seed_41/fold_8.pt,43347,weights_or_features_restricted_review
artifacts/grouped_oof_faithfulness/checkpoints/uni/seed_41/fold_9.pt,43347,weights_or_features_restricted_review
artifacts/grouped_oof_faithfulness/checkpoints/uni/seed_57/fold_0.pt,43347,weights_or_features_restricted_review
artifacts/grouped_oof_faithfulness/checkpoints/uni/seed_57/fold_1.pt,43347,weights_or_features_restricted_review
artifacts/grouped_oof_faithfulness/checkpoints/uni/seed_57/fold_2.pt,43347,weights_or_features_restricted_review
artifacts/grouped_oof_faithfulness/checkpoints/uni/seed_57/fold_3.pt,43347,weights_or_features_restricted_review
artifacts/grouped_oof_faithfulness/checkpoints/uni/seed_57/fold_4.pt,43347,weights_or_features_restricted_review
artifacts/grouped_oof_faithfulness/checkpoints/uni/seed_57/fold_5.pt,43347,weights_or_features_restricted_review
artifacts/grouped_oof_faithfulness/checkpoints/uni/seed_57/fold_6.pt,43347,weights_or_features_restricted_review
artifacts/grouped_oof_faithfulness/checkpoints/uni/seed_57/fold_7.pt,43347,weights_or_features_restricted_review
artifacts/grouped_oof_faithfulness/checkpoints/uni/seed_57/fold_8.pt,43347,weights_or_features_restricted_review
artifacts/grouped_oof_faithfulness/checkpoints/uni/seed_57/fold_9.pt,43347,weights_or_features_restricted_review
artifacts/grouped_oof_faithfulness/checkpoints/uni/seed_73/fold_0.pt,43347,weights_or_features_restricted_review
artifacts/grouped_oof_faithfulness/checkpoints/uni/seed_73/fold_1.pt,43347,weights_or_features_restricted_review
artifacts/grouped_oof_faithfulness/checkpoints/uni/seed_73/fold_2.pt,43347,weights_or_features_restricted_review
artifacts/grouped_oof_faithfulness/checkpoints/uni/seed_73/fold_3.pt,43347,weights_or_features_restricted_review
artifacts/grouped_oof_faithfulness/checkpoints/uni/seed_73/fold_4.pt,43347,weights_or_features_restricted_review
artifacts/grouped_oof_faithfulness/checkpoints/uni/seed_73/fold_5.pt,43347,weights_or_features_restricted_review
artifacts/grouped_oof_faithfulness/checkpoints/uni/seed_73/fold_6.pt,43347,weights_or_features_restricted_review
artifacts/grouped_oof_faithfulness/checkpoints/uni/seed_73/fold_7.pt,43347,weights_or_features_restricted_review
artifacts/grouped_oof_faithfulness/checkpoints/uni/seed_73/fold_8.pt,43347,weights_or_features_restricted_review
artifacts/grouped_oof_faithfulness/checkpoints/uni/seed_73/fold_9.pt,43347,weights_or_features_restricted_review
artifacts/grouped_oof_faithfulness/checkpoints/uni/seed_89/fold_0.pt,43347,weights_or_features_restricted_review
artifacts/grouped_oof_faithfulness/checkpoints/uni/seed_89/fold_1.pt,43347,weights_or_features_restricted_review
artifacts/grouped_oof_faithfulness/checkpoints/uni/seed_89/fold_2.pt,43347,weights_or_features_restricted_review
artifacts/grouped_oof_faithfulness/checkpoints/uni/seed_89/fold_3.pt,43347,weights_or_features_restricted_review
artifacts/grouped_oof_faithfulness/checkpoints/uni/seed_89/fold_4.pt,43347,weights_or_features_restricted_review
artifacts/grouped_oof_faithfulness/checkpoints/uni/seed_89/fold_5.pt,43347,weights_or_features_restricted_review
artifacts/grouped_oof_faithfulness/checkpoints/uni/seed_89/fold_6.pt,43347,weights_or_features_restricted_review
artifacts/grouped_oof_faithfulness/checkpoints/uni/seed_89/fold_7.pt,43347,weights_or_features_restricted_review
artifacts/grouped_oof_faithfulness/checkpoints/uni/seed_89/fold_8.pt,43347,weights_or_features_restricted_review
artifacts/grouped_oof_faithfulness/checkpoints/uni/seed_89/fold_9.pt,43347,weights_or_features_restricted_review
artifacts/grouped_oof_faithfulness/faithfulness/aggregate_deletion_curves.csv,24390,large_analysis_output
artifacts/grouped_oof_faithfulness/faithfulness/all_deletion_curves.csv,16146009,large_analysis_output
artifacts/grouped_oof_faithfulness/faithfulness/cnn_attribution_maps.csv,20795777,large_analysis_output
artifacts/grouped_oof_faithfulness/faithfulness/cnn_deletion_curves.csv,4164706,large_analysis_output
artifacts/grouped_oof_faithfulness/faithfulness/cnn_patch_occlusion_scores.csv,32823493,large_analysis_output
artifacts/grouped_oof_faithfulness/faithfulness/uni_attribution_maps.csv,60963606,large_analysis_output
artifacts/grouped_oof_faithfulness/faithfulness/uni_deletion_curves.csv,11981742,large_analysis_output
artifacts/grouped_oof_faithfulness/faithfulness/uni_patch_occlusion_scores.csv,30732711,large_analysis_output
artifacts/grouped_oof_faithfulness/features/uni_cls_all_images.pt,21788093,weights_or_features_restricted_review
artifacts/grouped_oof_faithfulness/stability/uni_stability_attribution_maps.csv,317865693,large_analysis_output
artifacts/kather5k_jpi_revision/analysis_only/existing_10_seed_stability/dinov2_stability_attribution_maps.csv,321558188,large_analysis_output
artifacts/kather5k_jpi_revision/analysis_only/existing_10_seed_stability/dinov2_stability_per_image.csv,98528,large_analysis_output
artifacts/kather5k_jpi_revision/analysis_only/existing_10_seed_stability/dinov2_stability_predictions.csv,884929,large_analysis_output
artifacts/kather5k_jpi_revision/analysis_only/existing_10_seed_stability/dinov2_stability_seed_pairs.csv,4211213,large_analysis_output
artifacts/kather5k_jpi_revision/analysis_only/existing_10_seed_stability/resnet18_stability_attribution_maps.csv,322584716,large_analysis_output
artifacts/kather5k_jpi_revision/analysis_only/existing_10_seed_stability/resnet18_stability_per_image.csv,99476,large_analysis_output
artifacts/kather5k_jpi_revision/analysis_only/existing_10_seed_stability/resnet18_stability_predictions.csv,889926,large_analysis_output
artifacts/kather5k_jpi_revision/analysis_only/existing_10_seed_stability/resnet18_stability_seed_pairs.csv,4227506,large_analysis_output
artifacts/kather5k_jpi_revision/analysis_only/existing_10_seed_stability/three_model_stability_summary.csv,6839,large_analysis_output
artifacts/kather5k_jpi_revision/analysis_only/reference_seed_analysis_families.csv,9259773,large_analysis_output
artifacts/kather5k_jpi_revision/analysis_only/reference_seed_heterogeneity.csv,84116,large_analysis_output
artifacts/kather5k_jpi_revision/analysis_only/reference_seed_image_summary.csv,1074052,large_analysis_output
artifacts/kather5k_jpi_revision/analysis_only/reference_seed_leave_one_source_out.csv,473502,large_analysis_output
artifacts/kather5k_jpi_revision/analysis_only/reference_seed_paired_tests.csv,81977,large_analysis_output
artifacts/kather5k_jpi_revision/analysis_only/reference_seed_paired_values.csv,7939497,large_analysis_output
artifacts/kather5k_jpi_revision/analysis_only/reference_seed_relative_deletion_curves.csv,33210306,large_analysis_output
artifacts/kather5k_jpi_revision/analysis_only/reference_seed_scale_free_metrics.csv,3461185,large_analysis_output
artifacts/kather5k_jpi_revision/analysis_only/reference_seed_seed_summary.csv,7449,large_analysis_output
artifacts/kather5k_jpi_revision/analysis_only/reference_seed_source_summary.csv,70380,large_analysis_output
artifacts/kather5k_jpi_revision/analysis_only/reference_seed_top_vs_random_tests.csv,12020,large_analysis_output
artifacts/kather5k_jpi_revision/classification/checkpoints/frozen_resnet18/seed_101/fold_0.pt,22867,weights_or_features_restricted_review
artifacts/kather5k_jpi_revision/classification/checkpoints/frozen_resnet18/seed_101/fold_1.pt,22867,weights_or_features_restricted_review
artifacts/kather5k_jpi_revision/classification/checkpoints/frozen_resnet18/seed_101/fold_2.pt,22867,weights_or_features_restricted_review
artifacts/kather5k_jpi_revision/classification/checkpoints/frozen_resnet18/seed_101/fold_3.pt,22867,weights_or_features_restricted_review
artifacts/kather5k_jpi_revision/classification/checkpoints/frozen_resnet18/seed_101/fold_4.pt,22867,weights_or_features_restricted_review
artifacts/kather5k_jpi_revision/classification/checkpoints/frozen_resnet18/seed_101/fold_5.pt,22867,weights_or_features_restricted_review
artifacts/kather5k_jpi_revision/classification/checkpoints/frozen_resnet18/seed_101/fold_6.pt,22867,weights_or_features_restricted_review
artifacts/kather5k_jpi_revision/classification/checkpoints/frozen_resnet18/seed_101/fold_7.pt,22867,weights_or_features_restricted_review
artifacts/kather5k_jpi_revision/classification/checkpoints/frozen_resnet18/seed_101/fold_8.pt,22867,weights_or_features_restricted_review
artifacts/kather5k_jpi_revision/classification/checkpoints/frozen_resnet18/seed_101/fold_9.pt,22867,weights_or_features_restricted_review
artifacts/kather5k_jpi_revision/classification/checkpoints/frozen_resnet18/seed_11/fold_0.pt,22867,weights_or_features_restricted_review
artifacts/kather5k_jpi_revision/classification/checkpoints/frozen_resnet18/seed_11/fold_1.pt,22867,weights_or_features_restricted_review
artifacts/kather5k_jpi_revision/classification/checkpoints/frozen_resnet18/seed_11/fold_2.pt,22867,weights_or_features_restricted_review
artifacts/kather5k_jpi_revision/classification/checkpoints/frozen_resnet18/seed_11/fold_3.pt,22867,weights_or_features_restricted_review
artifacts/kather5k_jpi_revision/classification/checkpoints/frozen_resnet18/seed_11/fold_4.pt,22867,weights_or_features_restricted_review
artifacts/kather5k_jpi_revision/classification/checkpoints/frozen_resnet18/seed_11/fold_5.pt,22867,weights_or_features_restricted_review
artifacts/kather5k_jpi_revision/classification/checkpoints/frozen_resnet18/seed_11/fold_6.pt,22867,weights_or_features_restricted_review
artifacts/kather5k_jpi_revision/classification/checkpoints/frozen_resnet18/seed_11/fold_7.pt,22867,weights_or_features_restricted_review
artifacts/kather5k_jpi_revision/classification/checkpoints/frozen_resnet18/seed_11/fold_8.pt,22867,weights_or_features_restricted_review
artifacts/kather5k_jpi_revision/classification/checkpoints/frozen_resnet18/seed_11/fold_9.pt,22867,weights_or_features_restricted_review
artifacts/kather5k_jpi_revision/classification/checkpoints/frozen_resnet18/seed_131/fold_0.pt,22867,weights_or_features_restricted_review
artifacts/kather5k_jpi_revision/classification/checkpoints/frozen_resnet18/seed_131/fold_1.pt,22867,weights_or_features_restricted_review
artifacts/kather5k_jpi_revision/classification/checkpoints/frozen_resnet18/seed_131/fold_2.pt,22867,weights_or_features_restricted_review
artifacts/kather5k_jpi_revision/classification/checkpoints/frozen_resnet18/seed_131/fold_3.pt,22867,weights_or_features_restricted_review
artifacts/kather5k_jpi_revision/classification/checkpoints/frozen_resnet18/seed_131/fold_4.pt,22867,weights_or_features_restricted_review
artifacts/kather5k_jpi_revision/classification/checkpoints/frozen_resnet18/seed_131/fold_5.pt,22867,weights_or_features_restricted_review
artifacts/kather5k_jpi_revision/classification/checkpoints/frozen_resnet18/seed_131/fold_6.pt,22867,weights_or_features_restricted_review
artifacts/kather5k_jpi_revision/classification/checkpoints/frozen_resnet18/seed_131/fold_7.pt,22867,weights_or_features_restricted_review
artifacts/kather5k_jpi_revision/classification/checkpoints/frozen_resnet18/seed_131/fold_8.pt,22867,weights_or_features_restricted_review
artifacts/kather5k_jpi_revision/classification/checkpoints/frozen_resnet18/seed_131/fold_9.pt,22867,weights_or_features_restricted_review
artifacts/kather5k_jpi_revision/classification/checkpoints/frozen_resnet18/seed_151/fold_0.pt,22867,weights_or_features_restricted_review
artifacts/kather5k_jpi_revision/classification/checkpoints/frozen_resnet18/seed_151/fold_1.pt,22867,weights_or_features_restricted_review
artifacts/kather5k_jpi_revision/classification/checkpoints/frozen_resnet18/seed_151/fold_2.pt,22867,weights_or_features_restricted_review
artifacts/kather5k_jpi_revision/classification/checkpoints/frozen_resnet18/seed_151/fold_3.pt,22867,weights_or_features_restricted_review
artifacts/kather5k_jpi_revision/classification/checkpoints/frozen_resnet18/seed_151/fold_4.pt,22867,weights_or_features_restricted_review
artifacts/kather5k_jpi_revision/classification/checkpoints/frozen_resnet18/seed_151/fold_5.pt,22867,weights_or_features_restricted_review
artifacts/kather5k_jpi_revision/classification/checkpoints/frozen_resnet18/seed_151/fold_6.pt,22867,weights_or_features_restricted_review
artifacts/kather5k_jpi_revision/classification/checkpoints/frozen_resnet18/seed_151/fold_7.pt,22867,weights_or_features_restricted_review
artifacts/kather5k_jpi_revision/classification/checkpoints/frozen_resnet18/seed_151/fold_8.pt,22867,weights_or_features_restricted_review
artifacts/kather5k_jpi_revision/classification/checkpoints/frozen_resnet18/seed_151/fold_9.pt,22867,weights_or_features_restricted_review
artifacts/kather5k_jpi_revision/classification/checkpoints/frozen_resnet18/seed_181/fold_0.pt,22867,weights_or_features_restricted_review
artifacts/kather5k_jpi_revision/classification/checkpoints/frozen_resnet18/seed_181/fold_1.pt,22867,weights_or_features_restricted_review
artifacts/kather5k_jpi_revision/classification/checkpoints/frozen_resnet18/seed_181/fold_2.pt,22867,weights_or_features_restricted_review
artifacts/kather5k_jpi_revision/classification/checkpoints/frozen_resnet18/seed_181/fold_3.pt,22867,weights_or_features_restricted_review
artifacts/kather5k_jpi_revision/classification/checkpoints/frozen_resnet18/seed_181/fold_4.pt,22867,weights_or_features_restricted_review
artifacts/kather5k_jpi_revision/classification/checkpoints/frozen_resnet18/seed_181/fold_5.pt,22867,weights_or_features_restricted_review
artifacts/kather5k_jpi_revision/classification/checkpoints/frozen_resnet18/seed_181/fold_6.pt,22867,weights_or_features_restricted_review
artifacts/kather5k_jpi_revision/classification/checkpoints/frozen_resnet18/seed_181/fold_7.pt,22867,weights_or_features_restricted_review
artifacts/kather5k_jpi_revision/classification/checkpoints/frozen_resnet18/seed_181/fold_8.pt,22867,weights_or_features_restricted_review
artifacts/kather5k_jpi_revision/classification/checkpoints/frozen_resnet18/seed_181/fold_9.pt,22867,weights_or_features_restricted_review
artifacts/kather5k_jpi_revision/classification/checkpoints/frozen_resnet18/seed_23/fold_0.pt,22867,weights_or_features_restricted_review
artifacts/kather5k_jpi_revision/classification/checkpoints/frozen_resnet18/seed_23/fold_1.pt,22867,weights_or_features_restricted_review
artifacts/kather5k_jpi_revision/classification/checkpoints/frozen_resnet18/seed_23/fold_2.pt,22867,weights_or_features_restricted_review
artifacts/kather5k_jpi_revision/classification/checkpoints/frozen_resnet18/seed_23/fold_3.pt,22867,weights_or_features_restricted_review
artifacts/kather5k_jpi_revision/classification/checkpoints/frozen_resnet18/seed_23/fold_4.pt,22867,weights_or_features_restricted_review
artifacts/kather5k_jpi_revision/classification/checkpoints/frozen_resnet18/seed_23/fold_5.pt,22867,weights_or_features_restricted_review
artifacts/kather5k_jpi_revision/classification/checkpoints/frozen_resnet18/seed_23/fold_6.pt,22867,weights_or_features_restricted_review
artifacts/kather5k_jpi_revision/classification/checkpoints/frozen_resnet18/seed_23/fold_7.pt,22867,weights_or_features_restricted_review
artifacts/kather5k_jpi_revision/classification/checkpoints/frozen_resnet18/seed_23/fold_8.pt,22867,weights_or_features_restricted_review
artifacts/kather5k_jpi_revision/classification/checkpoints/frozen_resnet18/seed_23/fold_9.pt,22867,weights_or_features_restricted_review
artifacts/kather5k_jpi_revision/classification/checkpoints/frozen_resnet18/seed_41/fold_0.pt,22867,weights_or_features_restricted_review
artifacts/kather5k_jpi_revision/classification/checkpoints/frozen_resnet18/seed_41/fold_1.pt,22867,weights_or_features_restricted_review
artifacts/kather5k_jpi_revision/classification/checkpoints/frozen_resnet18/seed_41/fold_2.pt,22867,weights_or_features_restricted_review
artifacts/kather5k_jpi_revision/classification/checkpoints/frozen_resnet18/seed_41/fold_3.pt,22867,weights_or_features_restricted_review
artifacts/kather5k_jpi_revision/classification/checkpoints/frozen_resnet18/seed_41/fold_4.pt,22867,weights_or_features_restricted_review
artifacts/kather5k_jpi_revision/classification/checkpoints/frozen_resnet18/seed_41/fold_5.pt,22867,weights_or_features_restricted_review
artifacts/kather5k_jpi_revision/classification/checkpoints/frozen_resnet18/seed_41/fold_6.pt,22867,weights_or_features_restricted_review
artifacts/kather5k_jpi_revision/classification/checkpoints/frozen_resnet18/seed_41/fold_7.pt,22867,weights_or_features_restricted_review
artifacts/kather5k_jpi_revision/classification/checkpoints/frozen_resnet18/seed_41/fold_8.pt,22867,weights_or_features_restricted_review
artifacts/kather5k_jpi_revision/classification/checkpoints/frozen_resnet18/seed_41/fold_9.pt,22867,weights_or_features_restricted_review
artifacts/kather5k_jpi_revision/classification/checkpoints/frozen_resnet18/seed_57/fold_0.pt,22867,weights_or_features_restricted_review
artifacts/kather5k_jpi_revision/classification/checkpoints/frozen_resnet18/seed_57/fold_1.pt,22867,weights_or_features_restricted_review
artifacts/kather5k_jpi_revision/classification/checkpoints/frozen_resnet18/seed_57/fold_2.pt,22867,weights_or_features_restricted_review
artifacts/kather5k_jpi_revision/classification/checkpoints/frozen_resnet18/seed_57/fold_3.pt,22867,weights_or_features_restricted_review
artifacts/kather5k_jpi_revision/classification/checkpoints/frozen_resnet18/seed_57/fold_4.pt,22867,weights_or_features_restricted_review
artifacts/kather5k_jpi_revision/classification/checkpoints/frozen_resnet18/seed_57/fold_5.pt,22867,weights_or_features_restricted_review
artifacts/kather5k_jpi_revision/classification/checkpoints/frozen_resnet18/seed_57/fold_6.pt,22867,weights_or_features_restricted_review
artifacts/kather5k_jpi_revision/classification/checkpoints/frozen_resnet18/seed_57/fold_7.pt,22867,weights_or_features_restricted_review
artifacts/kather5k_jpi_revision/classification/checkpoints/frozen_resnet18/seed_57/fold_8.pt,22867,weights_or_features_restricted_review
artifacts/kather5k_jpi_revision/classification/checkpoints/frozen_resnet18/seed_57/fold_9.pt,22867,weights_or_features_restricted_review
artifacts/kather5k_jpi_revision/classification/checkpoints/frozen_resnet18/seed_73/fold_0.pt,22867,weights_or_features_restricted_review
artifacts/kather5k_jpi_revision/classification/checkpoints/frozen_resnet18/seed_73/fold_1.pt,22867,weights_or_features_restricted_review
artifacts/kather5k_jpi_revision/classification/checkpoints/frozen_resnet18/seed_73/fold_2.pt,22867,weights_or_features_restricted_review
artifacts/kather5k_jpi_revision/classification/checkpoints/frozen_resnet18/seed_73/fold_3.pt,22867,weights_or_features_restricted_review
artifacts/kather5k_jpi_revision/classification/checkpoints/frozen_resnet18/seed_73/fold_4.pt,22867,weights_or_features_restricted_review
artifacts/kather5k_jpi_revision/classification/checkpoints/frozen_resnet18/seed_73/fold_5.pt,22867,weights_or_features_restricted_review
artifacts/kather5k_jpi_revision/classification/checkpoints/frozen_resnet18/seed_73/fold_6.pt,22867,weights_or_features_restricted_review
artifacts/kather5k_jpi_revision/classification/checkpoints/frozen_resnet18/seed_73/fold_7.pt,22867,weights_or_features_restricted_review
artifacts/kather5k_jpi_revision/classification/checkpoints/frozen_resnet18/seed_73/fold_8.pt,22867,weights_or_features_restricted_review
artifacts/kather5k_jpi_revision/classification/checkpoints/frozen_resnet18/seed_73/fold_9.pt,22867,weights_or_features_restricted_review
artifacts/kather5k_jpi_revision/classification/checkpoints/frozen_resnet18/seed_89/fold_0.pt,22867,weights_or_features_restricted_review
artifacts/kather5k_jpi_revision/classification/checkpoints/frozen_resnet18/seed_89/fold_1.pt,22867,weights_or_features_restricted_review
artifacts/kather5k_jpi_revision/classification/checkpoints/frozen_resnet18/seed_89/fold_2.pt,22867,weights_or_features_restricted_review
artifacts/kather5k_jpi_revision/classification/checkpoints/frozen_resnet18/seed_89/fold_3.pt,22867,weights_or_features_restricted_review
artifacts/kather5k_jpi_revision/classification/checkpoints/frozen_resnet18/seed_89/fold_4.pt,22867,weights_or_features_restricted_review
artifacts/kather5k_jpi_revision/classification/checkpoints/frozen_resnet18/seed_89/fold_5.pt,22867,weights_or_features_restricted_review
artifacts/kather5k_jpi_revision/classification/checkpoints/frozen_resnet18/seed_89/fold_6.pt,22867,weights_or_features_restricted_review
artifacts/kather5k_jpi_revision/classification/checkpoints/frozen_resnet18/seed_89/fold_7.pt,22867,weights_or_features_restricted_review
artifacts/kather5k_jpi_revision/classification/checkpoints/frozen_resnet18/seed_89/fold_8.pt,22867,weights_or_features_restricted_review
artifacts/kather5k_jpi_revision/classification/checkpoints/frozen_resnet18/seed_89/fold_9.pt,22867,weights_or_features_restricted_review
artifacts/kather5k_jpi_revision/classification/frozen_resnet18_features.pt,11548013,weights_or_features_restricted_review
artifacts/kather5k_jpi_revision/evaluation/consolidated/attribution_maps.csv,519251370,large_analysis_output
artifacts/kather5k_jpi_revision/evaluation/consolidated/deletion_curves.csv,135048909,large_analysis_output
artifacts/kather5k_jpi_revision/evaluation/consolidated/image_seed_metrics.csv,14851124,large_analysis_output
artifacts/kather5k_jpi_revision/evaluation/consolidated/occlusion_scores.csv,902450905,large_analysis_output
artifacts/kather5k_jpi_revision/evaluation/frozen_resnet/consolidated/attribution_maps.csv,109828115,large_analysis_output
artifacts/kather5k_jpi_revision/evaluation/frozen_resnet/consolidated/deletion_curves.csv,15023940,large_analysis_output
artifacts/kather5k_jpi_revision/evaluation/frozen_resnet/consolidated/image_seed_metrics.csv,1664663,large_analysis_output
artifacts/kather5k_jpi_revision/evaluation/frozen_resnet/consolidated/occlusion_scores.csv,120275903,large_analysis_output
artifacts/kather5k_jpi_revision/evaluation/frozen_resnet/partitions/selected_training_regime/FrozenResNet18/seed_11/fold_0_attribution_maps.csv,1277114,large_analysis_output
artifacts/kather5k_jpi_revision/evaluation/frozen_resnet/partitions/selected_training_regime/FrozenResNet18/seed_11/fold_0_deletion_curves.csv,177208,large_analysis_output
artifacts/kather5k_jpi_revision/evaluation/frozen_resnet/partitions/selected_training_regime/FrozenResNet18/seed_11/fold_0_metrics.csv,22363,large_analysis_output
artifacts/kather5k_jpi_revision/evaluation/frozen_resnet/partitions/selected_training_regime/FrozenResNet18/seed_11/fold_0_occlusion_scores.csv,1404949,large_analysis_output
artifacts/kather5k_jpi_revision/evaluation/frozen_resnet/partitions/selected_training_regime/FrozenResNet18/seed_11/fold_1_attribution_maps.csv,880797,large_analysis_output
artifacts/kather5k_jpi_revision/evaluation/frozen_resnet/partitions/selected_training_regime/FrozenResNet18/seed_11/fold_1_deletion_curves.csv,122304,large_analysis_output
artifacts/kather5k_jpi_revision/evaluation/frozen_resnet/partitions/selected_training_regime/FrozenResNet18/seed_11/fold_1_metrics.csv,16121,large_analysis_output
artifacts/kather5k_jpi_revision/evaluation/frozen_resnet/partitions/selected_training_regime/FrozenResNet18/seed_11/fold_1_occlusion_scores.csv,970444,large_analysis_output
artifacts/kather5k_jpi_revision/evaluation/frozen_resnet/partitions/selected_training_regime/FrozenResNet18/seed_11/fold_2_attribution_maps.csv,1283886,large_analysis_output
artifacts/kather5k_jpi_revision/evaluation/frozen_resnet/partitions/selected_training_regime/FrozenResNet18/seed_11/fold_2_deletion_curves.csv,177306,large_analysis_output
artifacts/kather5k_jpi_revision/evaluation/frozen_resnet/partitions/selected_training_regime/FrozenResNet18/seed_11/fold_2_metrics.csv,22251,large_analysis_output
artifacts/kather5k_jpi_revision/evaluation/frozen_resnet/partitions/selected_training_regime/FrozenResNet18/seed_11/fold_2_occlusion_scores.csv,1407716,large_analysis_output
artifacts/kather5k_jpi_revision/evaluation/frozen_resnet/partitions/selected_training_regime/FrozenResNet18/seed_11/fold_3_attribution_maps.csv,1472740,large_analysis_output
artifacts/kather5k_jpi_revision/evaluation/frozen_resnet/partitions/selected_training_regime/FrozenResNet18/seed_11/fold_3_deletion_curves.csv,203709,large_analysis_output
artifacts/kather5k_jpi_revision/evaluation/frozen_resnet/partitions/selected_training_regime/FrozenResNet18/seed_11/fold_3_metrics.csv,25359,large_analysis_output
artifacts/kather5k_jpi_revision/evaluation/frozen_resnet/partitions/selected_training_regime/FrozenResNet18/seed_11/fold_3_occlusion_scores.csv,1617259,large_analysis_output
artifacts/kather5k_jpi_revision/evaluation/frozen_resnet/partitions/selected_training_regime/FrozenResNet18/seed_11/fold_4_attribution_maps.csv,2260722,large_analysis_output
artifacts/kather5k_jpi_revision/evaluation/frozen_resnet/partitions/selected_training_regime/FrozenResNet18/seed_11/fold_4_deletion_curves.csv,312750,large_analysis_output
artifacts/kather5k_jpi_revision/evaluation/frozen_resnet/partitions/selected_training_regime/FrozenResNet18/seed_11/fold_4_metrics.csv,37680,large_analysis_output
artifacts/kather5k_jpi_revision/evaluation/frozen_resnet/partitions/selected_training_regime/FrozenResNet18/seed_11/fold_4_occlusion_scores.csv,2485885,large_analysis_output
artifacts/kather5k_jpi_revision/evaluation/frozen_resnet/partitions/selected_training_regime/FrozenResNet18/seed_11/fold_5_attribution_maps.csv,3840099,large_analysis_output
artifacts/kather5k_jpi_revision/evaluation/frozen_resnet/partitions/selected_training_regime/FrozenResNet18/seed_11/fold_5_deletion_curves.csv,530896,large_analysis_output
artifacts/kather5k_jpi_revision/evaluation/frozen_resnet/partitions/selected_training_regime/FrozenResNet18/seed_11/fold_5_metrics.csv,62044,large_analysis_output
artifacts/kather5k_jpi_revision/evaluation/frozen_resnet/partitions/selected_training_regime/FrozenResNet18/seed_11/fold_5_occlusion_scores.csv,4221120,large_analysis_output
artifacts/kather5k_jpi_revision/evaluation/frozen_resnet/partitions/selected_training_regime/FrozenResNet18/seed_11/fold_6_attribution_maps.csv,1665914,large_analysis_output
artifacts/kather5k_jpi_revision/evaluation/frozen_resnet/partitions/selected_training_regime/FrozenResNet18/seed_11/fold_6_deletion_curves.csv,230731,large_analysis_output
artifacts/kather5k_jpi_revision/evaluation/frozen_resnet/partitions/selected_training_regime/FrozenResNet18/seed_11/fold_6_metrics.csv,28410,large_analysis_output
artifacts/kather5k_jpi_revision/evaluation/frozen_resnet/partitions/selected_training_regime/FrozenResNet18/seed_11/fold_6_occlusion_scores.csv,1831986,large_analysis_output
artifacts/kather5k_jpi_revision/evaluation/frozen_resnet/partitions/selected_training_regime/FrozenResNet18/seed_11/fold_7_attribution_maps.csv,983279,large_analysis_output
artifacts/kather5k_jpi_revision/evaluation/frozen_resnet/partitions/selected_training_regime/FrozenResNet18/seed_11/fold_7_deletion_curves.csv,136238,large_analysis_output
artifacts/kather5k_jpi_revision/evaluation/frozen_resnet/partitions/selected_training_regime/FrozenResNet18/seed_11/fold_7_metrics.csv,17660,large_analysis_output
artifacts/kather5k_jpi_revision/evaluation/frozen_resnet/partitions/selected_training_regime/FrozenResNet18/seed_11/fold_7_occlusion_scores.csv,1081812,large_analysis_output
artifacts/kather5k_jpi_revision/evaluation/frozen_resnet/partitions/selected_training_regime/FrozenResNet18/seed_11/fold_8_attribution_maps.csv,1371830,large_analysis_output
artifacts/kather5k_jpi_revision/evaluation/frozen_resnet/partitions/selected_training_regime/FrozenResNet18/seed_11/fold_8_deletion_curves.csv,189958,large_analysis_output
artifacts/kather5k_jpi_revision/evaluation/frozen_resnet/partitions/selected_training_regime/FrozenResNet18/seed_11/fold_8_metrics.csv,23729,large_analysis_output
artifacts/kather5k_jpi_revision/evaluation/frozen_resnet/partitions/selected_training_regime/FrozenResNet18/seed_11/fold_8_occlusion_scores.csv,1507557,large_analysis_output
artifacts/kather5k_jpi_revision/evaluation/frozen_resnet/partitions/selected_training_regime/FrozenResNet18/seed_11/fold_9_attribution_maps.csv,3043542,large_analysis_output
artifacts/kather5k_jpi_revision/evaluation/frozen_resnet/partitions/selected_training_regime/FrozenResNet18/seed_11/fold_9_deletion_curves.csv,420668,large_analysis_output
artifacts/kather5k_jpi_revision/evaluation/frozen_resnet/partitions/selected_training_regime/FrozenResNet18/seed_11/fold_9_metrics.csv,49847,large_analysis_output
artifacts/kather5k_jpi_revision/evaluation/frozen_resnet/partitions/selected_training_regime/FrozenResNet18/seed_11/fold_9_occlusion_scores.csv,3340813,large_analysis_output
artifacts/kather5k_jpi_revision/evaluation/frozen_resnet/partitions/selected_training_regime/FrozenResNet18/seed_181/fold_0_attribution_maps.csv,1177629,large_analysis_output
artifacts/kather5k_jpi_revision/evaluation/frozen_resnet/partitions/selected_training_regime/FrozenResNet18/seed_181/fold_0_deletion_curves.csv,163687,large_analysis_output
artifacts/kather5k_jpi_revision/evaluation/frozen_resnet/partitions/selected_training_regime/FrozenResNet18/seed_181/fold_0_metrics.csv,20753,large_analysis_output
artifacts/kather5k_jpi_revision/evaluation/frozen_resnet/partitions/selected_training_regime/FrozenResNet18/seed_181/fold_0_occlusion_scores.csv,1297779,large_analysis_output
artifacts/kather5k_jpi_revision/evaluation/frozen_resnet/partitions/selected_training_regime/FrozenResNet18/seed_181/fold_1_attribution_maps.csv,784897,large_analysis_output
artifacts/kather5k_jpi_revision/evaluation/frozen_resnet/partitions/selected_training_regime/FrozenResNet18/seed_181/fold_1_deletion_curves.csv,109013,large_analysis_output
artifacts/kather5k_jpi_revision/evaluation/frozen_resnet/partitions/selected_training_regime/FrozenResNet18/seed_181/fold_1_metrics.csv,14619,large_analysis_output
artifacts/kather5k_jpi_revision/evaluation/frozen_resnet/partitions/selected_training_regime/FrozenResNet18/seed_181/fold_1_occlusion_scores.csv,863489,large_analysis_output
artifacts/kather5k_jpi_revision/evaluation/frozen_resnet/partitions/selected_training_regime/FrozenResNet18/seed_181/fold_2_attribution_maps.csv,1484930,large_analysis_output
artifacts/kather5k_jpi_revision/evaluation/frozen_resnet/partitions/selected_training_regime/FrozenResNet18/seed_181/fold_2_deletion_curves.csv,205064,large_analysis_output
artifacts/kather5k_jpi_revision/evaluation/frozen_resnet/partitions/selected_training_regime/FrozenResNet18/seed_181/fold_2_metrics.csv,25348,large_analysis_output
artifacts/kather5k_jpi_revision/evaluation/frozen_resnet/partitions/selected_training_regime/FrozenResNet18/seed_181/fold_2_occlusion_scores.csv,1627953,large_analysis_output
artifacts/kather5k_jpi_revision/evaluation/frozen_resnet/partitions/selected_training_regime/FrozenResNet18/seed_181/fold_3_attribution_maps.csv,1380162,large_analysis_output
artifacts/kather5k_jpi_revision/evaluation/frozen_resnet/partitions/selected_training_regime/FrozenResNet18/seed_181/fold_3_deletion_curves.csv,191054,large_analysis_output
artifacts/kather5k_jpi_revision/evaluation/frozen_resnet/partitions/selected_training_regime/FrozenResNet18/seed_181/fold_3_metrics.csv,23880,large_analysis_output
artifacts/kather5k_jpi_revision/evaluation/frozen_resnet/partitions/selected_training_regime/FrozenResNet18/seed_181/fold_3_occlusion_scores.csv,1516909,large_analysis_output
artifacts/kather5k_jpi_revision/evaluation/frozen_resnet/partitions/selected_training_regime/FrozenResNet18/seed_181/fold_4_attribution_maps.csv,2363609,large_analysis_output
artifacts/kather5k_jpi_revision/evaluation/frozen_resnet/partitions/selected_training_regime/FrozenResNet18/seed_181/fold_4_deletion_curves.csv,326930,large_analysis_output
artifacts/kather5k_jpi_revision/evaluation/frozen_resnet/partitions/selected_training_regime/FrozenResNet18/seed_181/fold_4_metrics.csv,39209,large_analysis_output
artifacts/kather5k_jpi_revision/evaluation/frozen_resnet/partitions/selected_training_regime/FrozenResNet18/seed_181/fold_4_occlusion_scores.csv,2599351,large_analysis_output
artifacts/kather5k_jpi_revision/evaluation/frozen_resnet/partitions/selected_training_regime/FrozenResNet18/seed_181/fold_5_attribution_maps.csv,3650639,large_analysis_output
artifacts/kather5k_jpi_revision/evaluation/frozen_resnet/partitions/selected_training_regime/FrozenResNet18/seed_181/fold_5_deletion_curves.csv,504416,large_analysis_output
artifacts/kather5k_jpi_revision/evaluation/frozen_resnet/partitions/selected_training_regime/FrozenResNet18/seed_181/fold_5_metrics.csv,59089,large_analysis_output
artifacts/kather5k_jpi_revision/evaluation/frozen_resnet/partitions/selected_training_regime/FrozenResNet18/seed_181/fold_5_occlusion_scores.csv,4007492,large_analysis_output
artifacts/kather5k_jpi_revision/evaluation/frozen_resnet/partitions/selected_training_regime/FrozenResNet18/seed_181/fold_6_attribution_maps.csv,1766014,large_analysis_output
artifacts/kather5k_jpi_revision/evaluation/frozen_resnet/partitions/selected_training_regime/FrozenResNet18/seed_181/fold_6_deletion_curves.csv,244494,large_analysis_output
artifacts/kather5k_jpi_revision/evaluation/frozen_resnet/partitions/selected_training_regime/FrozenResNet18/seed_181/fold_6_metrics.csv,29888,large_analysis_output
artifacts/kather5k_jpi_revision/evaluation/frozen_resnet/partitions/selected_training_regime/FrozenResNet18/seed_181/fold_6_occlusion_scores.csv,1942288,large_analysis_output
artifacts/kather5k_jpi_revision/evaluation/frozen_resnet/partitions/selected_training_regime/FrozenResNet18/seed_181/fold_7_attribution_maps.csv,1180318,large_analysis_output
artifacts/kather5k_jpi_revision/evaluation/frozen_resnet/partitions/selected_training_regime/FrozenResNet18/seed_181/fold_7_deletion_curves.csv,163474,large_analysis_output
artifacts/kather5k_jpi_revision/evaluation/frozen_resnet/partitions/selected_training_regime/FrozenResNet18/seed_181/fold_7_metrics.csv,20698,large_analysis_output
artifacts/kather5k_jpi_revision/evaluation/frozen_resnet/partitions/selected_training_regime/FrozenResNet18/seed_181/fold_7_occlusion_scores.csv,1297731,large_analysis_output
artifacts/kather5k_jpi_revision/evaluation/frozen_resnet/partitions/selected_training_regime/FrozenResNet18/seed_181/fold_8_attribution_maps.csv,1374686,large_analysis_output
artifacts/kather5k_jpi_revision/evaluation/frozen_resnet/partitions/selected_training_regime/FrozenResNet18/seed_181/fold_8_deletion_curves.csv,190381,large_analysis_output
artifacts/kather5k_jpi_revision/evaluation/frozen_resnet/partitions/selected_training_regime/FrozenResNet18/seed_181/fold_8_metrics.csv,23834,large_analysis_output
artifacts/kather5k_jpi_revision/evaluation/frozen_resnet/partitions/selected_training_regime/FrozenResNet18/seed_181/fold_8_occlusion_scores.csv,1511038,large_analysis_output
artifacts/kather5k_jpi_revision/evaluation/frozen_resnet/partitions/selected_training_regime/FrozenResNet18/seed_181/fold_9_attribution_maps.csv,3046433,large_analysis_output
artifacts/kather5k_jpi_revision/evaluation/frozen_resnet/partitions/selected_training_regime/FrozenResNet18/seed_181/fold_9_deletion_curves.csv,421146,large_analysis_output
artifacts/kather5k_jpi_revision/evaluation/frozen_resnet/partitions/selected_training_regime/FrozenResNet18/seed_181/fold_9_metrics.csv,49908,large_analysis_output
artifacts/kather5k_jpi_revision/evaluation/frozen_resnet/partitions/selected_training_regime/FrozenResNet18/seed_181/fold_9_occlusion_scores.csv,3342840,large_analysis_output
artifacts/kather5k_jpi_revision/evaluation/frozen_resnet/partitions/selected_training_regime/FrozenResNet18/seed_89/fold_0_attribution_maps.csv,979277,large_analysis_output
artifacts/kather5k_jpi_revision/evaluation/frozen_resnet/partitions/selected_training_regime/FrozenResNet18/seed_89/fold_0_deletion_curves.csv,136108,large_analysis_output
artifacts/kather5k_jpi_revision/evaluation/frozen_resnet/partitions/selected_training_regime/FrozenResNet18/seed_89/fold_0_metrics.csv,17637,large_analysis_output
artifacts/kather5k_jpi_revision/evaluation/frozen_resnet/partitions/selected_training_regime/FrozenResNet18/seed_89/fold_0_occlusion_scores.csv,1079271,large_analysis_output
artifacts/kather5k_jpi_revision/evaluation/frozen_resnet/partitions/selected_training_regime/FrozenResNet18/seed_89/fold_1_attribution_maps.csv,684465,large_analysis_output
artifacts/kather5k_jpi_revision/evaluation/frozen_resnet/partitions/selected_training_regime/FrozenResNet18/seed_89/fold_1_deletion_curves.csv,95110,large_analysis_output
artifacts/kather5k_jpi_revision/evaluation/frozen_resnet/partitions/selected_training_regime/FrozenResNet18/seed_89/fold_1_metrics.csv,13055,large_analysis_output
artifacts/kather5k_jpi_revision/evaluation/frozen_resnet/partitions/selected_training_regime/FrozenResNet18/seed_89/fold_1_occlusion_scores.csv,753987,large_analysis_output
artifacts/kather5k_jpi_revision/evaluation/frozen_resnet/partitions/selected_training_regime/FrozenResNet18/seed_89/fold_2_attribution_maps.csv,1483336,large_analysis_output
artifacts/kather5k_jpi_revision/evaluation/frozen_resnet/partitions/selected_training_regime/FrozenResNet18/seed_89/fold_2_deletion_curves.csv,204977,large_analysis_output
artifacts/kather5k_jpi_revision/evaluation/frozen_resnet/partitions/selected_training_regime/FrozenResNet18/seed_89/fold_2_metrics.csv,25316,large_analysis_output
artifacts/kather5k_jpi_revision/evaluation/frozen_resnet/partitions/selected_training_regime/FrozenResNet18/seed_89/fold_2_occlusion_scores.csv,1626799,large_analysis_output
artifacts/kather5k_jpi_revision/evaluation/frozen_resnet/partitions/selected_training_regime/FrozenResNet18/seed_89/fold_3_attribution_maps.csv,1472305,large_analysis_output
artifacts/kather5k_jpi_revision/evaluation/frozen_resnet/partitions/selected_training_regime/FrozenResNet18/seed_89/fold_3_deletion_curves.csv,203588,large_analysis_output
artifacts/kather5k_jpi_revision/evaluation/frozen_resnet/partitions/selected_training_regime/FrozenResNet18/seed_89/fold_3_metrics.csv,25349,large_analysis_output
artifacts/kather5k_jpi_revision/evaluation/frozen_resnet/partitions/selected_training_regime/FrozenResNet18/seed_89/fold_3_occlusion_scores.csv,1616372,large_analysis_output
artifacts/kather5k_jpi_revision/evaluation/frozen_resnet/partitions/selected_training_regime/FrozenResNet18/seed_89/fold_4_attribution_maps.csv,2063620,large_analysis_output
artifacts/kather5k_jpi_revision/evaluation/frozen_resnet/partitions/selected_training_regime/FrozenResNet18/seed_89/fold_4_deletion_curves.csv,285467,large_analysis_output
artifacts/kather5k_jpi_revision/evaluation/frozen_resnet/partitions/selected_training_regime/FrozenResNet18/seed_89/fold_4_metrics.csv,34634,large_analysis_output
artifacts/kather5k_jpi_revision/evaluation/frozen_resnet/partitions/selected_training_regime/FrozenResNet18/seed_89/fold_4_occlusion_scores.csv,2269535,large_analysis_output
artifacts/kather5k_jpi_revision/evaluation/frozen_resnet/partitions/selected_training_regime/FrozenResNet18/seed_89/fold_5_attribution_maps.csv,3642869,large_analysis_output
artifacts/kather5k_jpi_revision/evaluation/frozen_resnet/partitions/selected_training_regime/FrozenResNet18/seed_89/fold_5_deletion_curves.csv,503716,large_analysis_output
artifacts/kather5k_jpi_revision/evaluation/frozen_resnet/partitions/selected_training_regime/FrozenResNet18/seed_89/fold_5_metrics.csv,59070,large_analysis_output
artifacts/kather5k_jpi_revision/evaluation/frozen_resnet/partitions/selected_training_regime/FrozenResNet18/seed_89/fold_5_occlusion_scores.csv,4001664,large_analysis_output
artifacts/kather5k_jpi_revision/evaluation/frozen_resnet/partitions/selected_training_regime/FrozenResNet18/seed_89/fold_6_attribution_maps.csv,1569989,large_analysis_output
artifacts/kather5k_jpi_revision/evaluation/frozen_resnet/partitions/selected_training_regime/FrozenResNet18/seed_89/fold_6_deletion_curves.csv,217432,large_analysis_output
artifacts/kather5k_jpi_revision/evaluation/frozen_resnet/partitions/selected_training_regime/FrozenResNet18/seed_89/fold_6_metrics.csv,26852,large_analysis_output
artifacts/kather5k_jpi_revision/evaluation/frozen_resnet/partitions/selected_training_regime/FrozenResNet18/seed_89/fold_6_occlusion_scores.csv,1727849,large_analysis_output
artifacts/kather5k_jpi_revision/evaluation/frozen_resnet/partitions/selected_training_regime/FrozenResNet18/seed_89/fold_7_attribution_maps.csv,1276165,large_analysis_output
artifacts/kather5k_jpi_revision/evaluation/frozen_resnet/partitions/selected_training_regime/FrozenResNet18/seed_89/fold_7_deletion_curves.csv,176722,large_analysis_output
artifacts/kather5k_jpi_revision/evaluation/frozen_resnet/partitions/selected_training_regime/FrozenResNet18/seed_89/fold_7_metrics.csv,22254,large_analysis_output
artifacts/kather5k_jpi_revision/evaluation/frozen_resnet/partitions/selected_training_regime/FrozenResNet18/seed_89/fold_7_occlusion_scores.csv,1403369,large_analysis_output
artifacts/kather5k_jpi_revision/evaluation/frozen_resnet/partitions/selected_training_regime/FrozenResNet18/seed_89/fold_8_attribution_maps.csv,1176013,large_analysis_output
artifacts/kather5k_jpi_revision/evaluation/frozen_resnet/partitions/selected_training_regime/FrozenResNet18/seed_89/fold_8_deletion_curves.csv,162921,large_analysis_output
artifacts/kather5k_jpi_revision/evaluation/frozen_resnet/partitions/selected_training_regime/FrozenResNet18/seed_89/fold_8_metrics.csv,20761,large_analysis_output
artifacts/kather5k_jpi_revision/evaluation/frozen_resnet/partitions/selected_training_regime/FrozenResNet18/seed_89/fold_8_occlusion_scores.csv,1292720,large_analysis_output
artifacts/kather5k_jpi_revision/evaluation/frozen_resnet/partitions/selected_training_regime/FrozenResNet18/seed_89/fold_9_attribution_maps.csv,3042427,large_analysis_output
artifacts/kather5k_jpi_revision/evaluation/frozen_resnet/partitions/selected_training_regime/FrozenResNet18/seed_89/fold_9_deletion_curves.csv,420650,large_analysis_output
artifacts/kather5k_jpi_revision/evaluation/frozen_resnet/partitions/selected_training_regime/FrozenResNet18/seed_89/fold_9_metrics.csv,49981,large_analysis_output
artifacts/kather5k_jpi_revision/evaluation/frozen_resnet/partitions/selected_training_regime/FrozenResNet18/seed_89/fold_9_occlusion_scores.csv,3337093,large_analysis_output
artifacts/kather5k_jpi_revision/evaluation/frozen_resnet/partitions/selected_training_regime/ResNet18/seed_11/fold_0_attribution_maps.csv,1264525,large_analysis_output
artifacts/kather5k_jpi_revision/evaluation/frozen_resnet/partitions/selected_training_regime/ResNet18/seed_11/fold_0_deletion_curves.csv,174984,large_analysis_output
artifacts/kather5k_jpi_revision/evaluation/frozen_resnet/partitions/selected_training_regime/ResNet18/seed_11/fold_0_metrics.csv,22321,large_analysis_output
artifacts/kather5k_jpi_revision/evaluation/frozen_resnet/partitions/selected_training_regime/ResNet18/seed_11/fold_0_occlusion_scores.csv,1388549,large_analysis_output
artifacts/kather5k_jpi_revision/evaluation/frozen_resnet/partitions/selected_training_regime/ResNet18/seed_11/fold_1_attribution_maps.csv,873006,large_analysis_output
artifacts/kather5k_jpi_revision/evaluation/frozen_resnet/partitions/selected_training_regime/ResNet18/seed_11/fold_1_deletion_curves.csv,121069,large_analysis_output
artifacts/kather5k_jpi_revision/evaluation/frozen_resnet/partitions/selected_training_regime/ResNet18/seed_11/fold_1_metrics.csv,16076,large_analysis_output
artifacts/kather5k_jpi_revision/evaluation/frozen_resnet/partitions/selected_training_regime/ResNet18/seed_11/fold_1_occlusion_scores.csv,957739,large_analysis_output
artifacts/kather5k_jpi_revision/evaluation/frozen_resnet/partitions/selected_training_regime/ResNet18/seed_11/fold_2_attribution_maps.csv,1271815,large_analysis_output
artifacts/kather5k_jpi_revision/evaluation/frozen_resnet/partitions/selected_training_regime/ResNet18/seed_11/fold_2_deletion_curves.csv,175842,large_analysis_output
artifacts/kather5k_jpi_revision/evaluation/frozen_resnet/partitions/selected_training_regime/ResNet18/seed_11/fold_2_metrics.csv,22199,large_analysis_output
artifacts/kather5k_jpi_revision/evaluation/frozen_resnet/partitions/selected_training_regime/ResNet18/seed_11/fold_2_occlusion_scores.csv,1393712,large_analysis_output
artifacts/kather5k_jpi_revision/evaluation/frozen_resnet/partitions/selected_training_regime/ResNet18/seed_11/fold_3_attribution_maps.csv,1458292,large_analysis_output
artifacts/kather5k_jpi_revision/evaluation/frozen_resnet/partitions/selected_training_regime/ResNet18/seed_11/fold_3_deletion_curves.csv,201669,large_analysis_output
artifacts/kather5k_jpi_revision/evaluation/frozen_resnet/partitions/selected_training_regime/ResNet18/seed_11/fold_3_metrics.csv,25333,large_analysis_output
artifacts/kather5k_jpi_revision/evaluation/frozen_resnet/partitions/selected_training_regime/ResNet18/seed_11/fold_3_occlusion_scores.csv,1598818,large_analysis_output
artifacts/kather5k_jpi_revision/evaluation/frozen_resnet/partitions/selected_training_regime/ResNet18/seed_11/fold_4_attribution_maps.csv,2240095,large_analysis_output
artifacts/kather5k_jpi_revision/evaluation/frozen_resnet/partitions/selected_training_regime/ResNet18/seed_11/fold_4_deletion_curves.csv,309592,large_analysis_output
artifacts/kather5k_jpi_revision/evaluation/frozen_resnet/partitions/selected_training_regime/ResNet18/seed_11/fold_4_metrics.csv,37496,large_analysis_output
artifacts/kather5k_jpi_revision/evaluation/frozen_resnet/partitions/selected_training_regime/ResNet18/seed_11/fold_4_occlusion_scores.csv,2457644,large_analysis_output
artifacts/kather5k_jpi_revision/evaluation/frozen_resnet/partitions/selected_training_regime/ResNet18/seed_11/fold_5_attribution_maps.csv,3801130,large_analysis_output
artifacts/kather5k_jpi_revision/evaluation/frozen_resnet/partitions/selected_training_regime/ResNet18/seed_11/fold_5_deletion_curves.csv,525386,large_analysis_output
artifacts/kather5k_jpi_revision/evaluation/frozen_resnet/partitions/selected_training_regime/ResNet18/seed_11/fold_5_metrics.csv,62268,large_analysis_output
artifacts/kather5k_jpi_revision/evaluation/frozen_resnet/partitions/selected_training_regime/ResNet18/seed_11/fold_5_occlusion_scores.csv,4169809,large_analysis_output
artifacts/kather5k_jpi_revision/evaluation/frozen_resnet/partitions/selected_training_regime/ResNet18/seed_11/fold_6_attribution_maps.csv,1651913,large_analysis_output
artifacts/kather5k_jpi_revision/evaluation/frozen_resnet/partitions/selected_training_regime/ResNet18/seed_11/fold_6_deletion_curves.csv,228736,large_analysis_output
artifacts/kather5k_jpi_revision/evaluation/frozen_resnet/partitions/selected_training_regime/ResNet18/seed_11/fold_6_metrics.csv,28348,large_analysis_output
artifacts/kather5k_jpi_revision/evaluation/frozen_resnet/partitions/selected_training_regime/ResNet18/seed_11/fold_6_occlusion_scores.csv,1812960,large_analysis_output
artifacts/kather5k_jpi_revision/evaluation/frozen_resnet/partitions/selected_training_regime/ResNet18/seed_11/fold_7_attribution_maps.csv,975351,large_analysis_output
artifacts/kather5k_jpi_revision/evaluation/frozen_resnet/partitions/selected_training_regime/ResNet18/seed_11/fold_7_deletion_curves.csv,134878,large_analysis_output
artifacts/kather5k_jpi_revision/evaluation/frozen_resnet/partitions/selected_training_regime/ResNet18/seed_11/fold_7_metrics.csv,17589,large_analysis_output
artifacts/kather5k_jpi_revision/evaluation/frozen_resnet/partitions/selected_training_regime/ResNet18/seed_11/fold_7_occlusion_scores.csv,1069387,large_analysis_output
artifacts/kather5k_jpi_revision/evaluation/frozen_resnet/partitions/selected_training_regime/ResNet18/seed_11/fold_8_attribution_maps.csv,1357170,large_analysis_output
artifacts/kather5k_jpi_revision/evaluation/frozen_resnet/partitions/selected_training_regime/ResNet18/seed_11/fold_8_deletion_curves.csv,187869,large_analysis_output
artifacts/kather5k_jpi_revision/evaluation/frozen_resnet/partitions/selected_training_regime/ResNet18/seed_11/fold_8_metrics.csv,23718,large_analysis_output
artifacts/kather5k_jpi_revision/evaluation/frozen_resnet/partitions/selected_training_regime/ResNet18/seed_11/fold_8_occlusion_scores.csv,1488522,large_analysis_output
artifacts/kather5k_jpi_revision/evaluation/frozen_resnet/partitions/selected_training_regime/ResNet18/seed_11/fold_9_attribution_maps.csv,3015515,large_analysis_output
artifacts/kather5k_jpi_revision/evaluation/frozen_resnet/partitions/selected_training_regime/ResNet18/seed_11/fold_9_deletion_curves.csv,416555,large_analysis_output
artifacts/kather5k_jpi_revision/evaluation/frozen_resnet/partitions/selected_training_regime/ResNet18/seed_11/fold_9_metrics.csv,49858,large_analysis_output
artifacts/kather5k_jpi_revision/evaluation/frozen_resnet/partitions/selected_training_regime/ResNet18/seed_11/fold_9_occlusion_scores.csv,3309164,large_analysis_output
artifacts/kather5k_jpi_revision/evaluation/frozen_resnet/partitions/selected_training_regime/ResNet18/seed_181/fold_0_attribution_maps.csv,1167351,large_analysis_output
artifacts/kather5k_jpi_revision/evaluation/frozen_resnet/partitions/selected_training_regime/ResNet18/seed_181/fold_0_deletion_curves.csv,161636,large_analysis_output
artifacts/kather5k_jpi_revision/evaluation/frozen_resnet/partitions/selected_training_regime/ResNet18/seed_181/fold_0_metrics.csv,20738,large_analysis_output
artifacts/kather5k_jpi_revision/evaluation/frozen_resnet/partitions/selected_training_regime/ResNet18/seed_181/fold_0_occlusion_scores.csv,1281519,large_analysis_output
artifacts/kather5k_jpi_revision/evaluation/frozen_resnet/partitions/selected_training_regime/ResNet18/seed_181/fold_1_attribution_maps.csv,779054,large_analysis_output
artifacts/kather5k_jpi_revision/evaluation/frozen_resnet/partitions/selected_training_regime/ResNet18/seed_181/fold_1_deletion_curves.csv,107766,large_analysis_output
artifacts/kather5k_jpi_revision/evaluation/frozen_resnet/partitions/selected_training_regime/ResNet18/seed_181/fold_1_metrics.csv,14566,large_analysis_output
artifacts/kather5k_jpi_revision/evaluation/frozen_resnet/partitions/selected_training_regime/ResNet18/seed_181/fold_1_occlusion_scores.csv,854157,large_analysis_output
artifacts/kather5k_jpi_revision/evaluation/frozen_resnet/partitions/selected_training_regime/ResNet18/seed_181/fold_2_attribution_maps.csv,1472683,large_analysis_output
artifacts/kather5k_jpi_revision/evaluation/frozen_resnet/partitions/selected_training_regime/ResNet18/seed_181/fold_2_deletion_curves.csv,203512,large_analysis_output
artifacts/kather5k_jpi_revision/evaluation/frozen_resnet/partitions/selected_training_regime/ResNet18/seed_181/fold_2_metrics.csv,25294,large_analysis_output
artifacts/kather5k_jpi_revision/evaluation/frozen_resnet/partitions/selected_training_regime/ResNet18/seed_181/fold_2_occlusion_scores.csv,1613612,large_analysis_output
artifacts/kather5k_jpi_revision/evaluation/frozen_resnet/partitions/selected_training_regime/ResNet18/seed_181/fold_3_attribution_maps.csv,1362715,large_analysis_output
artifacts/kather5k_jpi_revision/evaluation/frozen_resnet/partitions/selected_training_regime/ResNet18/seed_181/fold_3_deletion_curves.csv,188641,large_analysis_output
artifacts/kather5k_jpi_revision/evaluation/frozen_resnet/partitions/selected_training_regime/ResNet18/seed_181/fold_3_metrics.csv,23816,large_analysis_output
artifacts/kather5k_jpi_revision/evaluation/frozen_resnet/partitions/selected_training_regime/ResNet18/seed_181/fold_3_occlusion_scores.csv,1494497,large_analysis_output
artifacts/kather5k_jpi_revision/evaluation/frozen_resnet/partitions/selected_training_regime/ResNet18/seed_181/fold_4_attribution_maps.csv,2341656,large_analysis_output
artifacts/kather5k_jpi_revision/evaluation/frozen_resnet/partitions/selected_training_regime/ResNet18/seed_181/fold_4_deletion_curves.csv,323632,large_analysis_output
artifacts/kather5k_jpi_revision/evaluation/frozen_resnet/partitions/selected_training_regime/ResNet18/seed_181/fold_4_metrics.csv,39099,large_analysis_output
artifacts/kather5k_jpi_revision/evaluation/frozen_resnet/partitions/selected_training_regime/ResNet18/seed_181/fold_4_occlusion_scores.csv,2569014,large_analysis_output
artifacts/kather5k_jpi_revision/evaluation/frozen_resnet/partitions/selected_training_regime/ResNet18/seed_181/fold_5_attribution_maps.csv,3613511,large_analysis_output
artifacts/kather5k_jpi_revision/evaluation/frozen_resnet/partitions/selected_training_regime/ResNet18/seed_181/fold_5_deletion_curves.csv,499022,large_analysis_output
artifacts/kather5k_jpi_revision/evaluation/frozen_resnet/partitions/selected_training_regime/ResNet18/seed_181/fold_5_metrics.csv,59021,large_analysis_output
artifacts/kather5k_jpi_revision/evaluation/frozen_resnet/partitions/selected_training_regime/ResNet18/seed_181/fold_5_occlusion_scores.csv,3964291,large_analysis_output
artifacts/kather5k_jpi_revision/evaluation/frozen_resnet/partitions/selected_training_regime/ResNet18/seed_181/fold_6_attribution_maps.csv,1752029,large_analysis_output
artifacts/kather5k_jpi_revision/evaluation/frozen_resnet/partitions/selected_training_regime/ResNet18/seed_181/fold_6_deletion_curves.csv,242608,large_analysis_output
artifacts/kather5k_jpi_revision/evaluation/frozen_resnet/partitions/selected_training_regime/ResNet18/seed_181/fold_6_metrics.csv,29868,large_analysis_output
artifacts/kather5k_jpi_revision/evaluation/frozen_resnet/partitions/selected_training_regime/ResNet18/seed_181/fold_6_occlusion_scores.csv,1923105,large_analysis_output
artifacts/kather5k_jpi_revision/evaluation/frozen_resnet/partitions/selected_training_regime/ResNet18/seed_181/fold_7_attribution_maps.csv,1166714,large_analysis_output
artifacts/kather5k_jpi_revision/evaluation/frozen_resnet/partitions/selected_training_regime/ResNet18/seed_181/fold_7_deletion_curves.csv,161567,large_analysis_output
artifacts/kather5k_jpi_revision/evaluation/frozen_resnet/partitions/selected_training_regime/ResNet18/seed_181/fold_7_metrics.csv,20748,large_analysis_output
artifacts/kather5k_jpi_revision/evaluation/frozen_resnet/partitions/selected_training_regime/ResNet18/seed_181/fold_7_occlusion_scores.csv,1279845,large_analysis_output
artifacts/kather5k_jpi_revision/evaluation/frozen_resnet/partitions/selected_training_regime/ResNet18/seed_181/fold_8_attribution_maps.csv,1361967,large_analysis_output
artifacts/kather5k_jpi_revision/evaluation/frozen_resnet/partitions/selected_training_regime/ResNet18/seed_181/fold_8_deletion_curves.csv,188329,large_analysis_output
artifacts/kather5k_jpi_revision/evaluation/frozen_resnet/partitions/selected_training_regime/ResNet18/seed_181/fold_8_metrics.csv,23681,large_analysis_output
artifacts/kather5k_jpi_revision/evaluation/frozen_resnet/partitions/selected_training_regime/ResNet18/seed_181/fold_8_occlusion_scores.csv,1493082,large_analysis_output
artifacts/kather5k_jpi_revision/evaluation/frozen_resnet/partitions/selected_training_regime/ResNet18/seed_181/fold_9_attribution_maps.csv,3023884,large_analysis_output
artifacts/kather5k_jpi_revision/evaluation/frozen_resnet/partitions/selected_training_regime/ResNet18/seed_181/fold_9_deletion_curves.csv,417682,large_analysis_output
artifacts/kather5k_jpi_revision/evaluation/frozen_resnet/partitions/selected_training_regime/ResNet18/seed_181/fold_9_metrics.csv,49884,large_analysis_output
artifacts/kather5k_jpi_revision/evaluation/frozen_resnet/partitions/selected_training_regime/ResNet18/seed_181/fold_9_occlusion_scores.csv,3317022,large_analysis_output
artifacts/kather5k_jpi_revision/evaluation/frozen_resnet/partitions/selected_training_regime/ResNet18/seed_89/fold_0_attribution_maps.csv,968786,large_analysis_output
artifacts/kather5k_jpi_revision/evaluation/frozen_resnet/partitions/selected_training_regime/ResNet18/seed_89/fold_0_deletion_curves.csv,134381,large_analysis_output
artifacts/kather5k_jpi_revision/evaluation/frozen_resnet/partitions/selected_training_regime/ResNet18/seed_89/fold_0_metrics.csv,17665,large_analysis_output
artifacts/kather5k_jpi_revision/evaluation/frozen_resnet/partitions/selected_training_regime/ResNet18/seed_89/fold_0_occlusion_scores.csv,1063668,large_analysis_output
artifacts/kather5k_jpi_revision/evaluation/frozen_resnet/partitions/selected_training_regime/ResNet18/seed_89/fold_1_attribution_maps.csv,677777,large_analysis_output
artifacts/kather5k_jpi_revision/evaluation/frozen_resnet/partitions/selected_training_regime/ResNet18/seed_89/fold_1_deletion_curves.csv,94163,large_analysis_output
artifacts/kather5k_jpi_revision/evaluation/frozen_resnet/partitions/selected_training_regime/ResNet18/seed_89/fold_1_metrics.csv,13013,large_analysis_output
artifacts/kather5k_jpi_revision/evaluation/frozen_resnet/partitions/selected_training_regime/ResNet18/seed_89/fold_1_occlusion_scores.csv,743735,large_analysis_output
artifacts/kather5k_jpi_revision/evaluation/frozen_resnet/partitions/selected_training_regime/ResNet18/seed_89/fold_2_attribution_maps.csv,1469208,large_analysis_output
artifacts/kather5k_jpi_revision/evaluation/frozen_resnet/partitions/selected_training_regime/ResNet18/seed_89/fold_2_deletion_curves.csv,203169,large_analysis_output
artifacts/kather5k_jpi_revision/evaluation/frozen_resnet/partitions/selected_training_regime/ResNet18/seed_89/fold_2_metrics.csv,25282,large_analysis_output
artifacts/kather5k_jpi_revision/evaluation/frozen_resnet/partitions/selected_training_regime/ResNet18/seed_89/fold_2_occlusion_scores.csv,1610254,large_analysis_output
artifacts/kather5k_jpi_revision/evaluation/frozen_resnet/partitions/selected_training_regime/ResNet18/seed_89/fold_3_attribution_maps.csv,1456894,large_analysis_output
artifacts/kather5k_jpi_revision/evaluation/frozen_resnet/partitions/selected_training_regime/ResNet18/seed_89/fold_3_deletion_curves.csv,201863,large_analysis_output
artifacts/kather5k_jpi_revision/evaluation/frozen_resnet/partitions/selected_training_regime/ResNet18/seed_89/fold_3_metrics.csv,25353,large_analysis_output
artifacts/kather5k_jpi_revision/evaluation/frozen_resnet/partitions/selected_training_regime/ResNet18/seed_89/fold_3_occlusion_scores.csv,1599085,large_analysis_output
artifacts/kather5k_jpi_revision/evaluation/frozen_resnet/partitions/selected_training_regime/ResNet18/seed_89/fold_4_attribution_maps.csv,2047661,large_analysis_output
artifacts/kather5k_jpi_revision/evaluation/frozen_resnet/partitions/selected_training_regime/ResNet18/seed_89/fold_4_deletion_curves.csv,282928,large_analysis_output
artifacts/kather5k_jpi_revision/evaluation/frozen_resnet/partitions/selected_training_regime/ResNet18/seed_89/fold_4_metrics.csv,34602,large_analysis_output
artifacts/kather5k_jpi_revision/evaluation/frozen_resnet/partitions/selected_training_regime/ResNet18/seed_89/fold_4_occlusion_scores.csv,2245851,large_analysis_output
artifacts/kather5k_jpi_revision/evaluation/frozen_resnet/partitions/selected_training_regime/ResNet18/seed_89/fold_5_attribution_maps.csv,3608362,large_analysis_output
artifacts/kather5k_jpi_revision/evaluation/frozen_resnet/partitions/selected_training_regime/ResNet18/seed_89/fold_5_deletion_curves.csv,498517,large_analysis_output
artifacts/kather5k_jpi_revision/evaluation/frozen_resnet/partitions/selected_training_regime/ResNet18/seed_89/fold_5_metrics.csv,59024,large_analysis_output
artifacts/kather5k_jpi_revision/evaluation/frozen_resnet/partitions/selected_training_regime/ResNet18/seed_89/fold_5_occlusion_scores.csv,3953512,large_analysis_output
artifacts/kather5k_jpi_revision/evaluation/frozen_resnet/partitions/selected_training_regime/ResNet18/seed_89/fold_6_attribution_maps.csv,1553197,large_analysis_output
artifacts/kather5k_jpi_revision/evaluation/frozen_resnet/partitions/selected_training_regime/ResNet18/seed_89/fold_6_deletion_curves.csv,215235,large_analysis_output
artifacts/kather5k_jpi_revision/evaluation/frozen_resnet/partitions/selected_training_regime/ResNet18/seed_89/fold_6_metrics.csv,26852,large_analysis_output
artifacts/kather5k_jpi_revision/evaluation/frozen_resnet/partitions/selected_training_regime/ResNet18/seed_89/fold_6_occlusion_scores.csv,1703462,large_analysis_output
artifacts/kather5k_jpi_revision/evaluation/frozen_resnet/partitions/selected_training_regime/ResNet18/seed_89/fold_7_attribution_maps.csv,1264834,large_analysis_output
artifacts/kather5k_jpi_revision/evaluation/frozen_resnet/partitions/selected_training_regime/ResNet18/seed_89/fold_7_deletion_curves.csv,175148,large_analysis_output
artifacts/kather5k_jpi_revision/evaluation/frozen_resnet/partitions/selected_training_regime/ResNet18/seed_89/fold_7_metrics.csv,22197,large_analysis_output
artifacts/kather5k_jpi_revision/evaluation/frozen_resnet/partitions/selected_training_regime/ResNet18/seed_89/fold_7_occlusion_scores.csv,1387533,large_analysis_output
artifacts/kather5k_jpi_revision/evaluation/frozen_resnet/partitions/selected_training_regime/ResNet18/seed_89/fold_8_attribution_maps.csv,1163432,large_analysis_output
artifacts/kather5k_jpi_revision/evaluation/frozen_resnet/partitions/selected_training_regime/ResNet18/seed_89/fold_8_deletion_curves.csv,161302,large_analysis_output
artifacts/kather5k_jpi_revision/evaluation/frozen_resnet/partitions/selected_training_regime/ResNet18/seed_89/fold_8_metrics.csv,20630,large_analysis_output
artifacts/kather5k_jpi_revision/evaluation/frozen_resnet/partitions/selected_training_regime/ResNet18/seed_89/fold_8_occlusion_scores.csv,1273988,large_analysis_output
artifacts/kather5k_jpi_revision/evaluation/frozen_resnet/partitions/selected_training_regime/ResNet18/seed_89/fold_9_attribution_maps.csv,3017922,large_analysis_output
artifacts/kather5k_jpi_revision/evaluation/frozen_resnet/partitions/selected_training_regime/ResNet18/seed_89/fold_9_deletion_curves.csv,417095,large_analysis_output
artifacts/kather5k_jpi_revision/evaluation/frozen_resnet/partitions/selected_training_regime/ResNet18/seed_89/fold_9_metrics.csv,49932,large_analysis_output
artifacts/kather5k_jpi_revision/evaluation/frozen_resnet/partitions/selected_training_regime/ResNet18/seed_89/fold_9_occlusion_scores.csv,3309355,large_analysis_output
artifacts/kather5k_jpi_revision/evaluation/grid/consolidated/attribution_maps.csv,165115434,large_analysis_output
artifacts/kather5k_jpi_revision/evaluation/grid/consolidated/deletion_curves.csv,42913354,large_analysis_output
artifacts/kather5k_jpi_revision/evaluation/grid/consolidated/image_seed_metrics.csv,4717120,large_analysis_output
artifacts/kather5k_jpi_revision/evaluation/grid/consolidated/occlusion_scores.csv,177767920,large_analysis_output
artifacts/kather5k_jpi_revision/evaluation/grid/partitions/selected_faithfulness/DINOv2/seed_11/fold_0_attribution_maps.csv,2149524,large_analysis_output
artifacts/kather5k_jpi_revision/evaluation/grid/partitions/selected_faithfulness/DINOv2/seed_11/fold_0_deletion_curves.csv,385827,large_analysis_output
artifacts/kather5k_jpi_revision/evaluation/grid/partitions/selected_faithfulness/DINOv2/seed_11/fold_0_metrics.csv,45372,large_analysis_output
artifacts/kather5k_jpi_revision/evaluation/grid/partitions/selected_faithfulness/DINOv2/seed_11/fold_0_occlusion_scores.csv,2305547,large_analysis_output
artifacts/kather5k_jpi_revision/evaluation/grid/partitions/selected_faithfulness/DINOv2/seed_11/fold_1_attribution_maps.csv,1073171,large_analysis_output
artifacts/kather5k_jpi_revision/evaluation/grid/partitions/selected_faithfulness/DINOv2/seed_11/fold_1_deletion_curves.csv,192623,large_analysis_output
artifacts/kather5k_jpi_revision/evaluation/grid/partitions/selected_faithfulness/DINOv2/seed_11/fold_1_metrics.csv,23705,large_analysis_output
artifacts/kather5k_jpi_revision/evaluation/grid/partitions/selected_faithfulness/DINOv2/seed_11/fold_1_occlusion_scores.csv,1149801,large_analysis_output
artifacts/kather5k_jpi_revision/evaluation/grid/partitions/selected_faithfulness/DINOv2/seed_11/fold_2_attribution_maps.csv,2009814,large_analysis_output
artifacts/kather5k_jpi_revision/evaluation/grid/partitions/selected_faithfulness/DINOv2/seed_11/fold_2_deletion_curves.csv,358557,large_analysis_output
artifacts/kather5k_jpi_revision/evaluation/grid/partitions/selected_faithfulness/DINOv2/seed_11/fold_2_metrics.csv,42122,large_analysis_output
artifacts/kather5k_jpi_revision/evaluation/grid/partitions/selected_faithfulness/DINOv2/seed_11/fold_2_occlusion_scores.csv,2149629,large_analysis_output
artifacts/kather5k_jpi_revision/evaluation/grid/partitions/selected_faithfulness/DINOv2/seed_11/fold_3_attribution_maps.csv,2306239,large_analysis_output
artifacts/kather5k_jpi_revision/evaluation/grid/partitions/selected_faithfulness/DINOv2/seed_11/fold_3_deletion_curves.csv,412113,large_analysis_output
artifacts/kather5k_jpi_revision/evaluation/grid/partitions/selected_faithfulness/DINOv2/seed_11/fold_3_metrics.csv,48319,large_analysis_output
artifacts/kather5k_jpi_revision/evaluation/grid/partitions/selected_faithfulness/DINOv2/seed_11/fold_3_occlusion_scores.csv,2465774,large_analysis_output
artifacts/kather5k_jpi_revision/evaluation/grid/partitions/selected_faithfulness/DINOv2/seed_11/fold_4_attribution_maps.csv,3542938,large_analysis_output
artifacts/kather5k_jpi_revision/evaluation/grid/partitions/selected_faithfulness/DINOv2/seed_11/fold_4_deletion_curves.csv,633621,large_analysis_output
artifacts/kather5k_jpi_revision/evaluation/grid/partitions/selected_faithfulness/DINOv2/seed_11/fold_4_metrics.csv,73067,large_analysis_output
artifacts/kather5k_jpi_revision/evaluation/grid/partitions/selected_faithfulness/DINOv2/seed_11/fold_4_occlusion_scores.csv,3797771,large_analysis_output
artifacts/kather5k_jpi_revision/evaluation/grid/partitions/selected_faithfulness/DINOv2/seed_11/fold_5_attribution_maps.csv,4625568,large_analysis_output
artifacts/kather5k_jpi_revision/evaluation/grid/partitions/selected_faithfulness/DINOv2/seed_11/fold_5_deletion_curves.csv,826241,large_analysis_output
artifacts/kather5k_jpi_revision/evaluation/grid/partitions/selected_faithfulness/DINOv2/seed_11/fold_5_metrics.csv,93568,large_analysis_output
artifacts/kather5k_jpi_revision/evaluation/grid/partitions/selected_faithfulness/DINOv2/seed_11/fold_5_occlusion_scores.csv,4949188,large_analysis_output
artifacts/kather5k_jpi_revision/evaluation/grid/partitions/selected_faithfulness/DINOv2/seed_11/fold_6_attribution_maps.csv,2148635,large_analysis_output
artifacts/kather5k_jpi_revision/evaluation/grid/partitions/selected_faithfulness/DINOv2/seed_11/fold_6_deletion_curves.csv,385365,large_analysis_output
artifacts/kather5k_jpi_revision/evaluation/grid/partitions/selected_faithfulness/DINOv2/seed_11/fold_6_metrics.csv,45204,large_analysis_output
artifacts/kather5k_jpi_revision/evaluation/grid/partitions/selected_faithfulness/DINOv2/seed_11/fold_6_occlusion_scores.csv,2308843,large_analysis_output
artifacts/kather5k_jpi_revision/evaluation/grid/partitions/selected_faithfulness/DINOv2/seed_11/fold_7_attribution_maps.csv,1999439,large_analysis_output
artifacts/kather5k_jpi_revision/evaluation/grid/partitions/selected_faithfulness/DINOv2/seed_11/fold_7_deletion_curves.csv,357652,large_analysis_output
artifacts/kather5k_jpi_revision/evaluation/grid/partitions/selected_faithfulness/DINOv2/seed_11/fold_7_metrics.csv,42067,large_analysis_output
artifacts/kather5k_jpi_revision/evaluation/grid/partitions/selected_faithfulness/DINOv2/seed_11/fold_7_occlusion_scores.csv,2141289,large_analysis_output
artifacts/kather5k_jpi_revision/evaluation/grid/partitions/selected_faithfulness/DINOv2/seed_11/fold_8_attribution_maps.csv,1993674,large_analysis_output
artifacts/kather5k_jpi_revision/evaluation/grid/partitions/selected_faithfulness/DINOv2/seed_11/fold_8_deletion_curves.csv,356982,large_analysis_output
artifacts/kather5k_jpi_revision/evaluation/grid/partitions/selected_faithfulness/DINOv2/seed_11/fold_8_metrics.csv,42056,large_analysis_output
artifacts/kather5k_jpi_revision/evaluation/grid/partitions/selected_faithfulness/DINOv2/seed_11/fold_8_occlusion_scores.csv,2134303,large_analysis_output
artifacts/kather5k_jpi_revision/evaluation/grid/partitions/selected_faithfulness/DINOv2/seed_11/fold_9_attribution_maps.csv,4150243,large_analysis_output
artifacts/kather5k_jpi_revision/evaluation/grid/partitions/selected_faithfulness/DINOv2/seed_11/fold_9_deletion_curves.csv,742518,large_analysis_output
artifacts/kather5k_jpi_revision/evaluation/grid/partitions/selected_faithfulness/DINOv2/seed_11/fold_9_metrics.csv,85311,large_analysis_output
artifacts/kather5k_jpi_revision/evaluation/grid/partitions/selected_faithfulness/DINOv2/seed_11/fold_9_occlusion_scores.csv,4441890,large_analysis_output
artifacts/kather5k_jpi_revision/evaluation/grid/partitions/selected_faithfulness/DINOv2/seed_181/fold_0_attribution_maps.csv,2302409,large_analysis_output
artifacts/kather5k_jpi_revision/evaluation/grid/partitions/selected_faithfulness/DINOv2/seed_181/fold_0_deletion_curves.csv,412672,large_analysis_output
artifacts/kather5k_jpi_revision/evaluation/grid/partitions/selected_faithfulness/DINOv2/seed_181/fold_0_metrics.csv,48283,large_analysis_output
artifacts/kather5k_jpi_revision/evaluation/grid/partitions/selected_faithfulness/DINOv2/seed_181/fold_0_occlusion_scores.csv,2466357,large_analysis_output
artifacts/kather5k_jpi_revision/evaluation/grid/partitions/selected_faithfulness/DINOv2/seed_181/fold_1_attribution_maps.csv,1075033,large_analysis_output
artifacts/kather5k_jpi_revision/evaluation/grid/partitions/selected_faithfulness/DINOv2/seed_181/fold_1_deletion_curves.csv,192743,large_analysis_output
artifacts/kather5k_jpi_revision/evaluation/grid/partitions/selected_faithfulness/DINOv2/seed_181/fold_1_metrics.csv,23717,large_analysis_output
artifacts/kather5k_jpi_revision/evaluation/grid/partitions/selected_faithfulness/DINOv2/seed_181/fold_1_occlusion_scores.csv,1151936,large_analysis_output
artifacts/kather5k_jpi_revision/evaluation/grid/partitions/selected_faithfulness/DINOv2/seed_181/fold_2_attribution_maps.csv,2480767,large_analysis_output
artifacts/kather5k_jpi_revision/evaluation/grid/partitions/selected_faithfulness/DINOv2/seed_181/fold_2_deletion_curves.csv,442565,large_analysis_output
artifacts/kather5k_jpi_revision/evaluation/grid/partitions/selected_faithfulness/DINOv2/seed_181/fold_2_metrics.csv,51190,large_analysis_output
artifacts/kather5k_jpi_revision/evaluation/grid/partitions/selected_faithfulness/DINOv2/seed_181/fold_2_occlusion_scores.csv,2654809,large_analysis_output
artifacts/kather5k_jpi_revision/evaluation/grid/partitions/selected_faithfulness/DINOv2/seed_181/fold_3_attribution_maps.csv,2311200,large_analysis_output
artifacts/kather5k_jpi_revision/evaluation/grid/partitions/selected_faithfulness/DINOv2/seed_181/fold_3_deletion_curves.csv,413169,large_analysis_output
artifacts/kather5k_jpi_revision/evaluation/grid/partitions/selected_faithfulness/DINOv2/seed_181/fold_3_metrics.csv,48398,large_analysis_output
artifacts/kather5k_jpi_revision/evaluation/grid/partitions/selected_faithfulness/DINOv2/seed_181/fold_3_occlusion_scores.csv,2472137,large_analysis_output
artifacts/kather5k_jpi_revision/evaluation/grid/partitions/selected_faithfulness/DINOv2/seed_181/fold_4_attribution_maps.csv,3857051,large_analysis_output
artifacts/kather5k_jpi_revision/evaluation/grid/partitions/selected_faithfulness/DINOv2/seed_181/fold_4_deletion_curves.csv,689722,large_analysis_output
artifacts/kather5k_jpi_revision/evaluation/grid/partitions/selected_faithfulness/DINOv2/seed_181/fold_4_metrics.csv,79143,large_analysis_output
artifacts/kather5k_jpi_revision/evaluation/grid/partitions/selected_faithfulness/DINOv2/seed_181/fold_4_occlusion_scores.csv,4137511,large_analysis_output
artifacts/kather5k_jpi_revision/evaluation/grid/partitions/selected_faithfulness/DINOv2/seed_181/fold_5_attribution_maps.csv,5410995,large_analysis_output
artifacts/kather5k_jpi_revision/evaluation/grid/partitions/selected_faithfulness/DINOv2/seed_181/fold_5_deletion_curves.csv,965505,large_analysis_output
artifacts/kather5k_jpi_revision/evaluation/grid/partitions/selected_faithfulness/DINOv2/seed_181/fold_5_metrics.csv,109004,large_analysis_output
artifacts/kather5k_jpi_revision/evaluation/grid/partitions/selected_faithfulness/DINOv2/seed_181/fold_5_occlusion_scores.csv,5794349,large_analysis_output
artifacts/kather5k_jpi_revision/evaluation/grid/partitions/selected_faithfulness/DINOv2/seed_181/fold_6_attribution_maps.csv,2456517,large_analysis_output
artifacts/kather5k_jpi_revision/evaluation/grid/partitions/selected_faithfulness/DINOv2/seed_181/fold_6_deletion_curves.csv,440741,large_analysis_output
artifacts/kather5k_jpi_revision/evaluation/grid/partitions/selected_faithfulness/DINOv2/seed_181/fold_6_metrics.csv,51426,large_analysis_output
artifacts/kather5k_jpi_revision/evaluation/grid/partitions/selected_faithfulness/DINOv2/seed_181/fold_6_occlusion_scores.csv,2641466,large_analysis_output
artifacts/kather5k_jpi_revision/evaluation/grid/partitions/selected_faithfulness/DINOv2/seed_181/fold_7_attribution_maps.csv,2002071,large_analysis_output
artifacts/kather5k_jpi_revision/evaluation/grid/partitions/selected_faithfulness/DINOv2/seed_181/fold_7_deletion_curves.csv,358112,large_analysis_output
artifacts/kather5k_jpi_revision/evaluation/grid/partitions/selected_faithfulness/DINOv2/seed_181/fold_7_metrics.csv,42126,large_analysis_output
artifacts/kather5k_jpi_revision/evaluation/grid/partitions/selected_faithfulness/DINOv2/seed_181/fold_7_occlusion_scores.csv,2144738,large_analysis_output
artifacts/kather5k_jpi_revision/evaluation/grid/partitions/selected_faithfulness/DINOv2/seed_181/fold_8_attribution_maps.csv,1846809,large_analysis_output
artifacts/kather5k_jpi_revision/evaluation/grid/partitions/selected_faithfulness/DINOv2/seed_181/fold_8_deletion_curves.csv,330585,large_analysis_output
artifacts/kather5k_jpi_revision/evaluation/grid/partitions/selected_faithfulness/DINOv2/seed_181/fold_8_metrics.csv,39132,large_analysis_output
artifacts/kather5k_jpi_revision/evaluation/grid/partitions/selected_faithfulness/DINOv2/seed_181/fold_8_occlusion_scores.csv,1977314,large_analysis_output
artifacts/kather5k_jpi_revision/evaluation/grid/partitions/selected_faithfulness/DINOv2/seed_181/fold_9_attribution_maps.csv,4620606,large_analysis_output
artifacts/kather5k_jpi_revision/evaluation/grid/partitions/selected_faithfulness/DINOv2/seed_181/fold_9_deletion_curves.csv,825022,large_analysis_output
artifacts/kather5k_jpi_revision/evaluation/grid/partitions/selected_faithfulness/DINOv2/seed_181/fold_9_metrics.csv,94094,large_analysis_output
artifacts/kather5k_jpi_revision/evaluation/grid/partitions/selected_faithfulness/DINOv2/seed_181/fold_9_occlusion_scores.csv,4940056,large_analysis_output
artifacts/kather5k_jpi_revision/evaluation/grid/partitions/selected_faithfulness/DINOv2/seed_89/fold_0_attribution_maps.csv,2143932,large_analysis_output
artifacts/kather5k_jpi_revision/evaluation/grid/partitions/selected_faithfulness/DINOv2/seed_89/fold_0_deletion_curves.csv,384080,large_analysis_output
artifacts/kather5k_jpi_revision/evaluation/grid/partitions/selected_faithfulness/DINOv2/seed_89/fold_0_metrics.csv,44953,large_analysis_output
artifacts/kather5k_jpi_revision/evaluation/grid/partitions/selected_faithfulness/DINOv2/seed_89/fold_0_occlusion_scores.csv,2295047,large_analysis_output
artifacts/kather5k_jpi_revision/evaluation/grid/partitions/selected_faithfulness/DINOv2/seed_89/fold_1_attribution_maps.csv,1072033,large_analysis_output
artifacts/kather5k_jpi_revision/evaluation/grid/partitions/selected_faithfulness/DINOv2/seed_89/fold_1_deletion_curves.csv,192303,large_analysis_output
artifacts/kather5k_jpi_revision/evaluation/grid/partitions/selected_faithfulness/DINOv2/seed_89/fold_1_metrics.csv,23626,large_analysis_output
artifacts/kather5k_jpi_revision/evaluation/grid/partitions/selected_faithfulness/DINOv2/seed_89/fold_1_occlusion_scores.csv,1148699,large_analysis_output
artifacts/kather5k_jpi_revision/evaluation/grid/partitions/selected_faithfulness/DINOv2/seed_89/fold_2_attribution_maps.csv,2476505,large_analysis_output
artifacts/kather5k_jpi_revision/evaluation/grid/partitions/selected_faithfulness/DINOv2/seed_89/fold_2_deletion_curves.csv,442055,large_analysis_output
artifacts/kather5k_jpi_revision/evaluation/grid/partitions/selected_faithfulness/DINOv2/seed_89/fold_2_metrics.csv,51138,large_analysis_output
artifacts/kather5k_jpi_revision/evaluation/grid/partitions/selected_faithfulness/DINOv2/seed_89/fold_2_occlusion_scores.csv,2650212,large_analysis_output
artifacts/kather5k_jpi_revision/evaluation/grid/partitions/selected_faithfulness/DINOv2/seed_89/fold_3_attribution_maps.csv,2305855,large_analysis_output
artifacts/kather5k_jpi_revision/evaluation/grid/partitions/selected_faithfulness/DINOv2/seed_89/fold_3_deletion_curves.csv,412219,large_analysis_output
artifacts/kather5k_jpi_revision/evaluation/grid/partitions/selected_faithfulness/DINOv2/seed_89/fold_3_metrics.csv,48218,large_analysis_output
artifacts/kather5k_jpi_revision/evaluation/grid/partitions/selected_faithfulness/DINOv2/seed_89/fold_3_occlusion_scores.csv,2465214,large_analysis_output
artifacts/kather5k_jpi_revision/evaluation/grid/partitions/selected_faithfulness/DINOv2/seed_89/fold_4_attribution_maps.csv,3696145,large_analysis_output
artifacts/kather5k_jpi_revision/evaluation/grid/partitions/selected_faithfulness/DINOv2/seed_89/fold_4_deletion_curves.csv,660774,large_analysis_output
artifacts/kather5k_jpi_revision/evaluation/grid/partitions/selected_faithfulness/DINOv2/seed_89/fold_4_metrics.csv,76150,large_analysis_output
artifacts/kather5k_jpi_revision/evaluation/grid/partitions/selected_faithfulness/DINOv2/seed_89/fold_4_occlusion_scores.csv,3959774,large_analysis_output
artifacts/kather5k_jpi_revision/evaluation/grid/partitions/selected_faithfulness/DINOv2/seed_89/fold_5_attribution_maps.csv,4628668,large_analysis_output
artifacts/kather5k_jpi_revision/evaluation/grid/partitions/selected_faithfulness/DINOv2/seed_89/fold_5_deletion_curves.csv,827093,large_analysis_output
artifacts/kather5k_jpi_revision/evaluation/grid/partitions/selected_faithfulness/DINOv2/seed_89/fold_5_metrics.csv,94136,large_analysis_output
artifacts/kather5k_jpi_revision/evaluation/grid/partitions/selected_faithfulness/DINOv2/seed_89/fold_5_occlusion_scores.csv,4955839,large_analysis_output
artifacts/kather5k_jpi_revision/evaluation/grid/partitions/selected_faithfulness/DINOv2/seed_89/fold_6_attribution_maps.csv,2146069,large_analysis_output
artifacts/kather5k_jpi_revision/evaluation/grid/partitions/selected_faithfulness/DINOv2/seed_89/fold_6_deletion_curves.csv,385146,large_analysis_output
artifacts/kather5k_jpi_revision/evaluation/grid/partitions/selected_faithfulness/DINOv2/seed_89/fold_6_metrics.csv,45138,large_analysis_output
artifacts/kather5k_jpi_revision/evaluation/grid/partitions/selected_faithfulness/DINOv2/seed_89/fold_6_occlusion_scores.csv,2306225,large_analysis_output
artifacts/kather5k_jpi_revision/evaluation/grid/partitions/selected_faithfulness/DINOv2/seed_89/fold_7_attribution_maps.csv,1998861,large_analysis_output
artifacts/kather5k_jpi_revision/evaluation/grid/partitions/selected_faithfulness/DINOv2/seed_89/fold_7_deletion_curves.csv,357701,large_analysis_output
artifacts/kather5k_jpi_revision/evaluation/grid/partitions/selected_faithfulness/DINOv2/seed_89/fold_7_metrics.csv,42100,large_analysis_output
artifacts/kather5k_jpi_revision/evaluation/grid/partitions/selected_faithfulness/DINOv2/seed_89/fold_7_occlusion_scores.csv,2139914,large_analysis_output
artifacts/kather5k_jpi_revision/evaluation/grid/partitions/selected_faithfulness/DINOv2/seed_89/fold_8_attribution_maps.csv,1840463,large_analysis_output
artifacts/kather5k_jpi_revision/evaluation/grid/partitions/selected_faithfulness/DINOv2/seed_89/fold_8_deletion_curves.csv,329345,large_analysis_output
artifacts/kather5k_jpi_revision/evaluation/grid/partitions/selected_faithfulness/DINOv2/seed_89/fold_8_metrics.csv,39023,large_analysis_output
artifacts/kather5k_jpi_revision/evaluation/grid/partitions/selected_faithfulness/DINOv2/seed_89/fold_8_occlusion_scores.csv,1969255,large_analysis_output
artifacts/kather5k_jpi_revision/evaluation/grid/partitions/selected_faithfulness/DINOv2/seed_89/fold_9_attribution_maps.csv,4459652,large_analysis_output
artifacts/kather5k_jpi_revision/evaluation/grid/partitions/selected_faithfulness/DINOv2/seed_89/fold_9_deletion_curves.csv,797434,large_analysis_output
artifacts/kather5k_jpi_revision/evaluation/grid/partitions/selected_faithfulness/DINOv2/seed_89/fold_9_metrics.csv,91141,large_analysis_output
artifacts/kather5k_jpi_revision/evaluation/grid/partitions/selected_faithfulness/DINOv2/seed_89/fold_9_occlusion_scores.csv,4772345,large_analysis_output
artifacts/kather5k_jpi_revision/evaluation/grid/partitions/selected_faithfulness/ResNet18/seed_11/fold_0_attribution_maps.csv,499163,large_analysis_output
artifacts/kather5k_jpi_revision/evaluation/grid/partitions/selected_faithfulness/ResNet18/seed_11/fold_0_deletion_curves.csv,373152,large_analysis_output
artifacts/kather5k_jpi_revision/evaluation/grid/partitions/selected_faithfulness/ResNet18/seed_11/fold_0_metrics.csv,44486,large_analysis_output
artifacts/kather5k_jpi_revision/evaluation/grid/partitions/selected_faithfulness/ResNet18/seed_11/fold_0_occlusion_scores.csv,556380,large_analysis_output
artifacts/kather5k_jpi_revision/evaluation/grid/partitions/selected_faithfulness/ResNet18/seed_11/fold_1_attribution_maps.csv,248742,large_analysis_output
artifacts/kather5k_jpi_revision/evaluation/grid/partitions/selected_faithfulness/ResNet18/seed_11/fold_1_deletion_curves.csv,186074,large_analysis_output
artifacts/kather5k_jpi_revision/evaluation/grid/partitions/selected_faithfulness/ResNet18/seed_11/fold_1_metrics.csv,23268,large_analysis_output
artifacts/kather5k_jpi_revision/evaluation/grid/partitions/selected_faithfulness/ResNet18/seed_11/fold_1_occlusion_scores.csv,276837,large_analysis_output
artifacts/kather5k_jpi_revision/evaluation/grid/partitions/selected_faithfulness/ResNet18/seed_11/fold_2_attribution_maps.csv,466320,large_analysis_output
artifacts/kather5k_jpi_revision/evaluation/grid/partitions/selected_faithfulness/ResNet18/seed_11/fold_2_deletion_curves.csv,348410,large_analysis_output
artifacts/kather5k_jpi_revision/evaluation/grid/partitions/selected_faithfulness/ResNet18/seed_11/fold_2_metrics.csv,41530,large_analysis_output
artifacts/kather5k_jpi_revision/evaluation/grid/partitions/selected_faithfulness/ResNet18/seed_11/fold_2_occlusion_scores.csv,519188,large_analysis_output
artifacts/kather5k_jpi_revision/evaluation/grid/partitions/selected_faithfulness/ResNet18/seed_11/fold_3_attribution_maps.csv,534391,large_analysis_output
artifacts/kather5k_jpi_revision/evaluation/grid/partitions/selected_faithfulness/ResNet18/seed_11/fold_3_deletion_curves.csv,399302,large_analysis_output
artifacts/kather5k_jpi_revision/evaluation/grid/partitions/selected_faithfulness/ResNet18/seed_11/fold_3_metrics.csv,47514,large_analysis_output
artifacts/kather5k_jpi_revision/evaluation/grid/partitions/selected_faithfulness/ResNet18/seed_11/fold_3_occlusion_scores.csv,595247,large_analysis_output
artifacts/kather5k_jpi_revision/evaluation/grid/partitions/selected_faithfulness/ResNet18/seed_11/fold_4_attribution_maps.csv,821393,large_analysis_output
artifacts/kather5k_jpi_revision/evaluation/grid/partitions/selected_faithfulness/ResNet18/seed_11/fold_4_deletion_curves.csv,613387,large_analysis_output
artifacts/kather5k_jpi_revision/evaluation/grid/partitions/selected_faithfulness/ResNet18/seed_11/fold_4_metrics.csv,71293,large_analysis_output
artifacts/kather5k_jpi_revision/evaluation/grid/partitions/selected_faithfulness/ResNet18/seed_11/fold_4_occlusion_scores.csv,914370,large_analysis_output
artifacts/kather5k_jpi_revision/evaluation/grid/partitions/selected_faithfulness/ResNet18/seed_11/fold_5_attribution_maps.csv,1070872,large_analysis_output
artifacts/kather5k_jpi_revision/evaluation/grid/partitions/selected_faithfulness/ResNet18/seed_11/fold_5_deletion_curves.csv,800502,large_analysis_output
artifacts/kather5k_jpi_revision/evaluation/grid/partitions/selected_faithfulness/ResNet18/seed_11/fold_5_metrics.csv,92630,large_analysis_output
artifacts/kather5k_jpi_revision/evaluation/grid/partitions/selected_faithfulness/ResNet18/seed_11/fold_5_occlusion_scores.csv,1193045,large_analysis_output
artifacts/kather5k_jpi_revision/evaluation/grid/partitions/selected_faithfulness/ResNet18/seed_11/fold_6_attribution_maps.csv,498255,large_analysis_output
artifacts/kather5k_jpi_revision/evaluation/grid/partitions/selected_faithfulness/ResNet18/seed_11/fold_6_deletion_curves.csv,373024,large_analysis_output
artifacts/kather5k_jpi_revision/evaluation/grid/partitions/selected_faithfulness/ResNet18/seed_11/fold_6_metrics.csv,44506,large_analysis_output
artifacts/kather5k_jpi_revision/evaluation/grid/partitions/selected_faithfulness/ResNet18/seed_11/fold_6_occlusion_scores.csv,555925,large_analysis_output
artifacts/kather5k_jpi_revision/evaluation/grid/partitions/selected_faithfulness/ResNet18/seed_11/fold_7_attribution_maps.csv,463817,large_analysis_output
artifacts/kather5k_jpi_revision/evaluation/grid/partitions/selected_faithfulness/ResNet18/seed_11/fold_7_deletion_curves.csv,346484,large_analysis_output
artifacts/kather5k_jpi_revision/evaluation/grid/partitions/selected_faithfulness/ResNet18/seed_11/fold_7_metrics.csv,41305,large_analysis_output
artifacts/kather5k_jpi_revision/evaluation/grid/partitions/selected_faithfulness/ResNet18/seed_11/fold_7_occlusion_scores.csv,516162,large_analysis_output
artifacts/kather5k_jpi_revision/evaluation/grid/partitions/selected_faithfulness/ResNet18/seed_11/fold_8_attribution_maps.csv,461815,large_analysis_output
artifacts/kather5k_jpi_revision/evaluation/grid/partitions/selected_faithfulness/ResNet18/seed_11/fold_8_deletion_curves.csv,345590,large_analysis_output
artifacts/kather5k_jpi_revision/evaluation/grid/partitions/selected_faithfulness/ResNet18/seed_11/fold_8_metrics.csv,41427,large_analysis_output
artifacts/kather5k_jpi_revision/evaluation/grid/partitions/selected_faithfulness/ResNet18/seed_11/fold_8_occlusion_scores.csv,514151,large_analysis_output
artifacts/kather5k_jpi_revision/evaluation/grid/partitions/selected_faithfulness/ResNet18/seed_11/fold_9_attribution_maps.csv,962835,large_analysis_output
artifacts/kather5k_jpi_revision/evaluation/grid/partitions/selected_faithfulness/ResNet18/seed_11/fold_9_deletion_curves.csv,719285,large_analysis_output
artifacts/kather5k_jpi_revision/evaluation/grid/partitions/selected_faithfulness/ResNet18/seed_11/fold_9_metrics.csv,83511,large_analysis_output
artifacts/kather5k_jpi_revision/evaluation/grid/partitions/selected_faithfulness/ResNet18/seed_11/fold_9_occlusion_scores.csv,1072438,large_analysis_output
artifacts/kather5k_jpi_revision/evaluation/grid/partitions/selected_faithfulness/ResNet18/seed_181/fold_0_attribution_maps.csv,534417,large_analysis_output
artifacts/kather5k_jpi_revision/evaluation/grid/partitions/selected_faithfulness/ResNet18/seed_181/fold_0_deletion_curves.csv,399588,large_analysis_output
artifacts/kather5k_jpi_revision/evaluation/grid/partitions/selected_faithfulness/ResNet18/seed_181/fold_0_metrics.csv,47464,large_analysis_output
artifacts/kather5k_jpi_revision/evaluation/grid/partitions/selected_faithfulness/ResNet18/seed_181/fold_0_occlusion_scores.csv,595752,large_analysis_output
artifacts/kather5k_jpi_revision/evaluation/grid/partitions/selected_faithfulness/ResNet18/seed_181/fold_1_attribution_maps.csv,249750,large_analysis_output
artifacts/kather5k_jpi_revision/evaluation/grid/partitions/selected_faithfulness/ResNet18/seed_181/fold_1_deletion_curves.csv,186338,large_analysis_output
artifacts/kather5k_jpi_revision/evaluation/grid/partitions/selected_faithfulness/ResNet18/seed_181/fold_1_metrics.csv,23370,large_analysis_output
artifacts/kather5k_jpi_revision/evaluation/grid/partitions/selected_faithfulness/ResNet18/seed_181/fold_1_occlusion_scores.csv,277933,large_analysis_output
artifacts/kather5k_jpi_revision/evaluation/grid/partitions/selected_faithfulness/ResNet18/seed_181/fold_2_attribution_maps.csv,576134,large_analysis_output
artifacts/kather5k_jpi_revision/evaluation/grid/partitions/selected_faithfulness/ResNet18/seed_181/fold_2_deletion_curves.csv,430105,large_analysis_output
artifacts/kather5k_jpi_revision/evaluation/grid/partitions/selected_faithfulness/ResNet18/seed_181/fold_2_metrics.csv,50558,large_analysis_output
artifacts/kather5k_jpi_revision/evaluation/grid/partitions/selected_faithfulness/ResNet18/seed_181/fold_2_occlusion_scores.csv,641199,large_analysis_output
artifacts/kather5k_jpi_revision/evaluation/grid/partitions/selected_faithfulness/ResNet18/seed_181/fold_3_attribution_maps.csv,534797,large_analysis_output
artifacts/kather5k_jpi_revision/evaluation/grid/partitions/selected_faithfulness/ResNet18/seed_181/fold_3_deletion_curves.csv,399958,large_analysis_output
artifacts/kather5k_jpi_revision/evaluation/grid/partitions/selected_faithfulness/ResNet18/seed_181/fold_3_metrics.csv,47554,large_analysis_output
artifacts/kather5k_jpi_revision/evaluation/grid/partitions/selected_faithfulness/ResNet18/seed_181/fold_3_occlusion_scores.csv,595812,large_analysis_output
artifacts/kather5k_jpi_revision/evaluation/grid/partitions/selected_faithfulness/ResNet18/seed_181/fold_4_attribution_maps.csv,894062,large_analysis_output
artifacts/kather5k_jpi_revision/evaluation/grid/partitions/selected_faithfulness/ResNet18/seed_181/fold_4_deletion_curves.csv,668081,large_analysis_output
artifacts/kather5k_jpi_revision/evaluation/grid/partitions/selected_faithfulness/ResNet18/seed_181/fold_4_metrics.csv,77493,large_analysis_output
artifacts/kather5k_jpi_revision/evaluation/grid/partitions/selected_faithfulness/ResNet18/seed_181/fold_4_occlusion_scores.csv,996105,large_analysis_output
artifacts/kather5k_jpi_revision/evaluation/grid/partitions/selected_faithfulness/ResNet18/seed_181/fold_5_attribution_maps.csv,1252350,large_analysis_output
artifacts/kather5k_jpi_revision/evaluation/grid/partitions/selected_faithfulness/ResNet18/seed_181/fold_5_deletion_curves.csv,935396,large_analysis_output
artifacts/kather5k_jpi_revision/evaluation/grid/partitions/selected_faithfulness/ResNet18/seed_181/fold_5_metrics.csv,107613,large_analysis_output
artifacts/kather5k_jpi_revision/evaluation/grid/partitions/selected_faithfulness/ResNet18/seed_181/fold_5_occlusion_scores.csv,1394905,large_analysis_output
artifacts/kather5k_jpi_revision/evaluation/grid/partitions/selected_faithfulness/ResNet18/seed_181/fold_6_attribution_maps.csv,570476,large_analysis_output
artifacts/kather5k_jpi_revision/evaluation/grid/partitions/selected_faithfulness/ResNet18/seed_181/fold_6_deletion_curves.csv,427172,large_analysis_output
artifacts/kather5k_jpi_revision/evaluation/grid/partitions/selected_faithfulness/ResNet18/seed_181/fold_6_metrics.csv,50456,large_analysis_output
artifacts/kather5k_jpi_revision/evaluation/grid/partitions/selected_faithfulness/ResNet18/seed_181/fold_6_occlusion_scores.csv,636030,large_analysis_output
artifacts/kather5k_jpi_revision/evaluation/grid/partitions/selected_faithfulness/ResNet18/seed_181/fold_7_attribution_maps.csv,463395,large_analysis_output
artifacts/kather5k_jpi_revision/evaluation/grid/partitions/selected_faithfulness/ResNet18/seed_181/fold_7_deletion_curves.csv,346663,large_analysis_output
artifacts/kather5k_jpi_revision/evaluation/grid/partitions/selected_faithfulness/ResNet18/seed_181/fold_7_metrics.csv,41364,large_analysis_output
artifacts/kather5k_jpi_revision/evaluation/grid/partitions/selected_faithfulness/ResNet18/seed_181/fold_7_occlusion_scores.csv,516101,large_analysis_output
artifacts/kather5k_jpi_revision/evaluation/grid/partitions/selected_faithfulness/ResNet18/seed_181/fold_8_attribution_maps.csv,427737,large_analysis_output
artifacts/kather5k_jpi_revision/evaluation/grid/partitions/selected_faithfulness/ResNet18/seed_181/fold_8_deletion_curves.csv,319697,large_analysis_output
artifacts/kather5k_jpi_revision/evaluation/grid/partitions/selected_faithfulness/ResNet18/seed_181/fold_8_metrics.csv,38276,large_analysis_output
artifacts/kather5k_jpi_revision/evaluation/grid/partitions/selected_faithfulness/ResNet18/seed_181/fold_8_occlusion_scores.csv,475855,large_analysis_output
artifacts/kather5k_jpi_revision/evaluation/grid/partitions/selected_faithfulness/ResNet18/seed_181/fold_9_attribution_maps.csv,1072735,large_analysis_output
artifacts/kather5k_jpi_revision/evaluation/grid/partitions/selected_faithfulness/ResNet18/seed_181/fold_9_deletion_curves.csv,801832,large_analysis_output
artifacts/kather5k_jpi_revision/evaluation/grid/partitions/selected_faithfulness/ResNet18/seed_181/fold_9_metrics.csv,92981,large_analysis_output
artifacts/kather5k_jpi_revision/evaluation/grid/partitions/selected_faithfulness/ResNet18/seed_181/fold_9_occlusion_scores.csv,1196022,large_analysis_output
artifacts/kather5k_jpi_revision/evaluation/grid/partitions/selected_faithfulness/ResNet18/seed_89/fold_0_attribution_maps.csv,496909,large_analysis_output
artifacts/kather5k_jpi_revision/evaluation/grid/partitions/selected_faithfulness/ResNet18/seed_89/fold_0_deletion_curves.csv,371799,large_analysis_output
artifacts/kather5k_jpi_revision/evaluation/grid/partitions/selected_faithfulness/ResNet18/seed_89/fold_0_metrics.csv,44353,large_analysis_output
artifacts/kather5k_jpi_revision/evaluation/grid/partitions/selected_faithfulness/ResNet18/seed_89/fold_0_occlusion_scores.csv,553844,large_analysis_output
artifacts/kather5k_jpi_revision/evaluation/grid/partitions/selected_faithfulness/ResNet18/seed_89/fold_1_attribution_maps.csv,248546,large_analysis_output
artifacts/kather5k_jpi_revision/evaluation/grid/partitions/selected_faithfulness/ResNet18/seed_89/fold_1_deletion_curves.csv,186271,large_analysis_output
artifacts/kather5k_jpi_revision/evaluation/grid/partitions/selected_faithfulness/ResNet18/seed_89/fold_1_metrics.csv,23275,large_analysis_output
artifacts/kather5k_jpi_revision/evaluation/grid/partitions/selected_faithfulness/ResNet18/seed_89/fold_1_occlusion_scores.csv,276987,large_analysis_output
artifacts/kather5k_jpi_revision/evaluation/grid/partitions/selected_faithfulness/ResNet18/seed_89/fold_2_attribution_maps.csv,574545,large_analysis_output
artifacts/kather5k_jpi_revision/evaluation/grid/partitions/selected_faithfulness/ResNet18/seed_89/fold_2_deletion_curves.csv,429193,large_analysis_output
artifacts/kather5k_jpi_revision/evaluation/grid/partitions/selected_faithfulness/ResNet18/seed_89/fold_2_metrics.csv,50357,large_analysis_output
artifacts/kather5k_jpi_revision/evaluation/grid/partitions/selected_faithfulness/ResNet18/seed_89/fold_2_occlusion_scores.csv,639727,large_analysis_output
artifacts/kather5k_jpi_revision/evaluation/grid/partitions/selected_faithfulness/ResNet18/seed_89/fold_3_attribution_maps.csv,534139,large_analysis_output
artifacts/kather5k_jpi_revision/evaluation/grid/partitions/selected_faithfulness/ResNet18/seed_89/fold_3_deletion_curves.csv,399922,large_analysis_output
artifacts/kather5k_jpi_revision/evaluation/grid/partitions/selected_faithfulness/ResNet18/seed_89/fold_3_metrics.csv,47713,large_analysis_output
artifacts/kather5k_jpi_revision/evaluation/grid/partitions/selected_faithfulness/ResNet18/seed_89/fold_3_occlusion_scores.csv,595696,large_analysis_output
artifacts/kather5k_jpi_revision/evaluation/grid/partitions/selected_faithfulness/ResNet18/seed_89/fold_4_attribution_maps.csv,857169,large_analysis_output
artifacts/kather5k_jpi_revision/evaluation/grid/partitions/selected_faithfulness/ResNet18/seed_89/fold_4_deletion_curves.csv,640605,large_analysis_output
artifacts/kather5k_jpi_revision/evaluation/grid/partitions/selected_faithfulness/ResNet18/seed_89/fold_4_metrics.csv,74585,large_analysis_output
artifacts/kather5k_jpi_revision/evaluation/grid/partitions/selected_faithfulness/ResNet18/seed_89/fold_4_occlusion_scores.csv,955219,large_analysis_output
artifacts/kather5k_jpi_revision/evaluation/grid/partitions/selected_faithfulness/ResNet18/seed_89/fold_5_attribution_maps.csv,1071829,large_analysis_output
artifacts/kather5k_jpi_revision/evaluation/grid/partitions/selected_faithfulness/ResNet18/seed_89/fold_5_deletion_curves.csv,800958,large_analysis_output
artifacts/kather5k_jpi_revision/evaluation/grid/partitions/selected_faithfulness/ResNet18/seed_89/fold_5_metrics.csv,92675,large_analysis_output
artifacts/kather5k_jpi_revision/evaluation/grid/partitions/selected_faithfulness/ResNet18/seed_89/fold_5_occlusion_scores.csv,1193386,large_analysis_output
artifacts/kather5k_jpi_revision/evaluation/grid/partitions/selected_faithfulness/ResNet18/seed_89/fold_6_attribution_maps.csv,497390,large_analysis_output
artifacts/kather5k_jpi_revision/evaluation/grid/partitions/selected_faithfulness/ResNet18/seed_89/fold_6_deletion_curves.csv,372898,large_analysis_output
artifacts/kather5k_jpi_revision/evaluation/grid/partitions/selected_faithfulness/ResNet18/seed_89/fold_6_metrics.csv,44553,large_analysis_output
artifacts/kather5k_jpi_revision/evaluation/grid/partitions/selected_faithfulness/ResNet18/seed_89/fold_6_occlusion_scores.csv,554732,large_analysis_output
artifacts/kather5k_jpi_revision/evaluation/grid/partitions/selected_faithfulness/ResNet18/seed_89/fold_7_attribution_maps.csv,463725,large_analysis_output
artifacts/kather5k_jpi_revision/evaluation/grid/partitions/selected_faithfulness/ResNet18/seed_89/fold_7_deletion_curves.csv,346579,large_analysis_output
artifacts/kather5k_jpi_revision/evaluation/grid/partitions/selected_faithfulness/ResNet18/seed_89/fold_7_metrics.csv,41429,large_analysis_output
artifacts/kather5k_jpi_revision/evaluation/grid/partitions/selected_faithfulness/ResNet18/seed_89/fold_7_occlusion_scores.csv,516482,large_analysis_output
artifacts/kather5k_jpi_revision/evaluation/grid/partitions/selected_faithfulness/ResNet18/seed_89/fold_8_attribution_maps.csv,426522,large_analysis_output
artifacts/kather5k_jpi_revision/evaluation/grid/partitions/selected_faithfulness/ResNet18/seed_89/fold_8_deletion_curves.csv,319251,large_analysis_output
artifacts/kather5k_jpi_revision/evaluation/grid/partitions/selected_faithfulness/ResNet18/seed_89/fold_8_metrics.csv,38254,large_analysis_output
artifacts/kather5k_jpi_revision/evaluation/grid/partitions/selected_faithfulness/ResNet18/seed_89/fold_8_occlusion_scores.csv,474335,large_analysis_output
artifacts/kather5k_jpi_revision/evaluation/grid/partitions/selected_faithfulness/ResNet18/seed_89/fold_9_attribution_maps.csv,1034676,large_analysis_output
artifacts/kather5k_jpi_revision/evaluation/grid/partitions/selected_faithfulness/ResNet18/seed_89/fold_9_deletion_curves.csv,773709,large_analysis_output
artifacts/kather5k_jpi_revision/evaluation/grid/partitions/selected_faithfulness/ResNet18/seed_89/fold_9_metrics.csv,90041,large_analysis_output
artifacts/kather5k_jpi_revision/evaluation/grid/partitions/selected_faithfulness/ResNet18/seed_89/fold_9_occlusion_scores.csv,1153138,large_analysis_output
artifacts/kather5k_jpi_revision/evaluation/grid/partitions/selected_faithfulness/UNI/seed_11/fold_0_attribution_maps.csv,1682772,large_analysis_output
artifacts/kather5k_jpi_revision/evaluation/grid/partitions/selected_faithfulness/UNI/seed_11/fold_0_deletion_curves.csv,377564,large_analysis_output
artifacts/kather5k_jpi_revision/evaluation/grid/partitions/selected_faithfulness/UNI/seed_11/fold_0_metrics.csv,44900,large_analysis_output
artifacts/kather5k_jpi_revision/evaluation/grid/partitions/selected_faithfulness/UNI/seed_11/fold_0_occlusion_scores.csv,1808566,large_analysis_output
artifacts/kather5k_jpi_revision/evaluation/grid/partitions/selected_faithfulness/UNI/seed_11/fold_1_attribution_maps.csv,842387,large_analysis_output
artifacts/kather5k_jpi_revision/evaluation/grid/partitions/selected_faithfulness/UNI/seed_11/fold_1_deletion_curves.csv,189179,large_analysis_output
artifacts/kather5k_jpi_revision/evaluation/grid/partitions/selected_faithfulness/UNI/seed_11/fold_1_metrics.csv,23590,large_analysis_output
artifacts/kather5k_jpi_revision/evaluation/grid/partitions/selected_faithfulness/UNI/seed_11/fold_1_occlusion_scores.csv,906040,large_analysis_output
artifacts/kather5k_jpi_revision/evaluation/grid/partitions/selected_faithfulness/UNI/seed_11/fold_2_attribution_maps.csv,1575691,large_analysis_output
artifacts/kather5k_jpi_revision/evaluation/grid/partitions/selected_faithfulness/UNI/seed_11/fold_2_deletion_curves.csv,352924,large_analysis_output
artifacts/kather5k_jpi_revision/evaluation/grid/partitions/selected_faithfulness/UNI/seed_11/fold_2_metrics.csv,42114,large_analysis_output
artifacts/kather5k_jpi_revision/evaluation/grid/partitions/selected_faithfulness/UNI/seed_11/fold_2_occlusion_scores.csv,1695064,large_analysis_output
artifacts/kather5k_jpi_revision/evaluation/grid/partitions/selected_faithfulness/UNI/seed_11/fold_3_attribution_maps.csv,1804615,large_analysis_output
artifacts/kather5k_jpi_revision/evaluation/grid/partitions/selected_faithfulness/UNI/seed_11/fold_3_deletion_curves.csv,404355,large_analysis_output
artifacts/kather5k_jpi_revision/evaluation/grid/partitions/selected_faithfulness/UNI/seed_11/fold_3_metrics.csv,48014,large_analysis_output
artifacts/kather5k_jpi_revision/evaluation/grid/partitions/selected_faithfulness/UNI/seed_11/fold_3_occlusion_scores.csv,1936672,large_analysis_output
artifacts/kather5k_jpi_revision/evaluation/grid/partitions/selected_faithfulness/UNI/seed_11/fold_4_attribution_maps.csv,2774021,large_analysis_output
artifacts/kather5k_jpi_revision/evaluation/grid/partitions/selected_faithfulness/UNI/seed_11/fold_4_deletion_curves.csv,620889,large_analysis_output
artifacts/kather5k_jpi_revision/evaluation/grid/partitions/selected_faithfulness/UNI/seed_11/fold_4_metrics.csv,72436,large_analysis_output
artifacts/kather5k_jpi_revision/evaluation/grid/partitions/selected_faithfulness/UNI/seed_11/fold_4_occlusion_scores.csv,2981504,large_analysis_output
artifacts/kather5k_jpi_revision/evaluation/grid/partitions/selected_faithfulness/UNI/seed_11/fold_5_attribution_maps.csv,3623503,large_analysis_output
artifacts/kather5k_jpi_revision/evaluation/grid/partitions/selected_faithfulness/UNI/seed_11/fold_5_deletion_curves.csv,812875,large_analysis_output
artifacts/kather5k_jpi_revision/evaluation/grid/partitions/selected_faithfulness/UNI/seed_11/fold_5_metrics.csv,93928,large_analysis_output
artifacts/kather5k_jpi_revision/evaluation/grid/partitions/selected_faithfulness/UNI/seed_11/fold_5_occlusion_scores.csv,3893795,large_analysis_output
artifacts/kather5k_jpi_revision/evaluation/grid/partitions/selected_faithfulness/UNI/seed_11/fold_6_attribution_maps.csv,1684374,large_analysis_output
artifacts/kather5k_jpi_revision/evaluation/grid/partitions/selected_faithfulness/UNI/seed_11/fold_6_deletion_curves.csv,377815,large_analysis_output
artifacts/kather5k_jpi_revision/evaluation/grid/partitions/selected_faithfulness/UNI/seed_11/fold_6_metrics.csv,45143,large_analysis_output
artifacts/kather5k_jpi_revision/evaluation/grid/partitions/selected_faithfulness/UNI/seed_11/fold_6_occlusion_scores.csv,1813199,large_analysis_output
artifacts/kather5k_jpi_revision/evaluation/grid/partitions/selected_faithfulness/UNI/seed_11/fold_7_attribution_maps.csv,1565009,large_analysis_output
artifacts/kather5k_jpi_revision/evaluation/grid/partitions/selected_faithfulness/UNI/seed_11/fold_7_deletion_curves.csv,350974,large_analysis_output
artifacts/kather5k_jpi_revision/evaluation/grid/partitions/selected_faithfulness/UNI/seed_11/fold_7_metrics.csv,41937,large_analysis_output
artifacts/kather5k_jpi_revision/evaluation/grid/partitions/selected_faithfulness/UNI/seed_11/fold_7_occlusion_scores.csv,1682961,large_analysis_output
artifacts/kather5k_jpi_revision/evaluation/grid/partitions/selected_faithfulness/UNI/seed_11/fold_8_attribution_maps.csv,1561978,large_analysis_output
artifacts/kather5k_jpi_revision/evaluation/grid/partitions/selected_faithfulness/UNI/seed_11/fold_8_deletion_curves.csv,349229,large_analysis_output
artifacts/kather5k_jpi_revision/evaluation/grid/partitions/selected_faithfulness/UNI/seed_11/fold_8_metrics.csv,41554,large_analysis_output
artifacts/kather5k_jpi_revision/evaluation/grid/partitions/selected_faithfulness/UNI/seed_11/fold_8_occlusion_scores.csv,1675711,large_analysis_output
artifacts/kather5k_jpi_revision/evaluation/grid/partitions/selected_faithfulness/UNI/seed_11/fold_9_attribution_maps.csv,3255396,large_analysis_output
artifacts/kather5k_jpi_revision/evaluation/grid/partitions/selected_faithfulness/UNI/seed_11/fold_9_deletion_curves.csv,730164,large_analysis_output
artifacts/kather5k_jpi_revision/evaluation/grid/partitions/selected_faithfulness/UNI/seed_11/fold_9_metrics.csv,84699,large_analysis_output
artifacts/kather5k_jpi_revision/evaluation/grid/partitions/selected_faithfulness/UNI/seed_11/fold_9_occlusion_scores.csv,3498135,large_analysis_output
artifacts/kather5k_jpi_revision/evaluation/grid/partitions/selected_faithfulness/UNI/seed_181/fold_0_attribution_maps.csv,1803510,large_analysis_output
artifacts/kather5k_jpi_revision/evaluation/grid/partitions/selected_faithfulness/UNI/seed_181/fold_0_deletion_curves.csv,404605,large_analysis_output
artifacts/kather5k_jpi_revision/evaluation/grid/partitions/selected_faithfulness/UNI/seed_181/fold_0_metrics.csv,48079,large_analysis_output
artifacts/kather5k_jpi_revision/evaluation/grid/partitions/selected_faithfulness/UNI/seed_181/fold_0_occlusion_scores.csv,1938638,large_analysis_output
artifacts/kather5k_jpi_revision/evaluation/grid/partitions/selected_faithfulness/UNI/seed_181/fold_1_attribution_maps.csv,843283,large_analysis_output
artifacts/kather5k_jpi_revision/evaluation/grid/partitions/selected_faithfulness/UNI/seed_181/fold_1_deletion_curves.csv,189178,large_analysis_output
artifacts/kather5k_jpi_revision/evaluation/grid/partitions/selected_faithfulness/UNI/seed_181/fold_1_metrics.csv,23661,large_analysis_output
artifacts/kather5k_jpi_revision/evaluation/grid/partitions/selected_faithfulness/UNI/seed_181/fold_1_occlusion_scores.csv,907140,large_analysis_output
artifacts/kather5k_jpi_revision/evaluation/grid/partitions/selected_faithfulness/UNI/seed_181/fold_2_attribution_maps.csv,1943564,large_analysis_output
artifacts/kather5k_jpi_revision/evaluation/grid/partitions/selected_faithfulness/UNI/seed_181/fold_2_deletion_curves.csv,434543,large_analysis_output
artifacts/kather5k_jpi_revision/evaluation/grid/partitions/selected_faithfulness/UNI/seed_181/fold_2_metrics.csv,51342,large_analysis_output
artifacts/kather5k_jpi_revision/evaluation/grid/partitions/selected_faithfulness/UNI/seed_181/fold_2_occlusion_scores.csv,2088752,large_analysis_output
artifacts/kather5k_jpi_revision/evaluation/grid/partitions/selected_faithfulness/UNI/seed_181/fold_3_attribution_maps.csv,1808365,large_analysis_output
artifacts/kather5k_jpi_revision/evaluation/grid/partitions/selected_faithfulness/UNI/seed_181/fold_3_deletion_curves.csv,405044,large_analysis_output
artifacts/kather5k_jpi_revision/evaluation/grid/partitions/selected_faithfulness/UNI/seed_181/fold_3_metrics.csv,48294,large_analysis_output
artifacts/kather5k_jpi_revision/evaluation/grid/partitions/selected_faithfulness/UNI/seed_181/fold_3_occlusion_scores.csv,1942406,large_analysis_output
artifacts/kather5k_jpi_revision/evaluation/grid/partitions/selected_faithfulness/UNI/seed_181/fold_4_attribution_maps.csv,3022629,large_analysis_output
artifacts/kather5k_jpi_revision/evaluation/grid/partitions/selected_faithfulness/UNI/seed_181/fold_4_deletion_curves.csv,676648,large_analysis_output
artifacts/kather5k_jpi_revision/evaluation/grid/partitions/selected_faithfulness/UNI/seed_181/fold_4_metrics.csv,78799,large_analysis_output
artifacts/kather5k_jpi_revision/evaluation/grid/partitions/selected_faithfulness/UNI/seed_181/fold_4_occlusion_scores.csv,3252714,large_analysis_output
artifacts/kather5k_jpi_revision/evaluation/grid/partitions/selected_faithfulness/UNI/seed_181/fold_5_attribution_maps.csv,4237433,large_analysis_output
artifacts/kather5k_jpi_revision/evaluation/grid/partitions/selected_faithfulness/UNI/seed_181/fold_5_deletion_curves.csv,949420,large_analysis_output
artifacts/kather5k_jpi_revision/evaluation/grid/partitions/selected_faithfulness/UNI/seed_181/fold_5_metrics.csv,109363,large_analysis_output
artifacts/kather5k_jpi_revision/evaluation/grid/partitions/selected_faithfulness/UNI/seed_181/fold_5_occlusion_scores.csv,4554379,large_analysis_output
artifacts/kather5k_jpi_revision/evaluation/grid/partitions/selected_faithfulness/UNI/seed_181/fold_6_attribution_maps.csv,1925173,large_analysis_output
artifacts/kather5k_jpi_revision/evaluation/grid/partitions/selected_faithfulness/UNI/seed_181/fold_6_deletion_curves.csv,431916,large_analysis_output
artifacts/kather5k_jpi_revision/evaluation/grid/partitions/selected_faithfulness/UNI/seed_181/fold_6_metrics.csv,51217,large_analysis_output
artifacts/kather5k_jpi_revision/evaluation/grid/partitions/selected_faithfulness/UNI/seed_181/fold_6_occlusion_scores.csv,2071917,large_analysis_output
artifacts/kather5k_jpi_revision/evaluation/grid/partitions/selected_faithfulness/UNI/seed_181/fold_7_attribution_maps.csv,1566738,large_analysis_output
artifacts/kather5k_jpi_revision/evaluation/grid/partitions/selected_faithfulness/UNI/seed_181/fold_7_deletion_curves.csv,350887,large_analysis_output
artifacts/kather5k_jpi_revision/evaluation/grid/partitions/selected_faithfulness/UNI/seed_181/fold_7_metrics.csv,41729,large_analysis_output
artifacts/kather5k_jpi_revision/evaluation/grid/partitions/selected_faithfulness/UNI/seed_181/fold_7_occlusion_scores.csv,1683422,large_analysis_output
artifacts/kather5k_jpi_revision/evaluation/grid/partitions/selected_faithfulness/UNI/seed_181/fold_8_attribution_maps.csv,1445940,large_analysis_output
artifacts/kather5k_jpi_revision/evaluation/grid/partitions/selected_faithfulness/UNI/seed_181/fold_8_deletion_curves.csv,323698,large_analysis_output
artifacts/kather5k_jpi_revision/evaluation/grid/partitions/selected_faithfulness/UNI/seed_181/fold_8_metrics.csv,38826,large_analysis_output
artifacts/kather5k_jpi_revision/evaluation/grid/partitions/selected_faithfulness/UNI/seed_181/fold_8_occlusion_scores.csv,1552953,large_analysis_output
artifacts/kather5k_jpi_revision/evaluation/grid/partitions/selected_faithfulness/UNI/seed_181/fold_9_attribution_maps.csv,3626540,large_analysis_output
artifacts/kather5k_jpi_revision/evaluation/grid/partitions/selected_faithfulness/UNI/seed_181/fold_9_deletion_curves.csv,812126,large_analysis_output
artifacts/kather5k_jpi_revision/evaluation/grid/partitions/selected_faithfulness/UNI/seed_181/fold_9_metrics.csv,94271,large_analysis_output
artifacts/kather5k_jpi_revision/evaluation/grid/partitions/selected_faithfulness/UNI/seed_181/fold_9_occlusion_scores.csv,3895884,large_analysis_output
artifacts/kather5k_jpi_revision/evaluation/grid/partitions/selected_faithfulness/UNI/seed_89/fold_0_attribution_maps.csv,1680062,large_analysis_output
artifacts/kather5k_jpi_revision/evaluation/grid/partitions/selected_faithfulness/UNI/seed_89/fold_0_deletion_curves.csv,377087,large_analysis_output
artifacts/kather5k_jpi_revision/evaluation/grid/partitions/selected_faithfulness/UNI/seed_89/fold_0_metrics.csv,45140,large_analysis_output
artifacts/kather5k_jpi_revision/evaluation/grid/partitions/selected_faithfulness/UNI/seed_89/fold_0_occlusion_scores.csv,1808778,large_analysis_output
artifacts/kather5k_jpi_revision/evaluation/grid/partitions/selected_faithfulness/UNI/seed_89/fold_1_attribution_maps.csv,839363,large_analysis_output
artifacts/kather5k_jpi_revision/evaluation/grid/partitions/selected_faithfulness/UNI/seed_89/fold_1_deletion_curves.csv,187993,large_analysis_output
artifacts/kather5k_jpi_revision/evaluation/grid/partitions/selected_faithfulness/UNI/seed_89/fold_1_metrics.csv,23440,large_analysis_output
artifacts/kather5k_jpi_revision/evaluation/grid/partitions/selected_faithfulness/UNI/seed_89/fold_1_occlusion_scores.csv,902171,large_analysis_output
artifacts/kather5k_jpi_revision/evaluation/grid/partitions/selected_faithfulness/UNI/seed_89/fold_2_attribution_maps.csv,1941307,large_analysis_output
artifacts/kather5k_jpi_revision/evaluation/grid/partitions/selected_faithfulness/UNI/seed_89/fold_2_deletion_curves.csv,434640,large_analysis_output
artifacts/kather5k_jpi_revision/evaluation/grid/partitions/selected_faithfulness/UNI/seed_89/fold_2_metrics.csv,51299,large_analysis_output
artifacts/kather5k_jpi_revision/evaluation/grid/partitions/selected_faithfulness/UNI/seed_89/fold_2_occlusion_scores.csv,2088719,large_analysis_output
artifacts/kather5k_jpi_revision/evaluation/grid/partitions/selected_faithfulness/UNI/seed_89/fold_3_attribution_maps.csv,1804217,large_analysis_output
artifacts/kather5k_jpi_revision/evaluation/grid/partitions/selected_faithfulness/UNI/seed_89/fold_3_deletion_curves.csv,404244,large_analysis_output
artifacts/kather5k_jpi_revision/evaluation/grid/partitions/selected_faithfulness/UNI/seed_89/fold_3_metrics.csv,48148,large_analysis_output
artifacts/kather5k_jpi_revision/evaluation/grid/partitions/selected_faithfulness/UNI/seed_89/fold_3_occlusion_scores.csv,1938966,large_analysis_output
artifacts/kather5k_jpi_revision/evaluation/grid/partitions/selected_faithfulness/UNI/seed_89/fold_4_attribution_maps.csv,2896271,large_analysis_output
artifacts/kather5k_jpi_revision/evaluation/grid/partitions/selected_faithfulness/UNI/seed_89/fold_4_deletion_curves.csv,648908,large_analysis_output
artifacts/kather5k_jpi_revision/evaluation/grid/partitions/selected_faithfulness/UNI/seed_89/fold_4_metrics.csv,75713,large_analysis_output
artifacts/kather5k_jpi_revision/evaluation/grid/partitions/selected_faithfulness/UNI/seed_89/fold_4_occlusion_scores.csv,3118939,large_analysis_output
artifacts/kather5k_jpi_revision/evaluation/grid/partitions/selected_faithfulness/UNI/seed_89/fold_5_attribution_maps.csv,3621255,large_analysis_output
artifacts/kather5k_jpi_revision/evaluation/grid/partitions/selected_faithfulness/UNI/seed_89/fold_5_deletion_curves.csv,810882,large_analysis_output
artifacts/kather5k_jpi_revision/evaluation/grid/partitions/selected_faithfulness/UNI/seed_89/fold_5_metrics.csv,93256,large_analysis_output
artifacts/kather5k_jpi_revision/evaluation/grid/partitions/selected_faithfulness/UNI/seed_89/fold_5_occlusion_scores.csv,3887104,large_analysis_output
artifacts/kather5k_jpi_revision/evaluation/grid/partitions/selected_faithfulness/UNI/seed_89/fold_6_attribution_maps.csv,1681275,large_analysis_output
artifacts/kather5k_jpi_revision/evaluation/grid/partitions/selected_faithfulness/UNI/seed_89/fold_6_deletion_curves.csv,377513,large_analysis_output
artifacts/kather5k_jpi_revision/evaluation/grid/partitions/selected_faithfulness/UNI/seed_89/fold_6_metrics.csv,44915,large_analysis_output
artifacts/kather5k_jpi_revision/evaluation/grid/partitions/selected_faithfulness/UNI/seed_89/fold_6_occlusion_scores.csv,1811844,large_analysis_output
artifacts/kather5k_jpi_revision/evaluation/grid/partitions/selected_faithfulness/UNI/seed_89/fold_7_attribution_maps.csv,1562927,large_analysis_output
artifacts/kather5k_jpi_revision/evaluation/grid/partitions/selected_faithfulness/UNI/seed_89/fold_7_deletion_curves.csv,350347,large_analysis_output
artifacts/kather5k_jpi_revision/evaluation/grid/partitions/selected_faithfulness/UNI/seed_89/fold_7_metrics.csv,41948,large_analysis_output
artifacts/kather5k_jpi_revision/evaluation/grid/partitions/selected_faithfulness/UNI/seed_89/fold_7_occlusion_scores.csv,1680199,large_analysis_output
artifacts/kather5k_jpi_revision/evaluation/grid/partitions/selected_faithfulness/UNI/seed_89/fold_8_attribution_maps.csv,1441799,large_analysis_output
artifacts/kather5k_jpi_revision/evaluation/grid/partitions/selected_faithfulness/UNI/seed_89/fold_8_deletion_curves.csv,322500,large_analysis_output
artifacts/kather5k_jpi_revision/evaluation/grid/partitions/selected_faithfulness/UNI/seed_89/fold_8_metrics.csv,38650,large_analysis_output
artifacts/kather5k_jpi_revision/evaluation/grid/partitions/selected_faithfulness/UNI/seed_89/fold_8_occlusion_scores.csv,1548268,large_analysis_output
artifacts/kather5k_jpi_revision/evaluation/grid/partitions/selected_faithfulness/UNI/seed_89/fold_9_attribution_maps.csv,3497847,large_analysis_output
artifacts/kather5k_jpi_revision/evaluation/grid/partitions/selected_faithfulness/UNI/seed_89/fold_9_deletion_curves.csv,783443,large_analysis_output
artifacts/kather5k_jpi_revision/evaluation/grid/partitions/selected_faithfulness/UNI/seed_89/fold_9_metrics.csv,90371,large_analysis_output
artifacts/kather5k_jpi_revision/evaluation/grid/partitions/selected_faithfulness/UNI/seed_89/fold_9_occlusion_scores.csv,3755525,large_analysis_output
artifacts/kather5k_jpi_revision/evaluation/perturbation/consolidated/attribution_maps.csv,157250661,large_analysis_output
artifacts/kather5k_jpi_revision/evaluation/perturbation/consolidated/deletion_curves.csv,65101022,large_analysis_output
artifacts/kather5k_jpi_revision/evaluation/perturbation/consolidated/image_seed_metrics.csv,7164222,large_analysis_output
artifacts/kather5k_jpi_revision/evaluation/perturbation/consolidated/occlusion_scores.csv,510127759,large_analysis_output
artifacts/kather5k_jpi_revision/evaluation/perturbation/partitions/selected_faithfulness/DINOv2/seed_11/fold_0_attribution_maps.csv,1381767,large_analysis_output
artifacts/kather5k_jpi_revision/evaluation/perturbation/partitions/selected_faithfulness/DINOv2/seed_11/fold_0_deletion_curves.csv,577044,large_analysis_output
artifacts/kather5k_jpi_revision/evaluation/perturbation/partitions/selected_faithfulness/DINOv2/seed_11/fold_0_metrics.csv,67496,large_analysis_output
artifacts/kather5k_jpi_revision/evaluation/perturbation/partitions/selected_faithfulness/DINOv2/seed_11/fold_0_occlusion_scores.csv,4428311,large_analysis_output
artifacts/kather5k_jpi_revision/evaluation/perturbation/partitions/selected_faithfulness/DINOv2/seed_11/fold_1_attribution_maps.csv,689789,large_analysis_output
artifacts/kather5k_jpi_revision/evaluation/perturbation/partitions/selected_faithfulness/DINOv2/seed_11/fold_1_deletion_curves.csv,288182,large_analysis_output
artifacts/kather5k_jpi_revision/evaluation/perturbation/partitions/selected_faithfulness/DINOv2/seed_11/fold_1_metrics.csv,34712,large_analysis_output
artifacts/kather5k_jpi_revision/evaluation/perturbation/partitions/selected_faithfulness/DINOv2/seed_11/fold_1_occlusion_scores.csv,2206081,large_analysis_output
artifacts/kather5k_jpi_revision/evaluation/perturbation/partitions/selected_faithfulness/DINOv2/seed_11/fold_2_attribution_maps.csv,1291983,large_analysis_output
artifacts/kather5k_jpi_revision/evaluation/perturbation/partitions/selected_faithfulness/DINOv2/seed_11/fold_2_deletion_curves.csv,536709,large_analysis_output
artifacts/kather5k_jpi_revision/evaluation/perturbation/partitions/selected_faithfulness/DINOv2/seed_11/fold_2_metrics.csv,62504,large_analysis_output
artifacts/kather5k_jpi_revision/evaluation/perturbation/partitions/selected_faithfulness/DINOv2/seed_11/fold_2_occlusion_scores.csv,4128623,large_analysis_output
artifacts/kather5k_jpi_revision/evaluation/perturbation/partitions/selected_faithfulness/DINOv2/seed_11/fold_3_attribution_maps.csv,1482442,large_analysis_output
artifacts/kather5k_jpi_revision/evaluation/perturbation/partitions/selected_faithfulness/DINOv2/seed_11/fold_3_deletion_curves.csv,616882,large_analysis_output
artifacts/kather5k_jpi_revision/evaluation/perturbation/partitions/selected_faithfulness/DINOv2/seed_11/fold_3_metrics.csv,71938,large_analysis_output
artifacts/kather5k_jpi_revision/evaluation/perturbation/partitions/selected_faithfulness/DINOv2/seed_11/fold_3_occlusion_scores.csv,4738889,large_analysis_output
artifacts/kather5k_jpi_revision/evaluation/perturbation/partitions/selected_faithfulness/DINOv2/seed_11/fold_4_attribution_maps.csv,2277101,large_analysis_output
artifacts/kather5k_jpi_revision/evaluation/perturbation/partitions/selected_faithfulness/DINOv2/seed_11/fold_4_deletion_curves.csv,948355,large_analysis_output
artifacts/kather5k_jpi_revision/evaluation/perturbation/partitions/selected_faithfulness/DINOv2/seed_11/fold_4_metrics.csv,109035,large_analysis_output
artifacts/kather5k_jpi_revision/evaluation/perturbation/partitions/selected_faithfulness/DINOv2/seed_11/fold_4_occlusion_scores.csv,7282492,large_analysis_output
artifacts/kather5k_jpi_revision/evaluation/perturbation/partitions/selected_faithfulness/DINOv2/seed_11/fold_5_attribution_maps.csv,2973303,large_analysis_output
artifacts/kather5k_jpi_revision/evaluation/perturbation/partitions/selected_faithfulness/DINOv2/seed_11/fold_5_deletion_curves.csv,1238697,large_analysis_output
artifacts/kather5k_jpi_revision/evaluation/perturbation/partitions/selected_faithfulness/DINOv2/seed_11/fold_5_metrics.csv,141463,large_analysis_output
artifacts/kather5k_jpi_revision/evaluation/perturbation/partitions/selected_faithfulness/DINOv2/seed_11/fold_5_occlusion_scores.csv,9530461,large_analysis_output
artifacts/kather5k_jpi_revision/evaluation/perturbation/partitions/selected_faithfulness/DINOv2/seed_11/fold_6_attribution_maps.csv,1381327,large_analysis_output
artifacts/kather5k_jpi_revision/evaluation/perturbation/partitions/selected_faithfulness/DINOv2/seed_11/fold_6_deletion_curves.csv,576409,large_analysis_output
artifacts/kather5k_jpi_revision/evaluation/perturbation/partitions/selected_faithfulness/DINOv2/seed_11/fold_6_metrics.csv,67064,large_analysis_output
artifacts/kather5k_jpi_revision/evaluation/perturbation/partitions/selected_faithfulness/DINOv2/seed_11/fold_6_occlusion_scores.csv,4437431,large_analysis_output
artifacts/kather5k_jpi_revision/evaluation/perturbation/partitions/selected_faithfulness/DINOv2/seed_11/fold_7_attribution_maps.csv,1285207,large_analysis_output
artifacts/kather5k_jpi_revision/evaluation/perturbation/partitions/selected_faithfulness/DINOv2/seed_11/fold_7_deletion_curves.csv,535365,large_analysis_output
artifacts/kather5k_jpi_revision/evaluation/perturbation/partitions/selected_faithfulness/DINOv2/seed_11/fold_7_metrics.csv,62532,large_analysis_output
artifacts/kather5k_jpi_revision/evaluation/perturbation/partitions/selected_faithfulness/DINOv2/seed_11/fold_7_occlusion_scores.csv,4111015,large_analysis_output
artifacts/kather5k_jpi_revision/evaluation/perturbation/partitions/selected_faithfulness/DINOv2/seed_11/fold_8_attribution_maps.csv,1281463,large_analysis_output
artifacts/kather5k_jpi_revision/evaluation/perturbation/partitions/selected_faithfulness/DINOv2/seed_11/fold_8_deletion_curves.csv,534420,large_analysis_output
artifacts/kather5k_jpi_revision/evaluation/perturbation/partitions/selected_faithfulness/DINOv2/seed_11/fold_8_metrics.csv,62758,large_analysis_output
artifacts/kather5k_jpi_revision/evaluation/perturbation/partitions/selected_faithfulness/DINOv2/seed_11/fold_8_occlusion_scores.csv,4099089,large_analysis_output
artifacts/kather5k_jpi_revision/evaluation/perturbation/partitions/selected_faithfulness/DINOv2/seed_11/fold_9_attribution_maps.csv,2667791,large_analysis_output
artifacts/kather5k_jpi_revision/evaluation/perturbation/partitions/selected_faithfulness/DINOv2/seed_11/fold_9_deletion_curves.csv,1112119,large_analysis_output
artifacts/kather5k_jpi_revision/evaluation/perturbation/partitions/selected_faithfulness/DINOv2/seed_11/fold_9_metrics.csv,128112,large_analysis_output
artifacts/kather5k_jpi_revision/evaluation/perturbation/partitions/selected_faithfulness/DINOv2/seed_11/fold_9_occlusion_scores.csv,8543818,large_analysis_output
artifacts/kather5k_jpi_revision/evaluation/perturbation/partitions/selected_faithfulness/DINOv2/seed_181/fold_0_attribution_maps.csv,1479965,large_analysis_output
artifacts/kather5k_jpi_revision/evaluation/perturbation/partitions/selected_faithfulness/DINOv2/seed_181/fold_0_deletion_curves.csv,617349,large_analysis_output
artifacts/kather5k_jpi_revision/evaluation/perturbation/partitions/selected_faithfulness/DINOv2/seed_181/fold_0_metrics.csv,71996,large_analysis_output
artifacts/kather5k_jpi_revision/evaluation/perturbation/partitions/selected_faithfulness/DINOv2/seed_181/fold_0_occlusion_scores.csv,4738304,large_analysis_output
artifacts/kather5k_jpi_revision/evaluation/perturbation/partitions/selected_faithfulness/DINOv2/seed_181/fold_1_attribution_maps.csv,691007,large_analysis_output
artifacts/kather5k_jpi_revision/evaluation/perturbation/partitions/selected_faithfulness/DINOv2/seed_181/fold_1_deletion_curves.csv,288406,large_analysis_output
artifacts/kather5k_jpi_revision/evaluation/perturbation/partitions/selected_faithfulness/DINOv2/seed_181/fold_1_metrics.csv,34724,large_analysis_output
artifacts/kather5k_jpi_revision/evaluation/perturbation/partitions/selected_faithfulness/DINOv2/seed_181/fold_1_occlusion_scores.csv,2211167,large_analysis_output
artifacts/kather5k_jpi_revision/evaluation/perturbation/partitions/selected_faithfulness/DINOv2/seed_181/fold_2_attribution_maps.csv,1594709,large_analysis_output
artifacts/kather5k_jpi_revision/evaluation/perturbation/partitions/selected_faithfulness/DINOv2/seed_181/fold_2_deletion_curves.csv,662607,large_analysis_output
artifacts/kather5k_jpi_revision/evaluation/perturbation/partitions/selected_faithfulness/DINOv2/seed_181/fold_2_metrics.csv,76330,large_analysis_output
artifacts/kather5k_jpi_revision/evaluation/perturbation/partitions/selected_faithfulness/DINOv2/seed_181/fold_2_occlusion_scores.csv,5098583,large_analysis_output
artifacts/kather5k_jpi_revision/evaluation/perturbation/partitions/selected_faithfulness/DINOv2/seed_181/fold_3_attribution_maps.csv,1485638,large_analysis_output
artifacts/kather5k_jpi_revision/evaluation/perturbation/partitions/selected_faithfulness/DINOv2/seed_181/fold_3_deletion_curves.csv,618568,large_analysis_output
artifacts/kather5k_jpi_revision/evaluation/perturbation/partitions/selected_faithfulness/DINOv2/seed_181/fold_3_metrics.csv,72083,large_analysis_output
artifacts/kather5k_jpi_revision/evaluation/perturbation/partitions/selected_faithfulness/DINOv2/seed_181/fold_3_occlusion_scores.csv,4750069,large_analysis_output
artifacts/kather5k_jpi_revision/evaluation/perturbation/partitions/selected_faithfulness/DINOv2/seed_181/fold_4_attribution_maps.csv,2479181,large_analysis_output
artifacts/kather5k_jpi_revision/evaluation/perturbation/partitions/selected_faithfulness/DINOv2/seed_181/fold_4_deletion_curves.csv,1032183,large_analysis_output
artifacts/kather5k_jpi_revision/evaluation/perturbation/partitions/selected_faithfulness/DINOv2/seed_181/fold_4_metrics.csv,118493,large_analysis_output
artifacts/kather5k_jpi_revision/evaluation/perturbation/partitions/selected_faithfulness/DINOv2/seed_181/fold_4_occlusion_scores.csv,7936432,large_analysis_output
artifacts/kather5k_jpi_revision/evaluation/perturbation/partitions/selected_faithfulness/DINOv2/seed_181/fold_5_attribution_maps.csv,3478211,large_analysis_output
artifacts/kather5k_jpi_revision/evaluation/perturbation/partitions/selected_faithfulness/DINOv2/seed_181/fold_5_deletion_curves.csv,1447442,large_analysis_output
artifacts/kather5k_jpi_revision/evaluation/perturbation/partitions/selected_faithfulness/DINOv2/seed_181/fold_5_metrics.csv,164511,large_analysis_output
artifacts/kather5k_jpi_revision/evaluation/perturbation/partitions/selected_faithfulness/DINOv2/seed_181/fold_5_occlusion_scores.csv,11145727,large_analysis_output
artifacts/kather5k_jpi_revision/evaluation/perturbation/partitions/selected_faithfulness/DINOv2/seed_181/fold_6_attribution_maps.csv,1579169,large_analysis_output
artifacts/kather5k_jpi_revision/evaluation/perturbation/partitions/selected_faithfulness/DINOv2/seed_181/fold_6_deletion_curves.csv,659276,large_analysis_output
artifacts/kather5k_jpi_revision/evaluation/perturbation/partitions/selected_faithfulness/DINOv2/seed_181/fold_6_metrics.csv,76230,large_analysis_output
artifacts/kather5k_jpi_revision/evaluation/perturbation/partitions/selected_faithfulness/DINOv2/seed_181/fold_6_occlusion_scores.csv,5075161,large_analysis_output
artifacts/kather5k_jpi_revision/evaluation/perturbation/partitions/selected_faithfulness/DINOv2/seed_181/fold_7_attribution_maps.csv,1286891,large_analysis_output
artifacts/kather5k_jpi_revision/evaluation/perturbation/partitions/selected_faithfulness/DINOv2/seed_181/fold_7_deletion_curves.csv,536170,large_analysis_output
artifacts/kather5k_jpi_revision/evaluation/perturbation/partitions/selected_faithfulness/DINOv2/seed_181/fold_7_metrics.csv,62641,large_analysis_output
artifacts/kather5k_jpi_revision/evaluation/perturbation/partitions/selected_faithfulness/DINOv2/seed_181/fold_7_occlusion_scores.csv,4117922,large_analysis_output
artifacts/kather5k_jpi_revision/evaluation/perturbation/partitions/selected_faithfulness/DINOv2/seed_181/fold_8_attribution_maps.csv,1187003,large_analysis_output
artifacts/kather5k_jpi_revision/evaluation/perturbation/partitions/selected_faithfulness/DINOv2/seed_181/fold_8_deletion_curves.csv,494927,large_analysis_output
artifacts/kather5k_jpi_revision/evaluation/perturbation/partitions/selected_faithfulness/DINOv2/seed_181/fold_8_metrics.csv,58323,large_analysis_output
artifacts/kather5k_jpi_revision/evaluation/perturbation/partitions/selected_faithfulness/DINOv2/seed_181/fold_8_occlusion_scores.csv,3799306,large_analysis_output
artifacts/kather5k_jpi_revision/evaluation/perturbation/partitions/selected_faithfulness/DINOv2/seed_181/fold_9_attribution_maps.csv,2970179,large_analysis_output
artifacts/kather5k_jpi_revision/evaluation/perturbation/partitions/selected_faithfulness/DINOv2/seed_181/fold_9_deletion_curves.csv,1236388,large_analysis_output
artifacts/kather5k_jpi_revision/evaluation/perturbation/partitions/selected_faithfulness/DINOv2/seed_181/fold_9_metrics.csv,141844,large_analysis_output
artifacts/kather5k_jpi_revision/evaluation/perturbation/partitions/selected_faithfulness/DINOv2/seed_181/fold_9_occlusion_scores.csv,9505235,large_analysis_output
artifacts/kather5k_jpi_revision/evaluation/perturbation/partitions/selected_faithfulness/DINOv2/seed_89/fold_0_attribution_maps.csv,1378169,large_analysis_output
artifacts/kather5k_jpi_revision/evaluation/perturbation/partitions/selected_faithfulness/DINOv2/seed_89/fold_0_deletion_curves.csv,574544,large_analysis_output
artifacts/kather5k_jpi_revision/evaluation/perturbation/partitions/selected_faithfulness/DINOv2/seed_89/fold_0_metrics.csv,67187,large_analysis_output
artifacts/kather5k_jpi_revision/evaluation/perturbation/partitions/selected_faithfulness/DINOv2/seed_89/fold_0_occlusion_scores.csv,4409227,large_analysis_output
artifacts/kather5k_jpi_revision/evaluation/perturbation/partitions/selected_faithfulness/DINOv2/seed_89/fold_1_attribution_maps.csv,689053,large_analysis_output
artifacts/kather5k_jpi_revision/evaluation/perturbation/partitions/selected_faithfulness/DINOv2/seed_89/fold_1_deletion_curves.csv,287647,large_analysis_output
artifacts/kather5k_jpi_revision/evaluation/perturbation/partitions/selected_faithfulness/DINOv2/seed_89/fold_1_metrics.csv,34705,large_analysis_output
artifacts/kather5k_jpi_revision/evaluation/perturbation/partitions/selected_faithfulness/DINOv2/seed_89/fold_1_occlusion_scores.csv,2204752,large_analysis_output
artifacts/kather5k_jpi_revision/evaluation/perturbation/partitions/selected_faithfulness/DINOv2/seed_89/fold_2_attribution_maps.csv,1592031,large_analysis_output
artifacts/kather5k_jpi_revision/evaluation/perturbation/partitions/selected_faithfulness/DINOv2/seed_89/fold_2_deletion_curves.csv,661596,large_analysis_output
artifacts/kather5k_jpi_revision/evaluation/perturbation/partitions/selected_faithfulness/DINOv2/seed_89/fold_2_metrics.csv,76298,large_analysis_output
artifacts/kather5k_jpi_revision/evaluation/perturbation/partitions/selected_faithfulness/DINOv2/seed_89/fold_2_occlusion_scores.csv,5089660,large_analysis_output
artifacts/kather5k_jpi_revision/evaluation/perturbation/partitions/selected_faithfulness/DINOv2/seed_89/fold_3_attribution_maps.csv,1482140,large_analysis_output
artifacts/kather5k_jpi_revision/evaluation/perturbation/partitions/selected_faithfulness/DINOv2/seed_89/fold_3_deletion_curves.csv,617027,large_analysis_output
artifacts/kather5k_jpi_revision/evaluation/perturbation/partitions/selected_faithfulness/DINOv2/seed_89/fold_3_metrics.csv,71951,large_analysis_output
artifacts/kather5k_jpi_revision/evaluation/perturbation/partitions/selected_faithfulness/DINOv2/seed_89/fold_3_occlusion_scores.csv,4737664,large_analysis_output
artifacts/kather5k_jpi_revision/evaluation/perturbation/partitions/selected_faithfulness/DINOv2/seed_89/fold_4_attribution_maps.csv,2375673,large_analysis_output
artifacts/kather5k_jpi_revision/evaluation/perturbation/partitions/selected_faithfulness/DINOv2/seed_89/fold_4_deletion_curves.csv,989088,large_analysis_output
artifacts/kather5k_jpi_revision/evaluation/perturbation/partitions/selected_faithfulness/DINOv2/seed_89/fold_4_metrics.csv,113691,large_analysis_output
artifacts/kather5k_jpi_revision/evaluation/perturbation/partitions/selected_faithfulness/DINOv2/seed_89/fold_4_occlusion_scores.csv,7593524,large_analysis_output
artifacts/kather5k_jpi_revision/evaluation/perturbation/partitions/selected_faithfulness/DINOv2/seed_89/fold_5_attribution_maps.csv,2975489,large_analysis_output
artifacts/kather5k_jpi_revision/evaluation/perturbation/partitions/selected_faithfulness/DINOv2/seed_89/fold_5_deletion_curves.csv,1239230,large_analysis_output
artifacts/kather5k_jpi_revision/evaluation/perturbation/partitions/selected_faithfulness/DINOv2/seed_89/fold_5_metrics.csv,141600,large_analysis_output
artifacts/kather5k_jpi_revision/evaluation/perturbation/partitions/selected_faithfulness/DINOv2/seed_89/fold_5_occlusion_scores.csv,9536649,large_analysis_output
artifacts/kather5k_jpi_revision/evaluation/perturbation/partitions/selected_faithfulness/DINOv2/seed_89/fold_6_attribution_maps.csv,1379560,large_analysis_output
artifacts/kather5k_jpi_revision/evaluation/perturbation/partitions/selected_faithfulness/DINOv2/seed_89/fold_6_deletion_curves.csv,576072,large_analysis_output
artifacts/kather5k_jpi_revision/evaluation/perturbation/partitions/selected_faithfulness/DINOv2/seed_89/fold_6_metrics.csv,66814,large_analysis_output
artifacts/kather5k_jpi_revision/evaluation/perturbation/partitions/selected_faithfulness/DINOv2/seed_89/fold_6_occlusion_scores.csv,4432456,large_analysis_output
artifacts/kather5k_jpi_revision/evaluation/perturbation/partitions/selected_faithfulness/DINOv2/seed_89/fold_7_attribution_maps.csv,1284902,large_analysis_output
artifacts/kather5k_jpi_revision/evaluation/perturbation/partitions/selected_faithfulness/DINOv2/seed_89/fold_7_deletion_curves.csv,535396,large_analysis_output
artifacts/kather5k_jpi_revision/evaluation/perturbation/partitions/selected_faithfulness/DINOv2/seed_89/fold_7_metrics.csv,62604,large_analysis_output
artifacts/kather5k_jpi_revision/evaluation/perturbation/partitions/selected_faithfulness/DINOv2/seed_89/fold_7_occlusion_scores.csv,4108761,large_analysis_output
artifacts/kather5k_jpi_revision/evaluation/perturbation/partitions/selected_faithfulness/DINOv2/seed_89/fold_8_attribution_maps.csv,1183021,large_analysis_output
artifacts/kather5k_jpi_revision/evaluation/perturbation/partitions/selected_faithfulness/DINOv2/seed_89/fold_8_deletion_curves.csv,493133,large_analysis_output
artifacts/kather5k_jpi_revision/evaluation/perturbation/partitions/selected_faithfulness/DINOv2/seed_89/fold_8_metrics.csv,58196,large_analysis_output
artifacts/kather5k_jpi_revision/evaluation/perturbation/partitions/selected_faithfulness/DINOv2/seed_89/fold_8_occlusion_scores.csv,3783763,large_analysis_output
artifacts/kather5k_jpi_revision/evaluation/perturbation/partitions/selected_faithfulness/DINOv2/seed_89/fold_9_attribution_maps.csv,2866747,large_analysis_output
artifacts/kather5k_jpi_revision/evaluation/perturbation/partitions/selected_faithfulness/DINOv2/seed_89/fold_9_deletion_curves.csv,1194464,large_analysis_output
artifacts/kather5k_jpi_revision/evaluation/perturbation/partitions/selected_faithfulness/DINOv2/seed_89/fold_9_metrics.csv,137425,large_analysis_output
artifacts/kather5k_jpi_revision/evaluation/perturbation/partitions/selected_faithfulness/DINOv2/seed_89/fold_9_occlusion_scores.csv,9185229,large_analysis_output
artifacts/kather5k_jpi_revision/evaluation/perturbation/partitions/selected_faithfulness/ResNet18/seed_11/fold_0_attribution_maps.csv,1331589,large_analysis_output
artifacts/kather5k_jpi_revision/evaluation/perturbation/partitions/selected_faithfulness/ResNet18/seed_11/fold_0_deletion_curves.csv,560138,large_analysis_output
artifacts/kather5k_jpi_revision/evaluation/perturbation/partitions/selected_faithfulness/ResNet18/seed_11/fold_0_metrics.csv,66578,large_analysis_output
artifacts/kather5k_jpi_revision/evaluation/perturbation/partitions/selected_faithfulness/ResNet18/seed_11/fold_0_occlusion_scores.csv,4446305,large_analysis_output
artifacts/kather5k_jpi_revision/evaluation/perturbation/partitions/selected_faithfulness/ResNet18/seed_11/fold_1_attribution_maps.csv,663297,large_analysis_output
artifacts/kather5k_jpi_revision/evaluation/perturbation/partitions/selected_faithfulness/ResNet18/seed_11/fold_1_deletion_curves.csv,279091,large_analysis_output
artifacts/kather5k_jpi_revision/evaluation/perturbation/partitions/selected_faithfulness/ResNet18/seed_11/fold_1_metrics.csv,34237,large_analysis_output
artifacts/kather5k_jpi_revision/evaluation/perturbation/partitions/selected_faithfulness/ResNet18/seed_11/fold_1_occlusion_scores.csv,2211101,large_analysis_output
artifacts/kather5k_jpi_revision/evaluation/perturbation/partitions/selected_faithfulness/ResNet18/seed_11/fold_2_attribution_maps.csv,1243787,large_analysis_output
artifacts/kather5k_jpi_revision/evaluation/perturbation/partitions/selected_faithfulness/ResNet18/seed_11/fold_2_deletion_curves.csv,522878,large_analysis_output
artifacts/kather5k_jpi_revision/evaluation/perturbation/partitions/selected_faithfulness/ResNet18/seed_11/fold_2_metrics.csv,61760,large_analysis_output
artifacts/kather5k_jpi_revision/evaluation/perturbation/partitions/selected_faithfulness/ResNet18/seed_11/fold_2_occlusion_scores.csv,4148838,large_analysis_output
artifacts/kather5k_jpi_revision/evaluation/perturbation/partitions/selected_faithfulness/ResNet18/seed_11/fold_3_attribution_maps.csv,1425556,large_analysis_output
artifacts/kather5k_jpi_revision/evaluation/perturbation/partitions/selected_faithfulness/ResNet18/seed_11/fold_3_deletion_curves.csv,599766,large_analysis_output
artifacts/kather5k_jpi_revision/evaluation/perturbation/partitions/selected_faithfulness/ResNet18/seed_11/fold_3_metrics.csv,71191,large_analysis_output
artifacts/kather5k_jpi_revision/evaluation/perturbation/partitions/selected_faithfulness/ResNet18/seed_11/fold_3_occlusion_scores.csv,4756901,large_analysis_output
artifacts/kather5k_jpi_revision/evaluation/perturbation/partitions/selected_faithfulness/ResNet18/seed_11/fold_4_attribution_maps.csv,2191292,large_analysis_output
artifacts/kather5k_jpi_revision/evaluation/perturbation/partitions/selected_faithfulness/ResNet18/seed_11/fold_4_deletion_curves.csv,921011,large_analysis_output
artifacts/kather5k_jpi_revision/evaluation/perturbation/partitions/selected_faithfulness/ResNet18/seed_11/fold_4_metrics.csv,107311,large_analysis_output
artifacts/kather5k_jpi_revision/evaluation/perturbation/partitions/selected_faithfulness/ResNet18/seed_11/fold_4_occlusion_scores.csv,7312920,large_analysis_output
artifacts/kather5k_jpi_revision/evaluation/perturbation/partitions/selected_faithfulness/ResNet18/seed_11/fold_5_attribution_maps.csv,2857164,large_analysis_output
artifacts/kather5k_jpi_revision/evaluation/perturbation/partitions/selected_faithfulness/ResNet18/seed_11/fold_5_deletion_curves.csv,1203175,large_analysis_output
artifacts/kather5k_jpi_revision/evaluation/perturbation/partitions/selected_faithfulness/ResNet18/seed_11/fold_5_metrics.csv,140153,large_analysis_output
artifacts/kather5k_jpi_revision/evaluation/perturbation/partitions/selected_faithfulness/ResNet18/seed_11/fold_5_occlusion_scores.csv,9559829,large_analysis_output
artifacts/kather5k_jpi_revision/evaluation/perturbation/partitions/selected_faithfulness/ResNet18/seed_11/fold_6_attribution_maps.csv,1328993,large_analysis_output
artifacts/kather5k_jpi_revision/evaluation/perturbation/partitions/selected_faithfulness/ResNet18/seed_11/fold_6_deletion_curves.csv,559867,large_analysis_output
artifacts/kather5k_jpi_revision/evaluation/perturbation/partitions/selected_faithfulness/ResNet18/seed_11/fold_6_metrics.csv,66397,large_analysis_output
artifacts/kather5k_jpi_revision/evaluation/perturbation/partitions/selected_faithfulness/ResNet18/seed_11/fold_6_occlusion_scores.csv,4440702,large_analysis_output
artifacts/kather5k_jpi_revision/evaluation/perturbation/partitions/selected_faithfulness/ResNet18/seed_11/fold_7_attribution_maps.csv,1237105,large_analysis_output
artifacts/kather5k_jpi_revision/evaluation/perturbation/partitions/selected_faithfulness/ResNet18/seed_11/fold_7_deletion_curves.csv,520015,large_analysis_output
artifacts/kather5k_jpi_revision/evaluation/perturbation/partitions/selected_faithfulness/ResNet18/seed_11/fold_7_metrics.csv,61731,large_analysis_output
artifacts/kather5k_jpi_revision/evaluation/perturbation/partitions/selected_faithfulness/ResNet18/seed_11/fold_7_occlusion_scores.csv,4126585,large_analysis_output
artifacts/kather5k_jpi_revision/evaluation/perturbation/partitions/selected_faithfulness/ResNet18/seed_11/fold_8_attribution_maps.csv,1231851,large_analysis_output
artifacts/kather5k_jpi_revision/evaluation/perturbation/partitions/selected_faithfulness/ResNet18/seed_11/fold_8_deletion_curves.csv,518649,large_analysis_output
artifacts/kather5k_jpi_revision/evaluation/perturbation/partitions/selected_faithfulness/ResNet18/seed_11/fold_8_metrics.csv,61729,large_analysis_output
artifacts/kather5k_jpi_revision/evaluation/perturbation/partitions/selected_faithfulness/ResNet18/seed_11/fold_8_occlusion_scores.csv,4109322,large_analysis_output
artifacts/kather5k_jpi_revision/evaluation/perturbation/partitions/selected_faithfulness/ResNet18/seed_11/fold_9_attribution_maps.csv,2568813,large_analysis_output
artifacts/kather5k_jpi_revision/evaluation/perturbation/partitions/selected_faithfulness/ResNet18/seed_11/fold_9_deletion_curves.csv,1082084,large_analysis_output
artifacts/kather5k_jpi_revision/evaluation/perturbation/partitions/selected_faithfulness/ResNet18/seed_11/fold_9_metrics.csv,126966,large_analysis_output
artifacts/kather5k_jpi_revision/evaluation/perturbation/partitions/selected_faithfulness/ResNet18/seed_11/fold_9_occlusion_scores.csv,8592531,large_analysis_output
artifacts/kather5k_jpi_revision/evaluation/perturbation/partitions/selected_faithfulness/ResNet18/seed_181/fold_0_attribution_maps.csv,1425571,large_analysis_output
artifacts/kather5k_jpi_revision/evaluation/perturbation/partitions/selected_faithfulness/ResNet18/seed_181/fold_0_deletion_curves.csv,599655,large_analysis_output
artifacts/kather5k_jpi_revision/evaluation/perturbation/partitions/selected_faithfulness/ResNet18/seed_181/fold_0_metrics.csv,70985,large_analysis_output
artifacts/kather5k_jpi_revision/evaluation/perturbation/partitions/selected_faithfulness/ResNet18/seed_181/fold_0_occlusion_scores.csv,4758805,large_analysis_output
artifacts/kather5k_jpi_revision/evaluation/perturbation/partitions/selected_faithfulness/ResNet18/seed_181/fold_1_attribution_maps.csv,665871,large_analysis_output
artifacts/kather5k_jpi_revision/evaluation/perturbation/partitions/selected_faithfulness/ResNet18/seed_181/fold_1_deletion_curves.csv,279463,large_analysis_output
artifacts/kather5k_jpi_revision/evaluation/perturbation/partitions/selected_faithfulness/ResNet18/seed_181/fold_1_metrics.csv,34300,large_analysis_output
artifacts/kather5k_jpi_revision/evaluation/perturbation/partitions/selected_faithfulness/ResNet18/seed_181/fold_1_occlusion_scores.csv,2218906,large_analysis_output
artifacts/kather5k_jpi_revision/evaluation/perturbation/partitions/selected_faithfulness/ResNet18/seed_181/fold_2_attribution_maps.csv,1536724,large_analysis_output
artifacts/kather5k_jpi_revision/evaluation/perturbation/partitions/selected_faithfulness/ResNet18/seed_181/fold_2_deletion_curves.csv,645610,large_analysis_output
artifacts/kather5k_jpi_revision/evaluation/perturbation/partitions/selected_faithfulness/ResNet18/seed_181/fold_2_metrics.csv,75419,large_analysis_output
artifacts/kather5k_jpi_revision/evaluation/perturbation/partitions/selected_faithfulness/ResNet18/seed_181/fold_2_occlusion_scores.csv,5126168,large_analysis_output
artifacts/kather5k_jpi_revision/evaluation/perturbation/partitions/selected_faithfulness/ResNet18/seed_181/fold_3_attribution_maps.csv,1426491,large_analysis_output
artifacts/kather5k_jpi_revision/evaluation/perturbation/partitions/selected_faithfulness/ResNet18/seed_181/fold_3_deletion_curves.csv,600281,large_analysis_output
artifacts/kather5k_jpi_revision/evaluation/perturbation/partitions/selected_faithfulness/ResNet18/seed_181/fold_3_metrics.csv,71114,large_analysis_output
artifacts/kather5k_jpi_revision/evaluation/perturbation/partitions/selected_faithfulness/ResNet18/seed_181/fold_3_occlusion_scores.csv,4759872,large_analysis_output
artifacts/kather5k_jpi_revision/evaluation/perturbation/partitions/selected_faithfulness/ResNet18/seed_181/fold_4_attribution_maps.csv,2385276,large_analysis_output
artifacts/kather5k_jpi_revision/evaluation/perturbation/partitions/selected_faithfulness/ResNet18/seed_181/fold_4_deletion_curves.csv,1002915,large_analysis_output
artifacts/kather5k_jpi_revision/evaluation/perturbation/partitions/selected_faithfulness/ResNet18/seed_181/fold_4_metrics.csv,116601,large_analysis_output
artifacts/kather5k_jpi_revision/evaluation/perturbation/partitions/selected_faithfulness/ResNet18/seed_181/fold_4_occlusion_scores.csv,7965615,large_analysis_output
artifacts/kather5k_jpi_revision/evaluation/perturbation/partitions/selected_faithfulness/ResNet18/seed_181/fold_5_attribution_maps.csv,3341219,large_analysis_output
artifacts/kather5k_jpi_revision/evaluation/perturbation/partitions/selected_faithfulness/ResNet18/seed_181/fold_5_deletion_curves.csv,1405863,large_analysis_output
artifacts/kather5k_jpi_revision/evaluation/perturbation/partitions/selected_faithfulness/ResNet18/seed_181/fold_5_metrics.csv,162865,large_analysis_output
artifacts/kather5k_jpi_revision/evaluation/perturbation/partitions/selected_faithfulness/ResNet18/seed_181/fold_5_occlusion_scores.csv,11181666,large_analysis_output
artifacts/kather5k_jpi_revision/evaluation/perturbation/partitions/selected_faithfulness/ResNet18/seed_181/fold_6_attribution_maps.csv,1521890,large_analysis_output
artifacts/kather5k_jpi_revision/evaluation/perturbation/partitions/selected_faithfulness/ResNet18/seed_181/fold_6_deletion_curves.csv,640774,large_analysis_output
artifacts/kather5k_jpi_revision/evaluation/perturbation/partitions/selected_faithfulness/ResNet18/seed_181/fold_6_metrics.csv,75440,large_analysis_output
artifacts/kather5k_jpi_revision/evaluation/perturbation/partitions/selected_faithfulness/ResNet18/seed_181/fold_6_occlusion_scores.csv,5083778,large_analysis_output
artifacts/kather5k_jpi_revision/evaluation/perturbation/partitions/selected_faithfulness/ResNet18/seed_181/fold_7_attribution_maps.csv,1236010,large_analysis_output
artifacts/kather5k_jpi_revision/evaluation/perturbation/partitions/selected_faithfulness/ResNet18/seed_181/fold_7_deletion_curves.csv,520403,large_analysis_output
artifacts/kather5k_jpi_revision/evaluation/perturbation/partitions/selected_faithfulness/ResNet18/seed_181/fold_7_metrics.csv,61887,large_analysis_output
artifacts/kather5k_jpi_revision/evaluation/perturbation/partitions/selected_faithfulness/ResNet18/seed_181/fold_7_occlusion_scores.csv,4124272,large_analysis_output
artifacts/kather5k_jpi_revision/evaluation/perturbation/partitions/selected_faithfulness/ResNet18/seed_181/fold_8_attribution_maps.csv,1140877,large_analysis_output
artifacts/kather5k_jpi_revision/evaluation/perturbation/partitions/selected_faithfulness/ResNet18/seed_181/fold_8_deletion_curves.csv,479960,large_analysis_output
artifacts/kather5k_jpi_revision/evaluation/perturbation/partitions/selected_faithfulness/ResNet18/seed_181/fold_8_metrics.csv,57186,large_analysis_output
artifacts/kather5k_jpi_revision/evaluation/perturbation/partitions/selected_faithfulness/ResNet18/seed_181/fold_8_occlusion_scores.csv,3804998,large_analysis_output
artifacts/kather5k_jpi_revision/evaluation/perturbation/partitions/selected_faithfulness/ResNet18/seed_181/fold_9_attribution_maps.csv,2861911,large_analysis_output
artifacts/kather5k_jpi_revision/evaluation/perturbation/partitions/selected_faithfulness/ResNet18/seed_181/fold_9_deletion_curves.csv,1205281,large_analysis_output
artifacts/kather5k_jpi_revision/evaluation/perturbation/partitions/selected_faithfulness/ResNet18/seed_181/fold_9_metrics.csv,140816,large_analysis_output
artifacts/kather5k_jpi_revision/evaluation/perturbation/partitions/selected_faithfulness/ResNet18/seed_181/fold_9_occlusion_scores.csv,9570768,large_analysis_output
artifacts/kather5k_jpi_revision/evaluation/perturbation/partitions/selected_faithfulness/ResNet18/seed_89/fold_0_attribution_maps.csv,1325535,large_analysis_output
artifacts/kather5k_jpi_revision/evaluation/perturbation/partitions/selected_faithfulness/ResNet18/seed_89/fold_0_deletion_curves.csv,558188,large_analysis_output
artifacts/kather5k_jpi_revision/evaluation/perturbation/partitions/selected_faithfulness/ResNet18/seed_89/fold_0_metrics.csv,66372,large_analysis_output
artifacts/kather5k_jpi_revision/evaluation/perturbation/partitions/selected_faithfulness/ResNet18/seed_89/fold_0_occlusion_scores.csv,4427515,large_analysis_output
artifacts/kather5k_jpi_revision/evaluation/perturbation/partitions/selected_faithfulness/ResNet18/seed_89/fold_1_attribution_maps.csv,662685,large_analysis_output
artifacts/kather5k_jpi_revision/evaluation/perturbation/partitions/selected_faithfulness/ResNet18/seed_89/fold_1_deletion_curves.csv,279251,large_analysis_output
artifacts/kather5k_jpi_revision/evaluation/perturbation/partitions/selected_faithfulness/ResNet18/seed_89/fold_1_metrics.csv,34239,large_analysis_output
artifacts/kather5k_jpi_revision/evaluation/perturbation/partitions/selected_faithfulness/ResNet18/seed_89/fold_1_occlusion_scores.csv,2210819,large_analysis_output
artifacts/kather5k_jpi_revision/evaluation/perturbation/partitions/selected_faithfulness/ResNet18/seed_89/fold_2_attribution_maps.csv,1532428,large_analysis_output
artifacts/kather5k_jpi_revision/evaluation/perturbation/partitions/selected_faithfulness/ResNet18/seed_89/fold_2_deletion_curves.csv,644366,large_analysis_output
artifacts/kather5k_jpi_revision/evaluation/perturbation/partitions/selected_faithfulness/ResNet18/seed_89/fold_2_metrics.csv,75297,large_analysis_output
artifacts/kather5k_jpi_revision/evaluation/perturbation/partitions/selected_faithfulness/ResNet18/seed_89/fold_2_occlusion_scores.csv,5113528,large_analysis_output
artifacts/kather5k_jpi_revision/evaluation/perturbation/partitions/selected_faithfulness/ResNet18/seed_89/fold_3_attribution_maps.csv,1424789,large_analysis_output
artifacts/kather5k_jpi_revision/evaluation/perturbation/partitions/selected_faithfulness/ResNet18/seed_89/fold_3_deletion_curves.csv,600401,large_analysis_output
artifacts/kather5k_jpi_revision/evaluation/perturbation/partitions/selected_faithfulness/ResNet18/seed_89/fold_3_metrics.csv,71296,large_analysis_output
artifacts/kather5k_jpi_revision/evaluation/perturbation/partitions/selected_faithfulness/ResNet18/seed_89/fold_3_occlusion_scores.csv,4757424,large_analysis_output
artifacts/kather5k_jpi_revision/evaluation/perturbation/partitions/selected_faithfulness/ResNet18/seed_89/fold_4_attribution_maps.csv,2286862,large_analysis_output
artifacts/kather5k_jpi_revision/evaluation/perturbation/partitions/selected_faithfulness/ResNet18/seed_89/fold_4_deletion_curves.csv,961348,large_analysis_output
artifacts/kather5k_jpi_revision/evaluation/perturbation/partitions/selected_faithfulness/ResNet18/seed_89/fold_4_metrics.csv,112339,large_analysis_output
artifacts/kather5k_jpi_revision/evaluation/perturbation/partitions/selected_faithfulness/ResNet18/seed_89/fold_4_occlusion_scores.csv,7633353,large_analysis_output
artifacts/kather5k_jpi_revision/evaluation/perturbation/partitions/selected_faithfulness/ResNet18/seed_89/fold_5_attribution_maps.csv,2859402,large_analysis_output
artifacts/kather5k_jpi_revision/evaluation/perturbation/partitions/selected_faithfulness/ResNet18/seed_89/fold_5_deletion_curves.csv,1202926,large_analysis_output
artifacts/kather5k_jpi_revision/evaluation/perturbation/partitions/selected_faithfulness/ResNet18/seed_89/fold_5_metrics.csv,139724,large_analysis_output
artifacts/kather5k_jpi_revision/evaluation/perturbation/partitions/selected_faithfulness/ResNet18/seed_89/fold_5_occlusion_scores.csv,9556144,large_analysis_output
artifacts/kather5k_jpi_revision/evaluation/perturbation/partitions/selected_faithfulness/ResNet18/seed_89/fold_6_attribution_maps.csv,1326819,large_analysis_output
artifacts/kather5k_jpi_revision/evaluation/perturbation/partitions/selected_faithfulness/ResNet18/seed_89/fold_6_deletion_curves.csv,559543,large_analysis_output
artifacts/kather5k_jpi_revision/evaluation/perturbation/partitions/selected_faithfulness/ResNet18/seed_89/fold_6_metrics.csv,66418,large_analysis_output
artifacts/kather5k_jpi_revision/evaluation/perturbation/partitions/selected_faithfulness/ResNet18/seed_89/fold_6_occlusion_scores.csv,4432327,large_analysis_output
artifacts/kather5k_jpi_revision/evaluation/perturbation/partitions/selected_faithfulness/ResNet18/seed_89/fold_7_attribution_maps.csv,1236984,large_analysis_output
artifacts/kather5k_jpi_revision/evaluation/perturbation/partitions/selected_faithfulness/ResNet18/seed_89/fold_7_deletion_curves.csv,520358,large_analysis_output
artifacts/kather5k_jpi_revision/evaluation/perturbation/partitions/selected_faithfulness/ResNet18/seed_89/fold_7_metrics.csv,61677,large_analysis_output
artifacts/kather5k_jpi_revision/evaluation/perturbation/partitions/selected_faithfulness/ResNet18/seed_89/fold_7_occlusion_scores.csv,4127325,large_analysis_output
artifacts/kather5k_jpi_revision/evaluation/perturbation/partitions/selected_faithfulness/ResNet18/seed_89/fold_8_attribution_maps.csv,1137560,large_analysis_output
artifacts/kather5k_jpi_revision/evaluation/perturbation/partitions/selected_faithfulness/ResNet18/seed_89/fold_8_deletion_curves.csv,479280,large_analysis_output
artifacts/kather5k_jpi_revision/evaluation/perturbation/partitions/selected_faithfulness/ResNet18/seed_89/fold_8_metrics.csv,57095,large_analysis_output
artifacts/kather5k_jpi_revision/evaluation/perturbation/partitions/selected_faithfulness/ResNet18/seed_89/fold_8_occlusion_scores.csv,3793194,large_analysis_output
artifacts/kather5k_jpi_revision/evaluation/perturbation/partitions/selected_faithfulness/ResNet18/seed_89/fold_9_attribution_maps.csv,2760531,large_analysis_output
artifacts/kather5k_jpi_revision/evaluation/perturbation/partitions/selected_faithfulness/ResNet18/seed_89/fold_9_deletion_curves.csv,1163282,large_analysis_output
artifacts/kather5k_jpi_revision/evaluation/perturbation/partitions/selected_faithfulness/ResNet18/seed_89/fold_9_metrics.csv,136146,large_analysis_output
artifacts/kather5k_jpi_revision/evaluation/perturbation/partitions/selected_faithfulness/ResNet18/seed_89/fold_9_occlusion_scores.csv,9229414,large_analysis_output
artifacts/kather5k_jpi_revision/evaluation/perturbation/partitions/selected_faithfulness/UNI/seed_11/fold_0_attribution_maps.csv,1348259,large_analysis_output
artifacts/kather5k_jpi_revision/evaluation/perturbation/partitions/selected_faithfulness/UNI/seed_11/fold_0_deletion_curves.csv,564262,large_analysis_output
artifacts/kather5k_jpi_revision/evaluation/perturbation/partitions/selected_faithfulness/UNI/seed_11/fold_0_metrics.csv,66186,large_analysis_output
artifacts/kather5k_jpi_revision/evaluation/perturbation/partitions/selected_faithfulness/UNI/seed_11/fold_0_occlusion_scores.csv,4326323,large_analysis_output
artifacts/kather5k_jpi_revision/evaluation/perturbation/partitions/selected_faithfulness/UNI/seed_11/fold_1_attribution_maps.csv,674939,large_analysis_output
artifacts/kather5k_jpi_revision/evaluation/perturbation/partitions/selected_faithfulness/UNI/seed_11/fold_1_deletion_curves.csv,282908,large_analysis_output
artifacts/kather5k_jpi_revision/evaluation/perturbation/partitions/selected_faithfulness/UNI/seed_11/fold_1_metrics.csv,34365,large_analysis_output
artifacts/kather5k_jpi_revision/evaluation/perturbation/partitions/selected_faithfulness/UNI/seed_11/fold_1_occlusion_scores.csv,2166130,large_analysis_output
artifacts/kather5k_jpi_revision/evaluation/perturbation/partitions/selected_faithfulness/UNI/seed_11/fold_2_attribution_maps.csv,1262440,large_analysis_output
artifacts/kather5k_jpi_revision/evaluation/perturbation/partitions/selected_faithfulness/UNI/seed_11/fold_2_deletion_curves.csv,527969,large_analysis_output
artifacts/kather5k_jpi_revision/evaluation/perturbation/partitions/selected_faithfulness/UNI/seed_11/fold_2_metrics.csv,61890,large_analysis_output
artifacts/kather5k_jpi_revision/evaluation/perturbation/partitions/selected_faithfulness/UNI/seed_11/fold_2_occlusion_scores.csv,4058356,large_analysis_output
artifacts/kather5k_jpi_revision/evaluation/perturbation/partitions/selected_faithfulness/UNI/seed_11/fold_3_attribution_maps.csv,1445845,large_analysis_output
artifacts/kather5k_jpi_revision/evaluation/perturbation/partitions/selected_faithfulness/UNI/seed_11/fold_3_deletion_curves.csv,604272,large_analysis_output
artifacts/kather5k_jpi_revision/evaluation/perturbation/partitions/selected_faithfulness/UNI/seed_11/fold_3_metrics.csv,70488,large_analysis_output
artifacts/kather5k_jpi_revision/evaluation/perturbation/partitions/selected_faithfulness/UNI/seed_11/fold_3_occlusion_scores.csv,4631289,large_analysis_output
artifacts/kather5k_jpi_revision/evaluation/perturbation/partitions/selected_faithfulness/UNI/seed_11/fold_4_attribution_maps.csv,2222546,large_analysis_output
artifacts/kather5k_jpi_revision/evaluation/perturbation/partitions/selected_faithfulness/UNI/seed_11/fold_4_deletion_curves.csv,928477,large_analysis_output
artifacts/kather5k_jpi_revision/evaluation/perturbation/partitions/selected_faithfulness/UNI/seed_11/fold_4_metrics.csv,107025,large_analysis_output
artifacts/kather5k_jpi_revision/evaluation/perturbation/partitions/selected_faithfulness/UNI/seed_11/fold_4_occlusion_scores.csv,7129165,large_analysis_output
artifacts/kather5k_jpi_revision/evaluation/perturbation/partitions/selected_faithfulness/UNI/seed_11/fold_5_attribution_maps.csv,2903200,large_analysis_output
artifacts/kather5k_jpi_revision/evaluation/perturbation/partitions/selected_faithfulness/UNI/seed_11/fold_5_deletion_curves.csv,1216584,large_analysis_output
artifacts/kather5k_jpi_revision/evaluation/perturbation/partitions/selected_faithfulness/UNI/seed_11/fold_5_metrics.csv,139895,large_analysis_output
artifacts/kather5k_jpi_revision/evaluation/perturbation/partitions/selected_faithfulness/UNI/seed_11/fold_5_occlusion_scores.csv,9333034,large_analysis_output
artifacts/kather5k_jpi_revision/evaluation/perturbation/partitions/selected_faithfulness/UNI/seed_11/fold_6_attribution_maps.csv,1349520,large_analysis_output
artifacts/kather5k_jpi_revision/evaluation/perturbation/partitions/selected_faithfulness/UNI/seed_11/fold_6_deletion_curves.csv,564869,large_analysis_output
artifacts/kather5k_jpi_revision/evaluation/perturbation/partitions/selected_faithfulness/UNI/seed_11/fold_6_metrics.csv,66379,large_analysis_output
artifacts/kather5k_jpi_revision/evaluation/perturbation/partitions/selected_faithfulness/UNI/seed_11/fold_6_occlusion_scores.csv,4340160,large_analysis_output
artifacts/kather5k_jpi_revision/evaluation/perturbation/partitions/selected_faithfulness/UNI/seed_11/fold_7_attribution_maps.csv,1253870,large_analysis_output
artifacts/kather5k_jpi_revision/evaluation/perturbation/partitions/selected_faithfulness/UNI/seed_11/fold_7_deletion_curves.csv,524606,large_analysis_output
artifacts/kather5k_jpi_revision/evaluation/perturbation/partitions/selected_faithfulness/UNI/seed_11/fold_7_metrics.csv,61799,large_analysis_output
artifacts/kather5k_jpi_revision/evaluation/perturbation/partitions/selected_faithfulness/UNI/seed_11/fold_7_occlusion_scores.csv,4024343,large_analysis_output
artifacts/kather5k_jpi_revision/evaluation/perturbation/partitions/selected_faithfulness/UNI/seed_11/fold_8_attribution_maps.csv,1251483,large_analysis_output
artifacts/kather5k_jpi_revision/evaluation/perturbation/partitions/selected_faithfulness/UNI/seed_11/fold_8_deletion_curves.csv,522277,large_analysis_output
artifacts/kather5k_jpi_revision/evaluation/perturbation/partitions/selected_faithfulness/UNI/seed_11/fold_8_metrics.csv,61025,large_analysis_output
artifacts/kather5k_jpi_revision/evaluation/perturbation/partitions/selected_faithfulness/UNI/seed_11/fold_8_occlusion_scores.csv,4006018,large_analysis_output
artifacts/kather5k_jpi_revision/evaluation/perturbation/partitions/selected_faithfulness/UNI/seed_11/fold_9_attribution_maps.csv,2608280,large_analysis_output
artifacts/kather5k_jpi_revision/evaluation/perturbation/partitions/selected_faithfulness/UNI/seed_11/fold_9_deletion_curves.csv,1092674,large_analysis_output
artifacts/kather5k_jpi_revision/evaluation/perturbation/partitions/selected_faithfulness/UNI/seed_11/fold_9_metrics.csv,125980,large_analysis_output
artifacts/kather5k_jpi_revision/evaluation/perturbation/partitions/selected_faithfulness/UNI/seed_11/fold_9_occlusion_scores.csv,8387593,large_analysis_output
artifacts/kather5k_jpi_revision/evaluation/perturbation/partitions/selected_faithfulness/UNI/seed_181/fold_0_attribution_maps.csv,1444965,large_analysis_output
artifacts/kather5k_jpi_revision/evaluation/perturbation/partitions/selected_faithfulness/UNI/seed_181/fold_0_deletion_curves.csv,604865,large_analysis_output
artifacts/kather5k_jpi_revision/evaluation/perturbation/partitions/selected_faithfulness/UNI/seed_181/fold_0_metrics.csv,70930,large_analysis_output
artifacts/kather5k_jpi_revision/evaluation/perturbation/partitions/selected_faithfulness/UNI/seed_181/fold_0_occlusion_scores.csv,4637535,large_analysis_output
artifacts/kather5k_jpi_revision/evaluation/perturbation/partitions/selected_faithfulness/UNI/seed_181/fold_1_attribution_maps.csv,675661,large_analysis_output
artifacts/kather5k_jpi_revision/evaluation/perturbation/partitions/selected_faithfulness/UNI/seed_181/fold_1_deletion_curves.csv,282881,large_analysis_output
artifacts/kather5k_jpi_revision/evaluation/perturbation/partitions/selected_faithfulness/UNI/seed_181/fold_1_metrics.csv,34362,large_analysis_output
artifacts/kather5k_jpi_revision/evaluation/perturbation/partitions/selected_faithfulness/UNI/seed_181/fold_1_occlusion_scores.csv,2168922,large_analysis_output
artifacts/kather5k_jpi_revision/evaluation/perturbation/partitions/selected_faithfulness/UNI/seed_181/fold_2_attribution_maps.csv,1557203,large_analysis_output
artifacts/kather5k_jpi_revision/evaluation/perturbation/partitions/selected_faithfulness/UNI/seed_181/fold_2_deletion_curves.csv,650188,large_analysis_output
artifacts/kather5k_jpi_revision/evaluation/perturbation/partitions/selected_faithfulness/UNI/seed_181/fold_2_metrics.csv,75799,large_analysis_output
artifacts/kather5k_jpi_revision/evaluation/perturbation/partitions/selected_faithfulness/UNI/seed_181/fold_2_occlusion_scores.csv,4999471,large_analysis_output
artifacts/kather5k_jpi_revision/evaluation/perturbation/partitions/selected_faithfulness/UNI/seed_181/fold_3_attribution_maps.csv,1448883,large_analysis_output
artifacts/kather5k_jpi_revision/evaluation/perturbation/partitions/selected_faithfulness/UNI/seed_181/fold_3_deletion_curves.csv,605318,large_analysis_output
artifacts/kather5k_jpi_revision/evaluation/perturbation/partitions/selected_faithfulness/UNI/seed_181/fold_3_metrics.csv,70779,large_analysis_output
artifacts/kather5k_jpi_revision/evaluation/perturbation/partitions/selected_faithfulness/UNI/seed_181/fold_3_occlusion_scores.csv,4641957,large_analysis_output
artifacts/kather5k_jpi_revision/evaluation/perturbation/partitions/selected_faithfulness/UNI/seed_181/fold_4_attribution_maps.csv,2421728,large_analysis_output
artifacts/kather5k_jpi_revision/evaluation/perturbation/partitions/selected_faithfulness/UNI/seed_181/fold_4_deletion_curves.csv,1012046,large_analysis_output
artifacts/kather5k_jpi_revision/evaluation/perturbation/partitions/selected_faithfulness/UNI/seed_181/fold_4_metrics.csv,116463,large_analysis_output
artifacts/kather5k_jpi_revision/evaluation/perturbation/partitions/selected_faithfulness/UNI/seed_181/fold_4_occlusion_scores.csv,7776866,large_analysis_output
artifacts/kather5k_jpi_revision/evaluation/perturbation/partitions/selected_faithfulness/UNI/seed_181/fold_5_attribution_maps.csv,3395042,large_analysis_output
artifacts/kather5k_jpi_revision/evaluation/perturbation/partitions/selected_faithfulness/UNI/seed_181/fold_5_deletion_curves.csv,1421487,large_analysis_output
artifacts/kather5k_jpi_revision/evaluation/perturbation/partitions/selected_faithfulness/UNI/seed_181/fold_5_metrics.csv,162788,large_analysis_output
artifacts/kather5k_jpi_revision/evaluation/perturbation/partitions/selected_faithfulness/UNI/seed_181/fold_5_occlusion_scores.csv,10919307,large_analysis_output
artifacts/kather5k_jpi_revision/evaluation/perturbation/partitions/selected_faithfulness/UNI/seed_181/fold_6_attribution_maps.csv,1542431,large_analysis_output
artifacts/kather5k_jpi_revision/evaluation/perturbation/partitions/selected_faithfulness/UNI/seed_181/fold_6_deletion_curves.csv,645826,large_analysis_output
artifacts/kather5k_jpi_revision/evaluation/perturbation/partitions/selected_faithfulness/UNI/seed_181/fold_6_metrics.csv,75463,large_analysis_output
artifacts/kather5k_jpi_revision/evaluation/perturbation/partitions/selected_faithfulness/UNI/seed_181/fold_6_occlusion_scores.csv,4957529,large_analysis_output
artifacts/kather5k_jpi_revision/evaluation/perturbation/partitions/selected_faithfulness/UNI/seed_181/fold_7_attribution_maps.csv,1255234,large_analysis_output
artifacts/kather5k_jpi_revision/evaluation/perturbation/partitions/selected_faithfulness/UNI/seed_181/fold_7_deletion_curves.csv,524641,large_analysis_output
artifacts/kather5k_jpi_revision/evaluation/perturbation/partitions/selected_faithfulness/UNI/seed_181/fold_7_metrics.csv,61700,large_analysis_output
artifacts/kather5k_jpi_revision/evaluation/perturbation/partitions/selected_faithfulness/UNI/seed_181/fold_7_occlusion_scores.csv,4026729,large_analysis_output
artifacts/kather5k_jpi_revision/evaluation/perturbation/partitions/selected_faithfulness/UNI/seed_181/fold_8_attribution_maps.csv,1158578,large_analysis_output
artifacts/kather5k_jpi_revision/evaluation/perturbation/partitions/selected_faithfulness/UNI/seed_181/fold_8_deletion_curves.csv,484017,large_analysis_output
artifacts/kather5k_jpi_revision/evaluation/perturbation/partitions/selected_faithfulness/UNI/seed_181/fold_8_metrics.csv,56920,large_analysis_output
artifacts/kather5k_jpi_revision/evaluation/perturbation/partitions/selected_faithfulness/UNI/seed_181/fold_8_occlusion_scores.csv,3711339,large_analysis_output
artifacts/kather5k_jpi_revision/evaluation/perturbation/partitions/selected_faithfulness/UNI/seed_181/fold_9_attribution_maps.csv,2905663,large_analysis_output
artifacts/kather5k_jpi_revision/evaluation/perturbation/partitions/selected_faithfulness/UNI/seed_181/fold_9_deletion_curves.csv,1215745,large_analysis_output
artifacts/kather5k_jpi_revision/evaluation/perturbation/partitions/selected_faithfulness/UNI/seed_181/fold_9_metrics.csv,140161,large_analysis_output
artifacts/kather5k_jpi_revision/evaluation/perturbation/partitions/selected_faithfulness/UNI/seed_181/fold_9_occlusion_scores.csv,9347021,large_analysis_output
artifacts/kather5k_jpi_revision/evaluation/perturbation/partitions/selected_faithfulness/UNI/seed_89/fold_0_attribution_maps.csv,1346077,large_analysis_output
artifacts/kather5k_jpi_revision/evaluation/perturbation/partitions/selected_faithfulness/UNI/seed_89/fold_0_deletion_curves.csv,563437,large_analysis_output
artifacts/kather5k_jpi_revision/evaluation/perturbation/partitions/selected_faithfulness/UNI/seed_89/fold_0_metrics.csv,66381,large_analysis_output
artifacts/kather5k_jpi_revision/evaluation/perturbation/partitions/selected_faithfulness/UNI/seed_89/fold_0_occlusion_scores.csv,4322915,large_analysis_output
artifacts/kather5k_jpi_revision/evaluation/perturbation/partitions/selected_faithfulness/UNI/seed_89/fold_1_attribution_maps.csv,672530,large_analysis_output
artifacts/kather5k_jpi_revision/evaluation/perturbation/partitions/selected_faithfulness/UNI/seed_89/fold_1_deletion_curves.csv,281201,large_analysis_output
artifacts/kather5k_jpi_revision/evaluation/perturbation/partitions/selected_faithfulness/UNI/seed_89/fold_1_metrics.csv,34256,large_analysis_output
artifacts/kather5k_jpi_revision/evaluation/perturbation/partitions/selected_faithfulness/UNI/seed_89/fold_1_occlusion_scores.csv,2158384,large_analysis_output
artifacts/kather5k_jpi_revision/evaluation/perturbation/partitions/selected_faithfulness/UNI/seed_89/fold_2_attribution_maps.csv,1555368,large_analysis_output
artifacts/kather5k_jpi_revision/evaluation/perturbation/partitions/selected_faithfulness/UNI/seed_89/fold_2_deletion_curves.csv,650058,large_analysis_output
artifacts/kather5k_jpi_revision/evaluation/perturbation/partitions/selected_faithfulness/UNI/seed_89/fold_2_metrics.csv,75475,large_analysis_output
artifacts/kather5k_jpi_revision/evaluation/perturbation/partitions/selected_faithfulness/UNI/seed_89/fold_2_occlusion_scores.csv,4998049,large_analysis_output
artifacts/kather5k_jpi_revision/evaluation/perturbation/partitions/selected_faithfulness/UNI/seed_89/fold_3_attribution_maps.csv,1445586,large_analysis_output
artifacts/kather5k_jpi_revision/evaluation/perturbation/partitions/selected_faithfulness/UNI/seed_89/fold_3_deletion_curves.csv,604008,large_analysis_output
artifacts/kather5k_jpi_revision/evaluation/perturbation/partitions/selected_faithfulness/UNI/seed_89/fold_3_metrics.csv,70605,large_analysis_output
artifacts/kather5k_jpi_revision/evaluation/perturbation/partitions/selected_faithfulness/UNI/seed_89/fold_3_occlusion_scores.csv,4634316,large_analysis_output
artifacts/kather5k_jpi_revision/evaluation/perturbation/partitions/selected_faithfulness/UNI/seed_89/fold_4_attribution_maps.csv,2320496,large_analysis_output
artifacts/kather5k_jpi_revision/evaluation/perturbation/partitions/selected_faithfulness/UNI/seed_89/fold_4_deletion_curves.csv,970067,large_analysis_output
artifacts/kather5k_jpi_revision/evaluation/perturbation/partitions/selected_faithfulness/UNI/seed_89/fold_4_metrics.csv,111618,large_analysis_output
artifacts/kather5k_jpi_revision/evaluation/perturbation/partitions/selected_faithfulness/UNI/seed_89/fold_4_occlusion_scores.csv,7450582,large_analysis_output
artifacts/kather5k_jpi_revision/evaluation/perturbation/partitions/selected_faithfulness/UNI/seed_89/fold_5_attribution_maps.csv,2901404,large_analysis_output
artifacts/kather5k_jpi_revision/evaluation/perturbation/partitions/selected_faithfulness/UNI/seed_89/fold_5_deletion_curves.csv,1213867,large_analysis_output
artifacts/kather5k_jpi_revision/evaluation/perturbation/partitions/selected_faithfulness/UNI/seed_89/fold_5_metrics.csv,139126,large_analysis_output
artifacts/kather5k_jpi_revision/evaluation/perturbation/partitions/selected_faithfulness/UNI/seed_89/fold_5_occlusion_scores.csv,9315413,large_analysis_output
artifacts/kather5k_jpi_revision/evaluation/perturbation/partitions/selected_faithfulness/UNI/seed_89/fold_6_attribution_maps.csv,1347056,large_analysis_output
artifacts/kather5k_jpi_revision/evaluation/perturbation/partitions/selected_faithfulness/UNI/seed_89/fold_6_deletion_curves.csv,564749,large_analysis_output
artifacts/kather5k_jpi_revision/evaluation/perturbation/partitions/selected_faithfulness/UNI/seed_89/fold_6_metrics.csv,66204,large_analysis_output
artifacts/kather5k_jpi_revision/evaluation/perturbation/partitions/selected_faithfulness/UNI/seed_89/fold_6_occlusion_scores.csv,4332897,large_analysis_output
artifacts/kather5k_jpi_revision/evaluation/perturbation/partitions/selected_faithfulness/UNI/seed_89/fold_7_attribution_maps.csv,1252207,large_analysis_output
artifacts/kather5k_jpi_revision/evaluation/perturbation/partitions/selected_faithfulness/UNI/seed_89/fold_7_deletion_curves.csv,523658,large_analysis_output
artifacts/kather5k_jpi_revision/evaluation/perturbation/partitions/selected_faithfulness/UNI/seed_89/fold_7_metrics.csv,61739,large_analysis_output
artifacts/kather5k_jpi_revision/evaluation/perturbation/partitions/selected_faithfulness/UNI/seed_89/fold_7_occlusion_scores.csv,4017466,large_analysis_output
artifacts/kather5k_jpi_revision/evaluation/perturbation/partitions/selected_faithfulness/UNI/seed_89/fold_8_attribution_maps.csv,1155236,large_analysis_output
artifacts/kather5k_jpi_revision/evaluation/perturbation/partitions/selected_faithfulness/UNI/seed_89/fold_8_deletion_curves.csv,482320,large_analysis_output
artifacts/kather5k_jpi_revision/evaluation/perturbation/partitions/selected_faithfulness/UNI/seed_89/fold_8_metrics.csv,56828,large_analysis_output
artifacts/kather5k_jpi_revision/evaluation/perturbation/partitions/selected_faithfulness/UNI/seed_89/fold_8_occlusion_scores.csv,3700614,large_analysis_output
artifacts/kather5k_jpi_revision/evaluation/perturbation/partitions/selected_faithfulness/UNI/seed_89/fold_9_attribution_maps.csv,2802592,large_analysis_output
artifacts/kather5k_jpi_revision/evaluation/perturbation/partitions/selected_faithfulness/UNI/seed_89/fold_9_deletion_curves.csv,1173208,large_analysis_output
artifacts/kather5k_jpi_revision/evaluation/perturbation/partitions/selected_faithfulness/UNI/seed_89/fold_9_metrics.csv,134756,large_analysis_output
artifacts/kather5k_jpi_revision/evaluation/perturbation/partitions/selected_faithfulness/UNI/seed_89/fold_9_occlusion_scores.csv,9013066,large_analysis_output
artifacts/kather5k_jpi_revision/evaluation/random_cohort/consolidated/attribution_maps.csv,87058144,large_analysis_output
artifacts/kather5k_jpi_revision/evaluation/random_cohort/consolidated/deletion_curves.csv,12012234,large_analysis_output
artifacts/kather5k_jpi_revision/evaluation/random_cohort/consolidated/image_seed_metrics.csv,1312097,large_analysis_output
artifacts/kather5k_jpi_revision/evaluation/random_cohort/consolidated/occlusion_scores.csv,94280613,large_analysis_output
artifacts/kather5k_jpi_revision/evaluation/random_cohort/partitions/random_prediction_independent/DINOv2/seed_11/fold_0_attribution_maps.csv,600537,large_analysis_output
artifacts/kather5k_jpi_revision/evaluation/random_cohort/partitions/random_prediction_independent/DINOv2/seed_11/fold_0_deletion_curves.csv,83890,large_analysis_output
artifacts/kather5k_jpi_revision/evaluation/random_cohort/partitions/random_prediction_independent/DINOv2/seed_11/fold_0_metrics.csv,11624,large_analysis_output
artifacts/kather5k_jpi_revision/evaluation/random_cohort/partitions/random_prediction_independent/DINOv2/seed_11/fold_0_occlusion_scores.csv,643294,large_analysis_output
artifacts/kather5k_jpi_revision/evaluation/random_cohort/partitions/random_prediction_independent/DINOv2/seed_11/fold_1_attribution_maps.csv,598324,large_analysis_output
artifacts/kather5k_jpi_revision/evaluation/random_cohort/partitions/random_prediction_independent/DINOv2/seed_11/fold_1_deletion_curves.csv,83893,large_analysis_output
artifacts/kather5k_jpi_revision/evaluation/random_cohort/partitions/random_prediction_independent/DINOv2/seed_11/fold_1_metrics.csv,11651,large_analysis_output
artifacts/kather5k_jpi_revision/evaluation/random_cohort/partitions/random_prediction_independent/DINOv2/seed_11/fold_1_occlusion_scores.csv,640889,large_analysis_output
artifacts/kather5k_jpi_revision/evaluation/random_cohort/partitions/random_prediction_independent/DINOv2/seed_11/fold_2_attribution_maps.csv,1110280,large_analysis_output
artifacts/kather5k_jpi_revision/evaluation/random_cohort/partitions/random_prediction_independent/DINOv2/seed_11/fold_2_deletion_curves.csv,154417,large_analysis_output
artifacts/kather5k_jpi_revision/evaluation/random_cohort/partitions/random_prediction_independent/DINOv2/seed_11/fold_2_metrics.csv,19306,large_analysis_output
artifacts/kather5k_jpi_revision/evaluation/random_cohort/partitions/random_prediction_independent/DINOv2/seed_11/fold_2_occlusion_scores.csv,1185636,large_analysis_output
artifacts/kather5k_jpi_revision/evaluation/random_cohort/partitions/random_prediction_independent/DINOv2/seed_11/fold_3_attribution_maps.csv,703639,large_analysis_output
artifacts/kather5k_jpi_revision/evaluation/random_cohort/partitions/random_prediction_independent/DINOv2/seed_11/fold_3_deletion_curves.csv,97964,large_analysis_output
artifacts/kather5k_jpi_revision/evaluation/random_cohort/partitions/random_prediction_independent/DINOv2/seed_11/fold_3_metrics.csv,13197,large_analysis_output
artifacts/kather5k_jpi_revision/evaluation/random_cohort/partitions/random_prediction_independent/DINOv2/seed_11/fold_3_occlusion_scores.csv,749914,large_analysis_output
artifacts/kather5k_jpi_revision/evaluation/random_cohort/partitions/random_prediction_independent/DINOv2/seed_11/fold_4_attribution_maps.csv,1004124,large_analysis_output
artifacts/kather5k_jpi_revision/evaluation/random_cohort/partitions/random_prediction_independent/DINOv2/seed_11/fold_4_deletion_curves.csv,139871,large_analysis_output
artifacts/kather5k_jpi_revision/evaluation/random_cohort/partitions/random_prediction_independent/DINOv2/seed_11/fold_4_metrics.csv,17915,large_analysis_output
artifacts/kather5k_jpi_revision/evaluation/random_cohort/partitions/random_prediction_independent/DINOv2/seed_11/fold_4_occlusion_scores.csv,1072158,large_analysis_output
artifacts/kather5k_jpi_revision/evaluation/random_cohort/partitions/random_prediction_independent/DINOv2/seed_11/fold_5_attribution_maps.csv,1304984,large_analysis_output
artifacts/kather5k_jpi_revision/evaluation/random_cohort/partitions/random_prediction_independent/DINOv2/seed_11/fold_5_deletion_curves.csv,181510,large_analysis_output
artifacts/kather5k_jpi_revision/evaluation/random_cohort/partitions/random_prediction_independent/DINOv2/seed_11/fold_5_metrics.csv,22380,large_analysis_output
artifacts/kather5k_jpi_revision/evaluation/random_cohort/partitions/random_prediction_independent/DINOv2/seed_11/fold_5_occlusion_scores.csv,1391457,large_analysis_output
artifacts/kather5k_jpi_revision/evaluation/random_cohort/partitions/random_prediction_independent/DINOv2/seed_11/fold_6_attribution_maps.csv,905019,large_analysis_output
artifacts/kather5k_jpi_revision/evaluation/random_cohort/partitions/random_prediction_independent/DINOv2/seed_11/fold_6_deletion_curves.csv,126227,large_analysis_output
artifacts/kather5k_jpi_revision/evaluation/random_cohort/partitions/random_prediction_independent/DINOv2/seed_11/fold_6_metrics.csv,16332,large_analysis_output
artifacts/kather5k_jpi_revision/evaluation/random_cohort/partitions/random_prediction_independent/DINOv2/seed_11/fold_6_occlusion_scores.csv,969835,large_analysis_output
artifacts/kather5k_jpi_revision/evaluation/random_cohort/partitions/random_prediction_independent/DINOv2/seed_11/fold_7_attribution_maps.csv,599649,large_analysis_output
artifacts/kather5k_jpi_revision/evaluation/random_cohort/partitions/random_prediction_independent/DINOv2/seed_11/fold_7_deletion_curves.csv,83867,large_analysis_output
artifacts/kather5k_jpi_revision/evaluation/random_cohort/partitions/random_prediction_independent/DINOv2/seed_11/fold_7_metrics.csv,11626,large_analysis_output
artifacts/kather5k_jpi_revision/evaluation/random_cohort/partitions/random_prediction_independent/DINOv2/seed_11/fold_7_occlusion_scores.csv,641469,large_analysis_output
artifacts/kather5k_jpi_revision/evaluation/random_cohort/partitions/random_prediction_independent/DINOv2/seed_11/fold_8_attribution_maps.csv,1001823,large_analysis_output
artifacts/kather5k_jpi_revision/evaluation/random_cohort/partitions/random_prediction_independent/DINOv2/seed_11/fold_8_deletion_curves.csv,139622,large_analysis_output
artifacts/kather5k_jpi_revision/evaluation/random_cohort/partitions/random_prediction_independent/DINOv2/seed_11/fold_8_metrics.csv,17726,large_analysis_output
artifacts/kather5k_jpi_revision/evaluation/random_cohort/partitions/random_prediction_independent/DINOv2/seed_11/fold_8_occlusion_scores.csv,1069678,large_analysis_output
artifacts/kather5k_jpi_revision/evaluation/random_cohort/partitions/random_prediction_independent/DINOv2/seed_11/fold_9_attribution_maps.csv,1804692,large_analysis_output
artifacts/kather5k_jpi_revision/evaluation/random_cohort/partitions/random_prediction_independent/DINOv2/seed_11/fold_9_deletion_curves.csv,250602,large_analysis_output
artifacts/kather5k_jpi_revision/evaluation/random_cohort/partitions/random_prediction_independent/DINOv2/seed_11/fold_9_metrics.csv,30119,large_analysis_output
artifacts/kather5k_jpi_revision/evaluation/random_cohort/partitions/random_prediction_independent/DINOv2/seed_11/fold_9_occlusion_scores.csv,1924558,large_analysis_output
artifacts/kather5k_jpi_revision/evaluation/random_cohort/partitions/random_prediction_independent/DINOv2/seed_181/fold_0_attribution_maps.csv,700891,large_analysis_output
artifacts/kather5k_jpi_revision/evaluation/random_cohort/partitions/random_prediction_independent/DINOv2/seed_181/fold_0_deletion_curves.csv,97828,large_analysis_output
artifacts/kather5k_jpi_revision/evaluation/random_cohort/partitions/random_prediction_independent/DINOv2/seed_181/fold_0_metrics.csv,13193,large_analysis_output
artifacts/kather5k_jpi_revision/evaluation/random_cohort/partitions/random_prediction_independent/DINOv2/seed_181/fold_0_occlusion_scores.csv,750331,large_analysis_output
artifacts/kather5k_jpi_revision/evaluation/random_cohort/partitions/random_prediction_independent/DINOv2/seed_181/fold_1_attribution_maps.csv,500813,large_analysis_output
artifacts/kather5k_jpi_revision/evaluation/random_cohort/partitions/random_prediction_independent/DINOv2/seed_181/fold_1_deletion_curves.csv,70238,large_analysis_output
artifacts/kather5k_jpi_revision/evaluation/random_cohort/partitions/random_prediction_independent/DINOv2/seed_181/fold_1_metrics.csv,10085,large_analysis_output
artifacts/kather5k_jpi_revision/evaluation/random_cohort/partitions/random_prediction_independent/DINOv2/seed_181/fold_1_occlusion_scores.csv,536592,large_analysis_output
artifacts/kather5k_jpi_revision/evaluation/random_cohort/partitions/random_prediction_independent/DINOv2/seed_181/fold_2_attribution_maps.csv,1012257,large_analysis_output
artifacts/kather5k_jpi_revision/evaluation/random_cohort/partitions/random_prediction_independent/DINOv2/seed_181/fold_2_deletion_curves.csv,140727,large_analysis_output
artifacts/kather5k_jpi_revision/evaluation/random_cohort/partitions/random_prediction_independent/DINOv2/seed_181/fold_2_metrics.csv,17820,large_analysis_output
artifacts/kather5k_jpi_revision/evaluation/random_cohort/partitions/random_prediction_independent/DINOv2/seed_181/fold_2_occlusion_scores.csv,1080680,large_analysis_output
artifacts/kather5k_jpi_revision/evaluation/random_cohort/partitions/random_prediction_independent/DINOv2/seed_181/fold_3_attribution_maps.csv,704828,large_analysis_output
artifacts/kather5k_jpi_revision/evaluation/random_cohort/partitions/random_prediction_independent/DINOv2/seed_181/fold_3_deletion_curves.csv,98159,large_analysis_output
artifacts/kather5k_jpi_revision/evaluation/random_cohort/partitions/random_prediction_independent/DINOv2/seed_181/fold_3_metrics.csv,13261,large_analysis_output
artifacts/kather5k_jpi_revision/evaluation/random_cohort/partitions/random_prediction_independent/DINOv2/seed_181/fold_3_occlusion_scores.csv,751510,large_analysis_output
artifacts/kather5k_jpi_revision/evaluation/random_cohort/partitions/random_prediction_independent/DINOv2/seed_181/fold_4_attribution_maps.csv,1006382,large_analysis_output
artifacts/kather5k_jpi_revision/evaluation/random_cohort/partitions/random_prediction_independent/DINOv2/seed_181/fold_4_deletion_curves.csv,139952,large_analysis_output
artifacts/kather5k_jpi_revision/evaluation/random_cohort/partitions/random_prediction_independent/DINOv2/seed_181/fold_4_metrics.csv,17891,large_analysis_output
artifacts/kather5k_jpi_revision/evaluation/random_cohort/partitions/random_prediction_independent/DINOv2/seed_181/fold_4_occlusion_scores.csv,1075186,large_analysis_output
artifacts/kather5k_jpi_revision/evaluation/random_cohort/partitions/random_prediction_independent/DINOv2/seed_181/fold_5_attribution_maps.csv,1408287,large_analysis_output
artifacts/kather5k_jpi_revision/evaluation/random_cohort/partitions/random_prediction_independent/DINOv2/seed_181/fold_5_deletion_curves.csv,195429,large_analysis_output
artifacts/kather5k_jpi_revision/evaluation/random_cohort/partitions/random_prediction_independent/DINOv2/seed_181/fold_5_metrics.csv,23969,large_analysis_output
artifacts/kather5k_jpi_revision/evaluation/random_cohort/partitions/random_prediction_independent/DINOv2/seed_181/fold_5_occlusion_scores.csv,1501682,large_analysis_output
artifacts/kather5k_jpi_revision/evaluation/random_cohort/partitions/random_prediction_independent/DINOv2/seed_181/fold_6_attribution_maps.csv,906562,large_analysis_output
artifacts/kather5k_jpi_revision/evaluation/random_cohort/partitions/random_prediction_independent/DINOv2/seed_181/fold_6_deletion_curves.csv,126392,large_analysis_output
artifacts/kather5k_jpi_revision/evaluation/random_cohort/partitions/random_prediction_independent/DINOv2/seed_181/fold_6_metrics.csv,16349,large_analysis_output
artifacts/kather5k_jpi_revision/evaluation/random_cohort/partitions/random_prediction_independent/DINOv2/seed_181/fold_6_occlusion_scores.csv,971721,large_analysis_output
artifacts/kather5k_jpi_revision/evaluation/random_cohort/partitions/random_prediction_independent/DINOv2/seed_181/fold_7_attribution_maps.csv,600851,large_analysis_output
artifacts/kather5k_jpi_revision/evaluation/random_cohort/partitions/random_prediction_independent/DINOv2/seed_181/fold_7_deletion_curves.csv,83885,large_analysis_output
artifacts/kather5k_jpi_revision/evaluation/random_cohort/partitions/random_prediction_independent/DINOv2/seed_181/fold_7_metrics.csv,11689,large_analysis_output
artifacts/kather5k_jpi_revision/evaluation/random_cohort/partitions/random_prediction_independent/DINOv2/seed_181/fold_7_occlusion_scores.csv,642813,large_analysis_output
artifacts/kather5k_jpi_revision/evaluation/random_cohort/partitions/random_prediction_independent/DINOv2/seed_181/fold_8_attribution_maps.csv,904879,large_analysis_output
artifacts/kather5k_jpi_revision/evaluation/random_cohort/partitions/random_prediction_independent/DINOv2/seed_181/fold_8_deletion_curves.csv,126090,large_analysis_output
artifacts/kather5k_jpi_revision/evaluation/random_cohort/partitions/random_prediction_independent/DINOv2/seed_181/fold_8_metrics.csv,16193,large_analysis_output
artifacts/kather5k_jpi_revision/evaluation/random_cohort/partitions/random_prediction_independent/DINOv2/seed_181/fold_8_occlusion_scores.csv,966724,large_analysis_output
artifacts/kather5k_jpi_revision/evaluation/random_cohort/partitions/random_prediction_independent/DINOv2/seed_181/fold_9_attribution_maps.csv,1909041,large_analysis_output
artifacts/kather5k_jpi_revision/evaluation/random_cohort/partitions/random_prediction_independent/DINOv2/seed_181/fold_9_deletion_curves.csv,264858,large_analysis_output
artifacts/kather5k_jpi_revision/evaluation/random_cohort/partitions/random_prediction_independent/DINOv2/seed_181/fold_9_metrics.csv,31606,large_analysis_output
artifacts/kather5k_jpi_revision/evaluation/random_cohort/partitions/random_prediction_independent/DINOv2/seed_181/fold_9_occlusion_scores.csv,2033711,large_analysis_output
artifacts/kather5k_jpi_revision/evaluation/random_cohort/partitions/random_prediction_independent/DINOv2/seed_89/fold_0_attribution_maps.csv,699667,large_analysis_output
artifacts/kather5k_jpi_revision/evaluation/random_cohort/partitions/random_prediction_independent/DINOv2/seed_89/fold_0_deletion_curves.csv,97640,large_analysis_output
artifacts/kather5k_jpi_revision/evaluation/random_cohort/partitions/random_prediction_independent/DINOv2/seed_89/fold_0_metrics.csv,13089,large_analysis_output
artifacts/kather5k_jpi_revision/evaluation/random_cohort/partitions/random_prediction_independent/DINOv2/seed_89/fold_0_occlusion_scores.csv,748262,large_analysis_output
artifacts/kather5k_jpi_revision/evaluation/random_cohort/partitions/random_prediction_independent/DINOv2/seed_89/fold_1_attribution_maps.csv,599795,large_analysis_output
artifacts/kather5k_jpi_revision/evaluation/random_cohort/partitions/random_prediction_independent/DINOv2/seed_89/fold_1_deletion_curves.csv,83971,large_analysis_output
artifacts/kather5k_jpi_revision/evaluation/random_cohort/partitions/random_prediction_independent/DINOv2/seed_89/fold_1_metrics.csv,11630,large_analysis_output
artifacts/kather5k_jpi_revision/evaluation/random_cohort/partitions/random_prediction_independent/DINOv2/seed_89/fold_1_occlusion_scores.csv,642783,large_analysis_output
artifacts/kather5k_jpi_revision/evaluation/random_cohort/partitions/random_prediction_independent/DINOv2/seed_89/fold_2_attribution_maps.csv,910070,large_analysis_output
artifacts/kather5k_jpi_revision/evaluation/random_cohort/partitions/random_prediction_independent/DINOv2/seed_89/fold_2_deletion_curves.csv,126432,large_analysis_output
artifacts/kather5k_jpi_revision/evaluation/random_cohort/partitions/random_prediction_independent/DINOv2/seed_89/fold_2_metrics.csv,16151,large_analysis_output
artifacts/kather5k_jpi_revision/evaluation/random_cohort/partitions/random_prediction_independent/DINOv2/seed_89/fold_2_occlusion_scores.csv,971296,large_analysis_output
artifacts/kather5k_jpi_revision/evaluation/random_cohort/partitions/random_prediction_independent/DINOv2/seed_89/fold_3_attribution_maps.csv,703327,large_analysis_output
artifacts/kather5k_jpi_revision/evaluation/random_cohort/partitions/random_prediction_independent/DINOv2/seed_89/fold_3_deletion_curves.csv,98039,large_analysis_output
artifacts/kather5k_jpi_revision/evaluation/random_cohort/partitions/random_prediction_independent/DINOv2/seed_89/fold_3_metrics.csv,13251,large_analysis_output
artifacts/kather5k_jpi_revision/evaluation/random_cohort/partitions/random_prediction_independent/DINOv2/seed_89/fold_3_occlusion_scores.csv,749921,large_analysis_output
artifacts/kather5k_jpi_revision/evaluation/random_cohort/partitions/random_prediction_independent/DINOv2/seed_89/fold_4_attribution_maps.csv,1105147,large_analysis_output
artifacts/kather5k_jpi_revision/evaluation/random_cohort/partitions/random_prediction_independent/DINOv2/seed_89/fold_4_deletion_curves.csv,153718,large_analysis_output
artifacts/kather5k_jpi_revision/evaluation/random_cohort/partitions/random_prediction_independent/DINOv2/seed_89/fold_4_metrics.csv,19489,large_analysis_output
artifacts/kather5k_jpi_revision/evaluation/random_cohort/partitions/random_prediction_independent/DINOv2/seed_89/fold_4_occlusion_scores.csv,1179264,large_analysis_output
artifacts/kather5k_jpi_revision/evaluation/random_cohort/partitions/random_prediction_independent/DINOv2/seed_89/fold_5_attribution_maps.csv,1202649,large_analysis_output
artifacts/kather5k_jpi_revision/evaluation/random_cohort/partitions/random_prediction_independent/DINOv2/seed_89/fold_5_deletion_curves.csv,167358,large_analysis_output
artifacts/kather5k_jpi_revision/evaluation/random_cohort/partitions/random_prediction_independent/DINOv2/seed_89/fold_5_metrics.csv,20942,large_analysis_output
artifacts/kather5k_jpi_revision/evaluation/random_cohort/partitions/random_prediction_independent/DINOv2/seed_89/fold_5_occlusion_scores.csv,1285583,large_analysis_output
artifacts/kather5k_jpi_revision/evaluation/random_cohort/partitions/random_prediction_independent/DINOv2/seed_89/fold_6_attribution_maps.csv,905241,large_analysis_output
artifacts/kather5k_jpi_revision/evaluation/random_cohort/partitions/random_prediction_independent/DINOv2/seed_89/fold_6_deletion_curves.csv,126324,large_analysis_output
artifacts/kather5k_jpi_revision/evaluation/random_cohort/partitions/random_prediction_independent/DINOv2/seed_89/fold_6_metrics.csv,16291,large_analysis_output
artifacts/kather5k_jpi_revision/evaluation/random_cohort/partitions/random_prediction_independent/DINOv2/seed_89/fold_6_occlusion_scores.csv,970066,large_analysis_output
artifacts/kather5k_jpi_revision/evaluation/random_cohort/partitions/random_prediction_independent/DINOv2/seed_89/fold_7_attribution_maps.csv,599900,large_analysis_output
artifacts/kather5k_jpi_revision/evaluation/random_cohort/partitions/random_prediction_independent/DINOv2/seed_89/fold_7_deletion_curves.csv,83761,large_analysis_output
artifacts/kather5k_jpi_revision/evaluation/random_cohort/partitions/random_prediction_independent/DINOv2/seed_89/fold_7_metrics.csv,11666,large_analysis_output
artifacts/kather5k_jpi_revision/evaluation/random_cohort/partitions/random_prediction_independent/DINOv2/seed_89/fold_7_occlusion_scores.csv,641146,large_analysis_output
artifacts/kather5k_jpi_revision/evaluation/random_cohort/partitions/random_prediction_independent/DINOv2/seed_89/fold_8_attribution_maps.csv,903141,large_analysis_output
artifacts/kather5k_jpi_revision/evaluation/random_cohort/partitions/random_prediction_independent/DINOv2/seed_89/fold_8_deletion_curves.csv,125810,large_analysis_output
artifacts/kather5k_jpi_revision/evaluation/random_cohort/partitions/random_prediction_independent/DINOv2/seed_89/fold_8_metrics.csv,16234,large_analysis_output
artifacts/kather5k_jpi_revision/evaluation/random_cohort/partitions/random_prediction_independent/DINOv2/seed_89/fold_8_occlusion_scores.csv,964275,large_analysis_output
artifacts/kather5k_jpi_revision/evaluation/random_cohort/partitions/random_prediction_independent/DINOv2/seed_89/fold_9_attribution_maps.csv,1906340,large_analysis_output
artifacts/kather5k_jpi_revision/evaluation/random_cohort/partitions/random_prediction_independent/DINOv2/seed_89/fold_9_deletion_curves.csv,264721,large_analysis_output
artifacts/kather5k_jpi_revision/evaluation/random_cohort/partitions/random_prediction_independent/DINOv2/seed_89/fold_9_metrics.csv,31733,large_analysis_output
artifacts/kather5k_jpi_revision/evaluation/random_cohort/partitions/random_prediction_independent/DINOv2/seed_89/fold_9_occlusion_scores.csv,2033863,large_analysis_output
artifacts/kather5k_jpi_revision/evaluation/random_cohort/partitions/random_prediction_independent/ResNet18/seed_11/fold_0_attribution_maps.csv,577917,large_analysis_output
artifacts/kather5k_jpi_revision/evaluation/random_cohort/partitions/random_prediction_independent/ResNet18/seed_11/fold_0_deletion_curves.csv,81483,large_analysis_output
artifacts/kather5k_jpi_revision/evaluation/random_cohort/partitions/random_prediction_independent/ResNet18/seed_11/fold_0_metrics.csv,11529,large_analysis_output
artifacts/kather5k_jpi_revision/evaluation/random_cohort/partitions/random_prediction_independent/ResNet18/seed_11/fold_0_occlusion_scores.csv,644632,large_analysis_output
artifacts/kather5k_jpi_revision/evaluation/random_cohort/partitions/random_prediction_independent/ResNet18/seed_11/fold_1_attribution_maps.csv,577565,large_analysis_output
artifacts/kather5k_jpi_revision/evaluation/random_cohort/partitions/random_prediction_independent/ResNet18/seed_11/fold_1_deletion_curves.csv,81399,large_analysis_output
artifacts/kather5k_jpi_revision/evaluation/random_cohort/partitions/random_prediction_independent/ResNet18/seed_11/fold_1_metrics.csv,11451,large_analysis_output
artifacts/kather5k_jpi_revision/evaluation/random_cohort/partitions/random_prediction_independent/ResNet18/seed_11/fold_1_occlusion_scores.csv,643323,large_analysis_output
artifacts/kather5k_jpi_revision/evaluation/random_cohort/partitions/random_prediction_independent/ResNet18/seed_11/fold_2_attribution_maps.csv,1071297,large_analysis_output
artifacts/kather5k_jpi_revision/evaluation/random_cohort/partitions/random_prediction_independent/ResNet18/seed_11/fold_2_deletion_curves.csv,150213,large_analysis_output
artifacts/kather5k_jpi_revision/evaluation/random_cohort/partitions/random_prediction_independent/ResNet18/seed_11/fold_2_metrics.csv,19123,large_analysis_output
artifacts/kather5k_jpi_revision/evaluation/random_cohort/partitions/random_prediction_independent/ResNet18/seed_11/fold_2_occlusion_scores.csv,1191764,large_analysis_output
artifacts/kather5k_jpi_revision/evaluation/random_cohort/partitions/random_prediction_independent/ResNet18/seed_11/fold_3_attribution_maps.csv,677670,large_analysis_output
artifacts/kather5k_jpi_revision/evaluation/random_cohort/partitions/random_prediction_independent/ResNet18/seed_11/fold_3_deletion_curves.csv,95142,large_analysis_output
artifacts/kather5k_jpi_revision/evaluation/random_cohort/partitions/random_prediction_independent/ResNet18/seed_11/fold_3_metrics.csv,13019,large_analysis_output
artifacts/kather5k_jpi_revision/evaluation/random_cohort/partitions/random_prediction_independent/ResNet18/seed_11/fold_3_occlusion_scores.csv,753632,large_analysis_output
artifacts/kather5k_jpi_revision/evaluation/random_cohort/partitions/random_prediction_independent/ResNet18/seed_11/fold_4_attribution_maps.csv,965700,large_analysis_output
artifacts/kather5k_jpi_revision/evaluation/random_cohort/partitions/random_prediction_independent/ResNet18/seed_11/fold_4_deletion_curves.csv,135613,large_analysis_output
artifacts/kather5k_jpi_revision/evaluation/random_cohort/partitions/random_prediction_independent/ResNet18/seed_11/fold_4_metrics.csv,17586,large_analysis_output
artifacts/kather5k_jpi_revision/evaluation/random_cohort/partitions/random_prediction_independent/ResNet18/seed_11/fold_4_occlusion_scores.csv,1075334,large_analysis_output
artifacts/kather5k_jpi_revision/evaluation/random_cohort/partitions/random_prediction_independent/ResNet18/seed_11/fold_5_attribution_maps.csv,1254179,large_analysis_output
artifacts/kather5k_jpi_revision/evaluation/random_cohort/partitions/random_prediction_independent/ResNet18/seed_11/fold_5_deletion_curves.csv,176448,large_analysis_output
artifacts/kather5k_jpi_revision/evaluation/random_cohort/partitions/random_prediction_independent/ResNet18/seed_11/fold_5_metrics.csv,22289,large_analysis_output
artifacts/kather5k_jpi_revision/evaluation/random_cohort/partitions/random_prediction_independent/ResNet18/seed_11/fold_5_occlusion_scores.csv,1397201,large_analysis_output
artifacts/kather5k_jpi_revision/evaluation/random_cohort/partitions/random_prediction_independent/ResNet18/seed_11/fold_6_attribution_maps.csv,872873,large_analysis_output
artifacts/kather5k_jpi_revision/evaluation/random_cohort/partitions/random_prediction_independent/ResNet18/seed_11/fold_6_deletion_curves.csv,122611,large_analysis_output
artifacts/kather5k_jpi_revision/evaluation/random_cohort/partitions/random_prediction_independent/ResNet18/seed_11/fold_6_metrics.csv,16070,large_analysis_output
artifacts/kather5k_jpi_revision/evaluation/random_cohort/partitions/random_prediction_independent/ResNet18/seed_11/fold_6_occlusion_scores.csv,971767,large_analysis_output
artifacts/kather5k_jpi_revision/evaluation/random_cohort/partitions/random_prediction_independent/ResNet18/seed_11/fold_7_attribution_maps.csv,576419,large_analysis_output
artifacts/kather5k_jpi_revision/evaluation/random_cohort/partitions/random_prediction_independent/ResNet18/seed_11/fold_7_deletion_curves.csv,81329,large_analysis_output
artifacts/kather5k_jpi_revision/evaluation/random_cohort/partitions/random_prediction_independent/ResNet18/seed_11/fold_7_metrics.csv,11456,large_analysis_output
artifacts/kather5k_jpi_revision/evaluation/random_cohort/partitions/random_prediction_independent/ResNet18/seed_11/fold_7_occlusion_scores.csv,642486,large_analysis_output
artifacts/kather5k_jpi_revision/evaluation/random_cohort/partitions/random_prediction_independent/ResNet18/seed_11/fold_8_attribution_maps.csv,963845,large_analysis_output
artifacts/kather5k_jpi_revision/evaluation/random_cohort/partitions/random_prediction_independent/ResNet18/seed_11/fold_8_deletion_curves.csv,135659,large_analysis_output
artifacts/kather5k_jpi_revision/evaluation/random_cohort/partitions/random_prediction_independent/ResNet18/seed_11/fold_8_metrics.csv,17561,large_analysis_output
artifacts/kather5k_jpi_revision/evaluation/random_cohort/partitions/random_prediction_independent/ResNet18/seed_11/fold_8_occlusion_scores.csv,1074793,large_analysis_output
artifacts/kather5k_jpi_revision/evaluation/random_cohort/partitions/random_prediction_independent/ResNet18/seed_11/fold_9_attribution_maps.csv,1738942,large_analysis_output
artifacts/kather5k_jpi_revision/evaluation/random_cohort/partitions/random_prediction_independent/ResNet18/seed_11/fold_9_deletion_curves.csv,243877,large_analysis_output
artifacts/kather5k_jpi_revision/evaluation/random_cohort/partitions/random_prediction_independent/ResNet18/seed_11/fold_9_metrics.csv,29836,large_analysis_output
artifacts/kather5k_jpi_revision/evaluation/random_cohort/partitions/random_prediction_independent/ResNet18/seed_11/fold_9_occlusion_scores.csv,1937375,large_analysis_output
artifacts/kather5k_jpi_revision/evaluation/random_cohort/partitions/random_prediction_independent/ResNet18/seed_181/fold_0_attribution_maps.csv,673119,large_analysis_output
artifacts/kather5k_jpi_revision/evaluation/random_cohort/partitions/random_prediction_independent/ResNet18/seed_181/fold_0_deletion_curves.csv,94756,large_analysis_output
artifacts/kather5k_jpi_revision/evaluation/random_cohort/partitions/random_prediction_independent/ResNet18/seed_181/fold_0_metrics.csv,12990,large_analysis_output
artifacts/kather5k_jpi_revision/evaluation/random_cohort/partitions/random_prediction_independent/ResNet18/seed_181/fold_0_occlusion_scores.csv,750206,large_analysis_output
artifacts/kather5k_jpi_revision/evaluation/random_cohort/partitions/random_prediction_independent/ResNet18/seed_181/fold_1_attribution_maps.csv,482994,large_analysis_output
artifacts/kather5k_jpi_revision/evaluation/random_cohort/partitions/random_prediction_independent/ResNet18/seed_181/fold_1_deletion_curves.csv,68031,large_analysis_output
artifacts/kather5k_jpi_revision/evaluation/random_cohort/partitions/random_prediction_independent/ResNet18/seed_181/fold_1_metrics.csv,9918,large_analysis_output
artifacts/kather5k_jpi_revision/evaluation/random_cohort/partitions/random_prediction_independent/ResNet18/seed_181/fold_1_occlusion_scores.csv,538120,large_analysis_output
artifacts/kather5k_jpi_revision/evaluation/random_cohort/partitions/random_prediction_independent/ResNet18/seed_181/fold_2_attribution_maps.csv,976320,large_analysis_output
artifacts/kather5k_jpi_revision/evaluation/random_cohort/partitions/random_prediction_independent/ResNet18/seed_181/fold_2_deletion_curves.csv,136946,large_analysis_output
artifacts/kather5k_jpi_revision/evaluation/random_cohort/partitions/random_prediction_independent/ResNet18/seed_181/fold_2_metrics.csv,17608,large_analysis_output
artifacts/kather5k_jpi_revision/evaluation/random_cohort/partitions/random_prediction_independent/ResNet18/seed_181/fold_2_occlusion_scores.csv,1086589,large_analysis_output
artifacts/kather5k_jpi_revision/evaluation/random_cohort/partitions/random_prediction_independent/ResNet18/seed_181/fold_3_attribution_maps.csv,679009,large_analysis_output
artifacts/kather5k_jpi_revision/evaluation/random_cohort/partitions/random_prediction_independent/ResNet18/seed_181/fold_3_deletion_curves.csv,95399,large_analysis_output
artifacts/kather5k_jpi_revision/evaluation/random_cohort/partitions/random_prediction_independent/ResNet18/seed_181/fold_3_metrics.csv,13068,large_analysis_output
artifacts/kather5k_jpi_revision/evaluation/random_cohort/partitions/random_prediction_independent/ResNet18/seed_181/fold_3_occlusion_scores.csv,755272,large_analysis_output
artifacts/kather5k_jpi_revision/evaluation/random_cohort/partitions/random_prediction_independent/ResNet18/seed_181/fold_4_attribution_maps.csv,966079,large_analysis_output
artifacts/kather5k_jpi_revision/evaluation/random_cohort/partitions/random_prediction_independent/ResNet18/seed_181/fold_4_deletion_curves.csv,135804,large_analysis_output
artifacts/kather5k_jpi_revision/evaluation/random_cohort/partitions/random_prediction_independent/ResNet18/seed_181/fold_4_metrics.csv,17636,large_analysis_output
artifacts/kather5k_jpi_revision/evaluation/random_cohort/partitions/random_prediction_independent/ResNet18/seed_181/fold_4_occlusion_scores.csv,1075517,large_analysis_output
artifacts/kather5k_jpi_revision/evaluation/random_cohort/partitions/random_prediction_independent/ResNet18/seed_181/fold_5_attribution_maps.csv,1353196,large_analysis_output
artifacts/kather5k_jpi_revision/evaluation/random_cohort/partitions/random_prediction_independent/ResNet18/seed_181/fold_5_deletion_curves.csv,190098,large_analysis_output
artifacts/kather5k_jpi_revision/evaluation/random_cohort/partitions/random_prediction_independent/ResNet18/seed_181/fold_5_metrics.csv,23738,large_analysis_output
artifacts/kather5k_jpi_revision/evaluation/random_cohort/partitions/random_prediction_independent/ResNet18/seed_181/fold_5_occlusion_scores.csv,1507799,large_analysis_output
artifacts/kather5k_jpi_revision/evaluation/random_cohort/partitions/random_prediction_independent/ResNet18/seed_181/fold_6_attribution_maps.csv,874010,large_analysis_output
artifacts/kather5k_jpi_revision/evaluation/random_cohort/partitions/random_prediction_independent/ResNet18/seed_181/fold_6_deletion_curves.csv,122843,large_analysis_output
artifacts/kather5k_jpi_revision/evaluation/random_cohort/partitions/random_prediction_independent/ResNet18/seed_181/fold_6_metrics.csv,16114,large_analysis_output
artifacts/kather5k_jpi_revision/evaluation/random_cohort/partitions/random_prediction_independent/ResNet18/seed_181/fold_6_occlusion_scores.csv,972651,large_analysis_output
artifacts/kather5k_jpi_revision/evaluation/random_cohort/partitions/random_prediction_independent/ResNet18/seed_181/fold_7_attribution_maps.csv,577223,large_analysis_output
artifacts/kather5k_jpi_revision/evaluation/random_cohort/partitions/random_prediction_independent/ResNet18/seed_181/fold_7_deletion_curves.csv,81398,large_analysis_output
artifacts/kather5k_jpi_revision/evaluation/random_cohort/partitions/random_prediction_independent/ResNet18/seed_181/fold_7_metrics.csv,11482,large_analysis_output
artifacts/kather5k_jpi_revision/evaluation/random_cohort/partitions/random_prediction_independent/ResNet18/seed_181/fold_7_occlusion_scores.csv,643094,large_analysis_output
artifacts/kather5k_jpi_revision/evaluation/random_cohort/partitions/random_prediction_independent/ResNet18/seed_181/fold_8_attribution_maps.csv,870846,large_analysis_output
artifacts/kather5k_jpi_revision/evaluation/random_cohort/partitions/random_prediction_independent/ResNet18/seed_181/fold_8_deletion_curves.csv,122408,large_analysis_output
artifacts/kather5k_jpi_revision/evaluation/random_cohort/partitions/random_prediction_independent/ResNet18/seed_181/fold_8_metrics.csv,16100,large_analysis_output
artifacts/kather5k_jpi_revision/evaluation/random_cohort/partitions/random_prediction_independent/ResNet18/seed_181/fold_8_occlusion_scores.csv,970410,large_analysis_output
artifacts/kather5k_jpi_revision/evaluation/random_cohort/partitions/random_prediction_independent/ResNet18/seed_181/fold_9_attribution_maps.csv,1840998,large_analysis_output
artifacts/kather5k_jpi_revision/evaluation/random_cohort/partitions/random_prediction_independent/ResNet18/seed_181/fold_9_deletion_curves.csv,258110,large_analysis_output
artifacts/kather5k_jpi_revision/evaluation/random_cohort/partitions/random_prediction_independent/ResNet18/seed_181/fold_9_metrics.csv,31387,large_analysis_output
artifacts/kather5k_jpi_revision/evaluation/random_cohort/partitions/random_prediction_independent/ResNet18/seed_181/fold_9_occlusion_scores.csv,2050966,large_analysis_output
artifacts/kather5k_jpi_revision/evaluation/random_cohort/partitions/random_prediction_independent/ResNet18/seed_89/fold_0_attribution_maps.csv,672269,large_analysis_output
artifacts/kather5k_jpi_revision/evaluation/random_cohort/partitions/random_prediction_independent/ResNet18/seed_89/fold_0_deletion_curves.csv,94714,large_analysis_output
artifacts/kather5k_jpi_revision/evaluation/random_cohort/partitions/random_prediction_independent/ResNet18/seed_89/fold_0_metrics.csv,12998,large_analysis_output
artifacts/kather5k_jpi_revision/evaluation/random_cohort/partitions/random_prediction_independent/ResNet18/seed_89/fold_0_occlusion_scores.csv,749929,large_analysis_output
artifacts/kather5k_jpi_revision/evaluation/random_cohort/partitions/random_prediction_independent/ResNet18/seed_89/fold_1_attribution_maps.csv,577159,large_analysis_output
artifacts/kather5k_jpi_revision/evaluation/random_cohort/partitions/random_prediction_independent/ResNet18/seed_89/fold_1_deletion_curves.csv,81384,large_analysis_output
artifacts/kather5k_jpi_revision/evaluation/random_cohort/partitions/random_prediction_independent/ResNet18/seed_89/fold_1_metrics.csv,11507,large_analysis_output
artifacts/kather5k_jpi_revision/evaluation/random_cohort/partitions/random_prediction_independent/ResNet18/seed_89/fold_1_occlusion_scores.csv,642885,large_analysis_output
artifacts/kather5k_jpi_revision/evaluation/random_cohort/partitions/random_prediction_independent/ResNet18/seed_89/fold_2_attribution_maps.csv,876171,large_analysis_output
artifacts/kather5k_jpi_revision/evaluation/random_cohort/partitions/random_prediction_independent/ResNet18/seed_89/fold_2_deletion_curves.csv,122929,large_analysis_output
artifacts/kather5k_jpi_revision/evaluation/random_cohort/partitions/random_prediction_independent/ResNet18/seed_89/fold_2_metrics.csv,16100,large_analysis_output
artifacts/kather5k_jpi_revision/evaluation/random_cohort/partitions/random_prediction_independent/ResNet18/seed_89/fold_2_occlusion_scores.csv,975253,large_analysis_output
artifacts/kather5k_jpi_revision/evaluation/random_cohort/partitions/random_prediction_independent/ResNet18/seed_89/fold_3_attribution_maps.csv,677594,large_analysis_output
artifacts/kather5k_jpi_revision/evaluation/random_cohort/partitions/random_prediction_independent/ResNet18/seed_89/fold_3_deletion_curves.csv,95329,large_analysis_output
artifacts/kather5k_jpi_revision/evaluation/random_cohort/partitions/random_prediction_independent/ResNet18/seed_89/fold_3_metrics.csv,13054,large_analysis_output
artifacts/kather5k_jpi_revision/evaluation/random_cohort/partitions/random_prediction_independent/ResNet18/seed_89/fold_3_occlusion_scores.csv,755084,large_analysis_output
artifacts/kather5k_jpi_revision/evaluation/random_cohort/partitions/random_prediction_independent/ResNet18/seed_89/fold_4_attribution_maps.csv,1064767,large_analysis_output
artifacts/kather5k_jpi_revision/evaluation/random_cohort/partitions/random_prediction_independent/ResNet18/seed_89/fold_4_deletion_curves.csv,149363,large_analysis_output
artifacts/kather5k_jpi_revision/evaluation/random_cohort/partitions/random_prediction_independent/ResNet18/seed_89/fold_4_metrics.csv,19134,large_analysis_output
artifacts/kather5k_jpi_revision/evaluation/random_cohort/partitions/random_prediction_independent/ResNet18/seed_89/fold_4_occlusion_scores.csv,1184940,large_analysis_output
artifacts/kather5k_jpi_revision/evaluation/random_cohort/partitions/random_prediction_independent/ResNet18/seed_89/fold_5_attribution_maps.csv,1156533,large_analysis_output
artifacts/kather5k_jpi_revision/evaluation/random_cohort/partitions/random_prediction_independent/ResNet18/seed_89/fold_5_deletion_curves.csv,162402,large_analysis_output
artifacts/kather5k_jpi_revision/evaluation/random_cohort/partitions/random_prediction_independent/ResNet18/seed_89/fold_5_metrics.csv,20645,large_analysis_output
artifacts/kather5k_jpi_revision/evaluation/random_cohort/partitions/random_prediction_independent/ResNet18/seed_89/fold_5_occlusion_scores.csv,1287742,large_analysis_output
artifacts/kather5k_jpi_revision/evaluation/random_cohort/partitions/random_prediction_independent/ResNet18/seed_89/fold_6_attribution_maps.csv,871794,large_analysis_output
artifacts/kather5k_jpi_revision/evaluation/random_cohort/partitions/random_prediction_independent/ResNet18/seed_89/fold_6_deletion_curves.csv,122473,large_analysis_output
artifacts/kather5k_jpi_revision/evaluation/random_cohort/partitions/random_prediction_independent/ResNet18/seed_89/fold_6_metrics.csv,16104,large_analysis_output
artifacts/kather5k_jpi_revision/evaluation/random_cohort/partitions/random_prediction_independent/ResNet18/seed_89/fold_6_occlusion_scores.csv,969750,large_analysis_output
artifacts/kather5k_jpi_revision/evaluation/random_cohort/partitions/random_prediction_independent/ResNet18/seed_89/fold_7_attribution_maps.csv,577947,large_analysis_output
artifacts/kather5k_jpi_revision/evaluation/random_cohort/partitions/random_prediction_independent/ResNet18/seed_89/fold_7_deletion_curves.csv,81355,large_analysis_output
artifacts/kather5k_jpi_revision/evaluation/random_cohort/partitions/random_prediction_independent/ResNet18/seed_89/fold_7_metrics.csv,11489,large_analysis_output
artifacts/kather5k_jpi_revision/evaluation/random_cohort/partitions/random_prediction_independent/ResNet18/seed_89/fold_7_occlusion_scores.csv,643838,large_analysis_output
artifacts/kather5k_jpi_revision/evaluation/random_cohort/partitions/random_prediction_independent/ResNet18/seed_89/fold_8_attribution_maps.csv,867938,large_analysis_output
artifacts/kather5k_jpi_revision/evaluation/random_cohort/partitions/random_prediction_independent/ResNet18/seed_89/fold_8_deletion_curves.csv,122068,large_analysis_output
artifacts/kather5k_jpi_revision/evaluation/random_cohort/partitions/random_prediction_independent/ResNet18/seed_89/fold_8_metrics.csv,16022,large_analysis_output
artifacts/kather5k_jpi_revision/evaluation/random_cohort/partitions/random_prediction_independent/ResNet18/seed_89/fold_8_occlusion_scores.csv,966351,large_analysis_output
artifacts/kather5k_jpi_revision/evaluation/random_cohort/partitions/random_prediction_independent/ResNet18/seed_89/fold_9_attribution_maps.csv,1837723,large_analysis_output
artifacts/kather5k_jpi_revision/evaluation/random_cohort/partitions/random_prediction_independent/ResNet18/seed_89/fold_9_deletion_curves.csv,257702,large_analysis_output
artifacts/kather5k_jpi_revision/evaluation/random_cohort/partitions/random_prediction_independent/ResNet18/seed_89/fold_9_metrics.csv,31437,large_analysis_output
artifacts/kather5k_jpi_revision/evaluation/random_cohort/partitions/random_prediction_independent/ResNet18/seed_89/fold_9_occlusion_scores.csv,2046740,large_analysis_output
artifacts/kather5k_jpi_revision/evaluation/random_cohort/partitions/random_prediction_independent/UNI/seed_11/fold_0_attribution_maps.csv,586596,large_analysis_output
artifacts/kather5k_jpi_revision/evaluation/random_cohort/partitions/random_prediction_independent/UNI/seed_11/fold_0_deletion_curves.csv,82389,large_analysis_output
artifacts/kather5k_jpi_revision/evaluation/random_cohort/partitions/random_prediction_independent/UNI/seed_11/fold_0_metrics.csv,11515,large_analysis_output
artifacts/kather5k_jpi_revision/evaluation/random_cohort/partitions/random_prediction_independent/UNI/seed_11/fold_0_occlusion_scores.csv,630376,large_analysis_output
artifacts/kather5k_jpi_revision/evaluation/random_cohort/partitions/random_prediction_independent/UNI/seed_11/fold_1_attribution_maps.csv,585877,large_analysis_output
artifacts/kather5k_jpi_revision/evaluation/random_cohort/partitions/random_prediction_independent/UNI/seed_11/fold_1_deletion_curves.csv,82520,large_analysis_output
artifacts/kather5k_jpi_revision/evaluation/random_cohort/partitions/random_prediction_independent/UNI/seed_11/fold_1_metrics.csv,11573,large_analysis_output
artifacts/kather5k_jpi_revision/evaluation/random_cohort/partitions/random_prediction_independent/UNI/seed_11/fold_1_occlusion_scores.csv,631493,large_analysis_output
artifacts/kather5k_jpi_revision/evaluation/random_cohort/partitions/random_prediction_independent/UNI/seed_11/fold_2_attribution_maps.csv,1084386,large_analysis_output
artifacts/kather5k_jpi_revision/evaluation/random_cohort/partitions/random_prediction_independent/UNI/seed_11/fold_2_deletion_curves.csv,151741,large_analysis_output
artifacts/kather5k_jpi_revision/evaluation/random_cohort/partitions/random_prediction_independent/UNI/seed_11/fold_2_metrics.csv,19213,large_analysis_output
artifacts/kather5k_jpi_revision/evaluation/random_cohort/partitions/random_prediction_independent/UNI/seed_11/fold_2_occlusion_scores.csv,1165336,large_analysis_output
artifacts/kather5k_jpi_revision/evaluation/random_cohort/partitions/random_prediction_independent/UNI/seed_11/fold_3_attribution_maps.csv,686998,large_analysis_output
artifacts/kather5k_jpi_revision/evaluation/random_cohort/partitions/random_prediction_independent/UNI/seed_11/fold_3_deletion_curves.csv,96342,large_analysis_output
artifacts/kather5k_jpi_revision/evaluation/random_cohort/partitions/random_prediction_independent/UNI/seed_11/fold_3_metrics.csv,13100,large_analysis_output
artifacts/kather5k_jpi_revision/evaluation/random_cohort/partitions/random_prediction_independent/UNI/seed_11/fold_3_occlusion_scores.csv,737354,large_analysis_output
artifacts/kather5k_jpi_revision/evaluation/random_cohort/partitions/random_prediction_independent/UNI/seed_11/fold_4_attribution_maps.csv,979294,large_analysis_output
artifacts/kather5k_jpi_revision/evaluation/random_cohort/partitions/random_prediction_independent/UNI/seed_11/fold_4_deletion_curves.csv,136949,large_analysis_output
artifacts/kather5k_jpi_revision/evaluation/random_cohort/partitions/random_prediction_independent/UNI/seed_11/fold_4_metrics.csv,17685,large_analysis_output
artifacts/kather5k_jpi_revision/evaluation/random_cohort/partitions/random_prediction_independent/UNI/seed_11/fold_4_occlusion_scores.csv,1052298,large_analysis_output
artifacts/kather5k_jpi_revision/evaluation/random_cohort/partitions/random_prediction_independent/UNI/seed_11/fold_5_attribution_maps.csv,1273545,large_analysis_output
artifacts/kather5k_jpi_revision/evaluation/random_cohort/partitions/random_prediction_independent/UNI/seed_11/fold_5_deletion_curves.csv,178370,large_analysis_output
artifacts/kather5k_jpi_revision/evaluation/random_cohort/partitions/random_prediction_independent/UNI/seed_11/fold_5_metrics.csv,22300,large_analysis_output
artifacts/kather5k_jpi_revision/evaluation/random_cohort/partitions/random_prediction_independent/UNI/seed_11/fold_5_occlusion_scores.csv,1367842,large_analysis_output
artifacts/kather5k_jpi_revision/evaluation/random_cohort/partitions/random_prediction_independent/UNI/seed_11/fold_6_attribution_maps.csv,885136,large_analysis_output
artifacts/kather5k_jpi_revision/evaluation/random_cohort/partitions/random_prediction_independent/UNI/seed_11/fold_6_deletion_curves.csv,123909,large_analysis_output
artifacts/kather5k_jpi_revision/evaluation/random_cohort/partitions/random_prediction_independent/UNI/seed_11/fold_6_metrics.csv,16272,large_analysis_output
artifacts/kather5k_jpi_revision/evaluation/random_cohort/partitions/random_prediction_independent/UNI/seed_11/fold_6_occlusion_scores.csv,952969,large_analysis_output
artifacts/kather5k_jpi_revision/evaluation/random_cohort/partitions/random_prediction_independent/UNI/seed_11/fold_7_attribution_maps.csv,585574,large_analysis_output
artifacts/kather5k_jpi_revision/evaluation/random_cohort/partitions/random_prediction_independent/UNI/seed_11/fold_7_deletion_curves.csv,82353,large_analysis_output
artifacts/kather5k_jpi_revision/evaluation/random_cohort/partitions/random_prediction_independent/UNI/seed_11/fold_7_metrics.csv,11528,large_analysis_output
artifacts/kather5k_jpi_revision/evaluation/random_cohort/partitions/random_prediction_independent/UNI/seed_11/fold_7_occlusion_scores.csv,630403,large_analysis_output
artifacts/kather5k_jpi_revision/evaluation/random_cohort/partitions/random_prediction_independent/UNI/seed_11/fold_8_attribution_maps.csv,977209,large_analysis_output
artifacts/kather5k_jpi_revision/evaluation/random_cohort/partitions/random_prediction_independent/UNI/seed_11/fold_8_deletion_curves.csv,136882,large_analysis_output
artifacts/kather5k_jpi_revision/evaluation/random_cohort/partitions/random_prediction_independent/UNI/seed_11/fold_8_metrics.csv,17628,large_analysis_output
artifacts/kather5k_jpi_revision/evaluation/random_cohort/partitions/random_prediction_independent/UNI/seed_11/fold_8_occlusion_scores.csv,1049704,large_analysis_output
artifacts/kather5k_jpi_revision/evaluation/random_cohort/partitions/random_prediction_independent/UNI/seed_11/fold_9_attribution_maps.csv,1764766,large_analysis_output
artifacts/kather5k_jpi_revision/evaluation/random_cohort/partitions/random_prediction_independent/UNI/seed_11/fold_9_deletion_curves.csv,247119,large_analysis_output
artifacts/kather5k_jpi_revision/evaluation/random_cohort/partitions/random_prediction_independent/UNI/seed_11/fold_9_metrics.csv,30023,large_analysis_output
artifacts/kather5k_jpi_revision/evaluation/random_cohort/partitions/random_prediction_independent/UNI/seed_11/fold_9_occlusion_scores.csv,1896394,large_analysis_output
artifacts/kather5k_jpi_revision/evaluation/random_cohort/partitions/random_prediction_independent/UNI/seed_181/fold_0_attribution_maps.csv,683982,large_analysis_output
artifacts/kather5k_jpi_revision/evaluation/random_cohort/partitions/random_prediction_independent/UNI/seed_181/fold_0_deletion_curves.csv,95979,large_analysis_output
artifacts/kather5k_jpi_revision/evaluation/random_cohort/partitions/random_prediction_independent/UNI/seed_181/fold_0_metrics.csv,13056,large_analysis_output
artifacts/kather5k_jpi_revision/evaluation/random_cohort/partitions/random_prediction_independent/UNI/seed_181/fold_0_occlusion_scores.csv,735123,large_analysis_output
artifacts/kather5k_jpi_revision/evaluation/random_cohort/partitions/random_prediction_independent/UNI/seed_181/fold_1_attribution_maps.csv,490049,large_analysis_output
artifacts/kather5k_jpi_revision/evaluation/random_cohort/partitions/random_prediction_independent/UNI/seed_181/fold_1_deletion_curves.csv,68839,large_analysis_output
artifacts/kather5k_jpi_revision/evaluation/random_cohort/partitions/random_prediction_independent/UNI/seed_181/fold_1_metrics.csv,10051,large_analysis_output
artifacts/kather5k_jpi_revision/evaluation/random_cohort/partitions/random_prediction_independent/UNI/seed_181/fold_1_occlusion_scores.csv,528114,large_analysis_output
artifacts/kather5k_jpi_revision/evaluation/random_cohort/partitions/random_prediction_independent/UNI/seed_181/fold_2_attribution_maps.csv,987399,large_analysis_output
artifacts/kather5k_jpi_revision/evaluation/random_cohort/partitions/random_prediction_independent/UNI/seed_181/fold_2_deletion_curves.csv,138015,large_analysis_output
artifacts/kather5k_jpi_revision/evaluation/random_cohort/partitions/random_prediction_independent/UNI/seed_181/fold_2_metrics.csv,17715,large_analysis_output
artifacts/kather5k_jpi_revision/evaluation/random_cohort/partitions/random_prediction_independent/UNI/seed_181/fold_2_occlusion_scores.csv,1061418,large_analysis_output
artifacts/kather5k_jpi_revision/evaluation/random_cohort/partitions/random_prediction_independent/UNI/seed_181/fold_3_attribution_maps.csv,688319,large_analysis_output
artifacts/kather5k_jpi_revision/evaluation/random_cohort/partitions/random_prediction_independent/UNI/seed_181/fold_3_deletion_curves.csv,96509,large_analysis_output
artifacts/kather5k_jpi_revision/evaluation/random_cohort/partitions/random_prediction_independent/UNI/seed_181/fold_3_metrics.csv,13151,large_analysis_output
artifacts/kather5k_jpi_revision/evaluation/random_cohort/partitions/random_prediction_independent/UNI/seed_181/fold_3_occlusion_scores.csv,738615,large_analysis_output
artifacts/kather5k_jpi_revision/evaluation/random_cohort/partitions/random_prediction_independent/UNI/seed_181/fold_4_attribution_maps.csv,982839,large_analysis_output
artifacts/kather5k_jpi_revision/evaluation/random_cohort/partitions/random_prediction_independent/UNI/seed_181/fold_4_deletion_curves.csv,137643,large_analysis_output
artifacts/kather5k_jpi_revision/evaluation/random_cohort/partitions/random_prediction_independent/UNI/seed_181/fold_4_metrics.csv,17787,large_analysis_output
artifacts/kather5k_jpi_revision/evaluation/random_cohort/partitions/random_prediction_independent/UNI/seed_181/fold_4_occlusion_scores.csv,1056758,large_analysis_output
artifacts/kather5k_jpi_revision/evaluation/random_cohort/partitions/random_prediction_independent/UNI/seed_181/fold_5_attribution_maps.csv,1374927,large_analysis_output
artifacts/kather5k_jpi_revision/evaluation/random_cohort/partitions/random_prediction_independent/UNI/seed_181/fold_5_deletion_curves.csv,192546,large_analysis_output
artifacts/kather5k_jpi_revision/evaluation/random_cohort/partitions/random_prediction_independent/UNI/seed_181/fold_5_metrics.csv,23960,large_analysis_output
artifacts/kather5k_jpi_revision/evaluation/random_cohort/partitions/random_prediction_independent/UNI/seed_181/fold_5_occlusion_scores.csv,1476671,large_analysis_output
artifacts/kather5k_jpi_revision/evaluation/random_cohort/partitions/random_prediction_independent/UNI/seed_181/fold_6_attribution_maps.csv,886437,large_analysis_output
artifacts/kather5k_jpi_revision/evaluation/random_cohort/partitions/random_prediction_independent/UNI/seed_181/fold_6_deletion_curves.csv,123938,large_analysis_output
artifacts/kather5k_jpi_revision/evaluation/random_cohort/partitions/random_prediction_independent/UNI/seed_181/fold_6_metrics.csv,16236,large_analysis_output
artifacts/kather5k_jpi_revision/evaluation/random_cohort/partitions/random_prediction_independent/UNI/seed_181/fold_6_occlusion_scores.csv,953501,large_analysis_output
artifacts/kather5k_jpi_revision/evaluation/random_cohort/partitions/random_prediction_independent/UNI/seed_181/fold_7_attribution_maps.csv,586738,large_analysis_output
artifacts/kather5k_jpi_revision/evaluation/random_cohort/partitions/random_prediction_independent/UNI/seed_181/fold_7_deletion_curves.csv,82380,large_analysis_output
artifacts/kather5k_jpi_revision/evaluation/random_cohort/partitions/random_prediction_independent/UNI/seed_181/fold_7_metrics.csv,11522,large_analysis_output
artifacts/kather5k_jpi_revision/evaluation/random_cohort/partitions/random_prediction_independent/UNI/seed_181/fold_7_occlusion_scores.csv,631173,large_analysis_output
artifacts/kather5k_jpi_revision/evaluation/random_cohort/partitions/random_prediction_independent/UNI/seed_181/fold_8_attribution_maps.csv,882524,large_analysis_output
artifacts/kather5k_jpi_revision/evaluation/random_cohort/partitions/random_prediction_independent/UNI/seed_181/fold_8_deletion_curves.csv,123570,large_analysis_output
artifacts/kather5k_jpi_revision/evaluation/random_cohort/partitions/random_prediction_independent/UNI/seed_181/fold_8_metrics.csv,16170,large_analysis_output
artifacts/kather5k_jpi_revision/evaluation/random_cohort/partitions/random_prediction_independent/UNI/seed_181/fold_8_occlusion_scores.csv,949024,large_analysis_output
artifacts/kather5k_jpi_revision/evaluation/random_cohort/partitions/random_prediction_independent/UNI/seed_181/fold_9_attribution_maps.csv,1866119,large_analysis_output
artifacts/kather5k_jpi_revision/evaluation/random_cohort/partitions/random_prediction_independent/UNI/seed_181/fold_9_deletion_curves.csv,261112,large_analysis_output
artifacts/kather5k_jpi_revision/evaluation/random_cohort/partitions/random_prediction_independent/UNI/seed_181/fold_9_metrics.csv,31648,large_analysis_output
artifacts/kather5k_jpi_revision/evaluation/random_cohort/partitions/random_prediction_independent/UNI/seed_181/fold_9_occlusion_scores.csv,2005778,large_analysis_output
artifacts/kather5k_jpi_revision/evaluation/random_cohort/partitions/random_prediction_independent/UNI/seed_89/fold_0_attribution_maps.csv,682863,large_analysis_output
artifacts/kather5k_jpi_revision/evaluation/random_cohort/partitions/random_prediction_independent/UNI/seed_89/fold_0_deletion_curves.csv,95848,large_analysis_output
artifacts/kather5k_jpi_revision/evaluation/random_cohort/partitions/random_prediction_independent/UNI/seed_89/fold_0_metrics.csv,13052,large_analysis_output
artifacts/kather5k_jpi_revision/evaluation/random_cohort/partitions/random_prediction_independent/UNI/seed_89/fold_0_occlusion_scores.csv,734649,large_analysis_output
artifacts/kather5k_jpi_revision/evaluation/random_cohort/partitions/random_prediction_independent/UNI/seed_89/fold_1_attribution_maps.csv,585925,large_analysis_output
artifacts/kather5k_jpi_revision/evaluation/random_cohort/partitions/random_prediction_independent/UNI/seed_89/fold_1_deletion_curves.csv,82466,large_analysis_output
artifacts/kather5k_jpi_revision/evaluation/random_cohort/partitions/random_prediction_independent/UNI/seed_89/fold_1_metrics.csv,11570,large_analysis_output
artifacts/kather5k_jpi_revision/evaluation/random_cohort/partitions/random_prediction_independent/UNI/seed_89/fold_1_occlusion_scores.csv,630608,large_analysis_output
artifacts/kather5k_jpi_revision/evaluation/random_cohort/partitions/random_prediction_independent/UNI/seed_89/fold_2_attribution_maps.csv,887505,large_analysis_output
artifacts/kather5k_jpi_revision/evaluation/random_cohort/partitions/random_prediction_independent/UNI/seed_89/fold_2_deletion_curves.csv,124311,large_analysis_output
artifacts/kather5k_jpi_revision/evaluation/random_cohort/partitions/random_prediction_independent/UNI/seed_89/fold_2_metrics.csv,16206,large_analysis_output
artifacts/kather5k_jpi_revision/evaluation/random_cohort/partitions/random_prediction_independent/UNI/seed_89/fold_2_occlusion_scores.csv,954491,large_analysis_output
artifacts/kather5k_jpi_revision/evaluation/random_cohort/partitions/random_prediction_independent/UNI/seed_89/fold_3_attribution_maps.csv,686943,large_analysis_output
artifacts/kather5k_jpi_revision/evaluation/random_cohort/partitions/random_prediction_independent/UNI/seed_89/fold_3_deletion_curves.csv,96213,large_analysis_output
artifacts/kather5k_jpi_revision/evaluation/random_cohort/partitions/random_prediction_independent/UNI/seed_89/fold_3_metrics.csv,13109,large_analysis_output
artifacts/kather5k_jpi_revision/evaluation/random_cohort/partitions/random_prediction_independent/UNI/seed_89/fold_3_occlusion_scores.csv,738514,large_analysis_output
artifacts/kather5k_jpi_revision/evaluation/random_cohort/partitions/random_prediction_independent/UNI/seed_89/fold_4_attribution_maps.csv,1080714,large_analysis_output
artifacts/kather5k_jpi_revision/evaluation/random_cohort/partitions/random_prediction_independent/UNI/seed_89/fold_4_deletion_curves.csv,151336,large_analysis_output
artifacts/kather5k_jpi_revision/evaluation/random_cohort/partitions/random_prediction_independent/UNI/seed_89/fold_4_metrics.csv,19266,large_analysis_output
artifacts/kather5k_jpi_revision/evaluation/random_cohort/partitions/random_prediction_independent/UNI/seed_89/fold_4_occlusion_scores.csv,1162628,large_analysis_output
artifacts/kather5k_jpi_revision/evaluation/random_cohort/partitions/random_prediction_independent/UNI/seed_89/fold_5_attribution_maps.csv,1173436,large_analysis_output
artifacts/kather5k_jpi_revision/evaluation/random_cohort/partitions/random_prediction_independent/UNI/seed_89/fold_5_deletion_curves.csv,164194,large_analysis_output
artifacts/kather5k_jpi_revision/evaluation/random_cohort/partitions/random_prediction_independent/UNI/seed_89/fold_5_metrics.csv,20746,large_analysis_output
artifacts/kather5k_jpi_revision/evaluation/random_cohort/partitions/random_prediction_independent/UNI/seed_89/fold_5_occlusion_scores.csv,1259904,large_analysis_output
artifacts/kather5k_jpi_revision/evaluation/random_cohort/partitions/random_prediction_independent/UNI/seed_89/fold_6_attribution_maps.csv,884570,large_analysis_output
artifacts/kather5k_jpi_revision/evaluation/random_cohort/partitions/random_prediction_independent/UNI/seed_89/fold_6_deletion_curves.csv,123953,large_analysis_output
artifacts/kather5k_jpi_revision/evaluation/random_cohort/partitions/random_prediction_independent/UNI/seed_89/fold_6_metrics.csv,16218,large_analysis_output
artifacts/kather5k_jpi_revision/evaluation/random_cohort/partitions/random_prediction_independent/UNI/seed_89/fold_6_occlusion_scores.csv,952988,large_analysis_output
artifacts/kather5k_jpi_revision/evaluation/random_cohort/partitions/random_prediction_independent/UNI/seed_89/fold_7_attribution_maps.csv,585756,large_analysis_output
artifacts/kather5k_jpi_revision/evaluation/random_cohort/partitions/random_prediction_independent/UNI/seed_89/fold_7_deletion_curves.csv,82257,large_analysis_output
artifacts/kather5k_jpi_revision/evaluation/random_cohort/partitions/random_prediction_independent/UNI/seed_89/fold_7_metrics.csv,11528,large_analysis_output
artifacts/kather5k_jpi_revision/evaluation/random_cohort/partitions/random_prediction_independent/UNI/seed_89/fold_7_occlusion_scores.csv,630257,large_analysis_output
artifacts/kather5k_jpi_revision/evaluation/random_cohort/partitions/random_prediction_independent/UNI/seed_89/fold_8_attribution_maps.csv,879777,large_analysis_output
artifacts/kather5k_jpi_revision/evaluation/random_cohort/partitions/random_prediction_independent/UNI/seed_89/fold_8_deletion_curves.csv,123342,large_analysis_output
artifacts/kather5k_jpi_revision/evaluation/random_cohort/partitions/random_prediction_independent/UNI/seed_89/fold_8_metrics.csv,16116,large_analysis_output
artifacts/kather5k_jpi_revision/evaluation/random_cohort/partitions/random_prediction_independent/UNI/seed_89/fold_8_occlusion_scores.csv,946725,large_analysis_output
artifacts/kather5k_jpi_revision/evaluation/random_cohort/partitions/random_prediction_independent/UNI/seed_89/fold_9_attribution_maps.csv,1863964,large_analysis_output
artifacts/kather5k_jpi_revision/evaluation/random_cohort/partitions/random_prediction_independent/UNI/seed_89/fold_9_deletion_curves.csv,260532,large_analysis_output
artifacts/kather5k_jpi_revision/evaluation/random_cohort/partitions/random_prediction_independent/UNI/seed_89/fold_9_metrics.csv,31443,large_analysis_output
artifacts/kather5k_jpi_revision/evaluation/random_cohort/partitions/random_prediction_independent/UNI/seed_89/fold_9_occlusion_scores.csv,2002101,large_analysis_output
artifacts/kather5k_jpi_revision/evaluation/repeat_calibration/consolidated/attribution_maps.csv,4829404,large_analysis_output
artifacts/kather5k_jpi_revision/evaluation/repeat_calibration/consolidated/deletion_curves.csv,668467,large_analysis_output
artifacts/kather5k_jpi_revision/evaluation/repeat_calibration/consolidated/image_seed_metrics.csv,75166,large_analysis_output
artifacts/kather5k_jpi_revision/evaluation/repeat_calibration/consolidated/occlusion_scores.csv,5233530,large_analysis_output
artifacts/kather5k_jpi_revision/evaluation/repeat_calibration/partitions/repeat_calibration_16/DINOv2/seed_89/fold_0_attribution_maps.csv,392053,large_analysis_output
artifacts/kather5k_jpi_revision/evaluation/repeat_calibration/partitions/repeat_calibration_16/DINOv2/seed_89/fold_0_deletion_curves.csv,55289,large_analysis_output
artifacts/kather5k_jpi_revision/evaluation/repeat_calibration/partitions/repeat_calibration_16/DINOv2/seed_89/fold_0_metrics.csv,8417,large_analysis_output
artifacts/kather5k_jpi_revision/evaluation/repeat_calibration/partitions/repeat_calibration_16/DINOv2/seed_89/fold_0_occlusion_scores.csv,420533,large_analysis_output
artifacts/kather5k_jpi_revision/evaluation/repeat_calibration/partitions/repeat_calibration_16/DINOv2/seed_89/fold_2_attribution_maps.csv,100237,large_analysis_output
artifacts/kather5k_jpi_revision/evaluation/repeat_calibration/partitions/repeat_calibration_16/DINOv2/seed_89/fold_2_deletion_curves.csv,14398,large_analysis_output
artifacts/kather5k_jpi_revision/evaluation/repeat_calibration/partitions/repeat_calibration_16/DINOv2/seed_89/fold_2_metrics.csv,3811,large_analysis_output
artifacts/kather5k_jpi_revision/evaluation/repeat_calibration/partitions/repeat_calibration_16/DINOv2/seed_89/fold_2_occlusion_scores.csv,106909,large_analysis_output
artifacts/kather5k_jpi_revision/evaluation/repeat_calibration/partitions/repeat_calibration_16/DINOv2/seed_89/fold_3_attribution_maps.csv,98369,large_analysis_output
artifacts/kather5k_jpi_revision/evaluation/repeat_calibration/partitions/repeat_calibration_16/DINOv2/seed_89/fold_3_deletion_curves.csv,14234,large_analysis_output
artifacts/kather5k_jpi_revision/evaluation/repeat_calibration/partitions/repeat_calibration_16/DINOv2/seed_89/fold_3_metrics.csv,3862,large_analysis_output
artifacts/kather5k_jpi_revision/evaluation/repeat_calibration/partitions/repeat_calibration_16/DINOv2/seed_89/fold_3_occlusion_scores.csv,105060,large_analysis_output
artifacts/kather5k_jpi_revision/evaluation/repeat_calibration/partitions/repeat_calibration_16/DINOv2/seed_89/fold_4_attribution_maps.csv,300174,large_analysis_output
artifacts/kather5k_jpi_revision/evaluation/repeat_calibration/partitions/repeat_calibration_16/DINOv2/seed_89/fold_4_deletion_curves.csv,42246,large_analysis_output
artifacts/kather5k_jpi_revision/evaluation/repeat_calibration/partitions/repeat_calibration_16/DINOv2/seed_89/fold_4_metrics.csv,6967,large_analysis_output
artifacts/kather5k_jpi_revision/evaluation/repeat_calibration/partitions/repeat_calibration_16/DINOv2/seed_89/fold_4_occlusion_scores.csv,320367,large_analysis_output
artifacts/kather5k_jpi_revision/evaluation/repeat_calibration/partitions/repeat_calibration_16/DINOv2/seed_89/fold_5_attribution_maps.csv,198753,large_analysis_output
artifacts/kather5k_jpi_revision/evaluation/repeat_calibration/partitions/repeat_calibration_16/DINOv2/seed_89/fold_5_deletion_curves.csv,28216,large_analysis_output
artifacts/kather5k_jpi_revision/evaluation/repeat_calibration/partitions/repeat_calibration_16/DINOv2/seed_89/fold_5_metrics.csv,5416,large_analysis_output
artifacts/kather5k_jpi_revision/evaluation/repeat_calibration/partitions/repeat_calibration_16/DINOv2/seed_89/fold_5_occlusion_scores.csv,212931,large_analysis_output
artifacts/kather5k_jpi_revision/evaluation/repeat_calibration/partitions/repeat_calibration_16/DINOv2/seed_89/fold_6_attribution_maps.csv,98286,large_analysis_output
artifacts/kather5k_jpi_revision/evaluation/repeat_calibration/partitions/repeat_calibration_16/DINOv2/seed_89/fold_6_deletion_curves.csv,14313,large_analysis_output
artifacts/kather5k_jpi_revision/evaluation/repeat_calibration/partitions/repeat_calibration_16/DINOv2/seed_89/fold_6_metrics.csv,3868,large_analysis_output
artifacts/kather5k_jpi_revision/evaluation/repeat_calibration/partitions/repeat_calibration_16/DINOv2/seed_89/fold_6_occlusion_scores.csv,105709,large_analysis_output
artifacts/kather5k_jpi_revision/evaluation/repeat_calibration/partitions/repeat_calibration_16/DINOv2/seed_89/fold_8_attribution_maps.csv,198860,large_analysis_output
artifacts/kather5k_jpi_revision/evaluation/repeat_calibration/partitions/repeat_calibration_16/DINOv2/seed_89/fold_8_deletion_curves.csv,28186,large_analysis_output
artifacts/kather5k_jpi_revision/evaluation/repeat_calibration/partitions/repeat_calibration_16/DINOv2/seed_89/fold_8_metrics.csv,5399,large_analysis_output
artifacts/kather5k_jpi_revision/evaluation/repeat_calibration/partitions/repeat_calibration_16/DINOv2/seed_89/fold_8_occlusion_scores.csv,212717,large_analysis_output
artifacts/kather5k_jpi_revision/evaluation/repeat_calibration/partitions/repeat_calibration_16/DINOv2/seed_89/fold_9_attribution_maps.csv,197597,large_analysis_output
artifacts/kather5k_jpi_revision/evaluation/repeat_calibration/partitions/repeat_calibration_16/DINOv2/seed_89/fold_9_deletion_curves.csv,27866,large_analysis_output
artifacts/kather5k_jpi_revision/evaluation/repeat_calibration/partitions/repeat_calibration_16/DINOv2/seed_89/fold_9_metrics.csv,5376,large_analysis_output
artifacts/kather5k_jpi_revision/evaluation/repeat_calibration/partitions/repeat_calibration_16/DINOv2/seed_89/fold_9_occlusion_scores.csv,210407,large_analysis_output
artifacts/kather5k_jpi_revision/evaluation/repeat_calibration/partitions/repeat_calibration_16/ResNet18/seed_89/fold_0_attribution_maps.csv,378010,large_analysis_output
artifacts/kather5k_jpi_revision/evaluation/repeat_calibration/partitions/repeat_calibration_16/ResNet18/seed_89/fold_0_deletion_curves.csv,53761,large_analysis_output
artifacts/kather5k_jpi_revision/evaluation/repeat_calibration/partitions/repeat_calibration_16/ResNet18/seed_89/fold_0_metrics.csv,8377,large_analysis_output
artifacts/kather5k_jpi_revision/evaluation/repeat_calibration/partitions/repeat_calibration_16/ResNet18/seed_89/fold_0_occlusion_scores.csv,422492,large_analysis_output
artifacts/kather5k_jpi_revision/evaluation/repeat_calibration/partitions/repeat_calibration_16/ResNet18/seed_89/fold_2_attribution_maps.csv,96062,large_analysis_output
artifacts/kather5k_jpi_revision/evaluation/repeat_calibration/partitions/repeat_calibration_16/ResNet18/seed_89/fold_2_deletion_curves.csv,13981,large_analysis_output
artifacts/kather5k_jpi_revision/evaluation/repeat_calibration/partitions/repeat_calibration_16/ResNet18/seed_89/fold_2_metrics.csv,3838,large_analysis_output
artifacts/kather5k_jpi_revision/evaluation/repeat_calibration/partitions/repeat_calibration_16/ResNet18/seed_89/fold_2_occlusion_scores.csv,107351,large_analysis_output
artifacts/kather5k_jpi_revision/evaluation/repeat_calibration/partitions/repeat_calibration_16/ResNet18/seed_89/fold_3_attribution_maps.csv,94676,large_analysis_output
artifacts/kather5k_jpi_revision/evaluation/repeat_calibration/partitions/repeat_calibration_16/ResNet18/seed_89/fold_3_deletion_curves.csv,13866,large_analysis_output
artifacts/kather5k_jpi_revision/evaluation/repeat_calibration/partitions/repeat_calibration_16/ResNet18/seed_89/fold_3_metrics.csv,3832,large_analysis_output
artifacts/kather5k_jpi_revision/evaluation/repeat_calibration/partitions/repeat_calibration_16/ResNet18/seed_89/fold_3_occlusion_scores.csv,105838,large_analysis_output
artifacts/kather5k_jpi_revision/evaluation/repeat_calibration/partitions/repeat_calibration_16/ResNet18/seed_89/fold_4_attribution_maps.csv,288997,large_analysis_output
artifacts/kather5k_jpi_revision/evaluation/repeat_calibration/partitions/repeat_calibration_16/ResNet18/seed_89/fold_4_deletion_curves.csv,41072,large_analysis_output
artifacts/kather5k_jpi_revision/evaluation/repeat_calibration/partitions/repeat_calibration_16/ResNet18/seed_89/fold_4_metrics.csv,6911,large_analysis_output
artifacts/kather5k_jpi_revision/evaluation/repeat_calibration/partitions/repeat_calibration_16/ResNet18/seed_89/fold_4_occlusion_scores.csv,322161,large_analysis_output
artifacts/kather5k_jpi_revision/evaluation/repeat_calibration/partitions/repeat_calibration_16/ResNet18/seed_89/fold_5_attribution_maps.csv,192459,large_analysis_output
artifacts/kather5k_jpi_revision/evaluation/repeat_calibration/partitions/repeat_calibration_16/ResNet18/seed_89/fold_5_deletion_curves.csv,27435,large_analysis_output
artifacts/kather5k_jpi_revision/evaluation/repeat_calibration/partitions/repeat_calibration_16/ResNet18/seed_89/fold_5_metrics.csv,5340,large_analysis_output
artifacts/kather5k_jpi_revision/evaluation/repeat_calibration/partitions/repeat_calibration_16/ResNet18/seed_89/fold_5_occlusion_scores.csv,214152,large_analysis_output
artifacts/kather5k_jpi_revision/evaluation/repeat_calibration/partitions/repeat_calibration_16/ResNet18/seed_89/fold_6_attribution_maps.csv,93875,large_analysis_output
artifacts/kather5k_jpi_revision/evaluation/repeat_calibration/partitions/repeat_calibration_16/ResNet18/seed_89/fold_6_deletion_curves.csv,13827,large_analysis_output
artifacts/kather5k_jpi_revision/evaluation/repeat_calibration/partitions/repeat_calibration_16/ResNet18/seed_89/fold_6_metrics.csv,3835,large_analysis_output
artifacts/kather5k_jpi_revision/evaluation/repeat_calibration/partitions/repeat_calibration_16/ResNet18/seed_89/fold_6_occlusion_scores.csv,105239,large_analysis_output
artifacts/kather5k_jpi_revision/evaluation/repeat_calibration/partitions/repeat_calibration_16/ResNet18/seed_89/fold_8_attribution_maps.csv,190284,large_analysis_output
artifacts/kather5k_jpi_revision/evaluation/repeat_calibration/partitions/repeat_calibration_16/ResNet18/seed_89/fold_8_deletion_curves.csv,27267,large_analysis_output
artifacts/kather5k_jpi_revision/evaluation/repeat_calibration/partitions/repeat_calibration_16/ResNet18/seed_89/fold_8_metrics.csv,5326,large_analysis_output
artifacts/kather5k_jpi_revision/evaluation/repeat_calibration/partitions/repeat_calibration_16/ResNet18/seed_89/fold_8_occlusion_scores.csv,212032,large_analysis_output
artifacts/kather5k_jpi_revision/evaluation/repeat_calibration/partitions/repeat_calibration_16/ResNet18/seed_89/fold_9_attribution_maps.csv,191028,large_analysis_output
artifacts/kather5k_jpi_revision/evaluation/repeat_calibration/partitions/repeat_calibration_16/ResNet18/seed_89/fold_9_deletion_curves.csv,27367,large_analysis_output
artifacts/kather5k_jpi_revision/evaluation/repeat_calibration/partitions/repeat_calibration_16/ResNet18/seed_89/fold_9_metrics.csv,5371,large_analysis_output
artifacts/kather5k_jpi_revision/evaluation/repeat_calibration/partitions/repeat_calibration_16/ResNet18/seed_89/fold_9_occlusion_scores.csv,213072,large_analysis_output
artifacts/kather5k_jpi_revision/evaluation/repeat_calibration/partitions/repeat_calibration_16/UNI/seed_89/fold_0_attribution_maps.csv,384392,large_analysis_output
artifacts/kather5k_jpi_revision/evaluation/repeat_calibration/partitions/repeat_calibration_16/UNI/seed_89/fold_0_deletion_curves.csv,54488,large_analysis_output
artifacts/kather5k_jpi_revision/evaluation/repeat_calibration/partitions/repeat_calibration_16/UNI/seed_89/fold_0_metrics.csv,8426,large_analysis_output
artifacts/kather5k_jpi_revision/evaluation/repeat_calibration/partitions/repeat_calibration_16/UNI/seed_89/fold_0_occlusion_scores.csv,414466,large_analysis_output
artifacts/kather5k_jpi_revision/evaluation/repeat_calibration/partitions/repeat_calibration_16/UNI/seed_89/fold_2_attribution_maps.csv,97313,large_analysis_output
artifacts/kather5k_jpi_revision/evaluation/repeat_calibration/partitions/repeat_calibration_16/UNI/seed_89/fold_2_deletion_curves.csv,14134,large_analysis_output
artifacts/kather5k_jpi_revision/evaluation/repeat_calibration/partitions/repeat_calibration_16/UNI/seed_89/fold_2_metrics.csv,3832,large_analysis_output
artifacts/kather5k_jpi_revision/evaluation/repeat_calibration/partitions/repeat_calibration_16/UNI/seed_89/fold_2_occlusion_scores.csv,105016,large_analysis_output
artifacts/kather5k_jpi_revision/evaluation/repeat_calibration/partitions/repeat_calibration_16/UNI/seed_89/fold_3_attribution_maps.csv,95885,large_analysis_output
artifacts/kather5k_jpi_revision/evaluation/repeat_calibration/partitions/repeat_calibration_16/UNI/seed_89/fold_3_deletion_curves.csv,13926,large_analysis_output
artifacts/kather5k_jpi_revision/evaluation/repeat_calibration/partitions/repeat_calibration_16/UNI/seed_89/fold_3_metrics.csv,3830,large_analysis_output
artifacts/kather5k_jpi_revision/evaluation/repeat_calibration/partitions/repeat_calibration_16/UNI/seed_89/fold_3_occlusion_scores.csv,103294,large_analysis_output
artifacts/kather5k_jpi_revision/evaluation/repeat_calibration/partitions/repeat_calibration_16/UNI/seed_89/fold_4_attribution_maps.csv,293944,large_analysis_output
artifacts/kather5k_jpi_revision/evaluation/repeat_calibration/partitions/repeat_calibration_16/UNI/seed_89/fold_4_deletion_curves.csv,41498,large_analysis_output
artifacts/kather5k_jpi_revision/evaluation/repeat_calibration/partitions/repeat_calibration_16/UNI/seed_89/fold_4_metrics.csv,6887,large_analysis_output
artifacts/kather5k_jpi_revision/evaluation/repeat_calibration/partitions/repeat_calibration_16/UNI/seed_89/fold_4_occlusion_scores.csv,316651,large_analysis_output
artifacts/kather5k_jpi_revision/evaluation/repeat_calibration/partitions/repeat_calibration_16/UNI/seed_89/fold_5_attribution_maps.csv,194901,large_analysis_output
artifacts/kather5k_jpi_revision/evaluation/repeat_calibration/partitions/repeat_calibration_16/UNI/seed_89/fold_5_deletion_curves.csv,27719,large_analysis_output
artifacts/kather5k_jpi_revision/evaluation/repeat_calibration/partitions/repeat_calibration_16/UNI/seed_89/fold_5_metrics.csv,5345,large_analysis_output
artifacts/kather5k_jpi_revision/evaluation/repeat_calibration/partitions/repeat_calibration_16/UNI/seed_89/fold_5_occlusion_scores.csv,209838,large_analysis_output
artifacts/kather5k_jpi_revision/evaluation/repeat_calibration/partitions/repeat_calibration_16/UNI/seed_89/fold_6_attribution_maps.csv,95135,large_analysis_output
artifacts/kather5k_jpi_revision/evaluation/repeat_calibration/partitions/repeat_calibration_16/UNI/seed_89/fold_6_deletion_curves.csv,13945,large_analysis_output
artifacts/kather5k_jpi_revision/evaluation/repeat_calibration/partitions/repeat_calibration_16/UNI/seed_89/fold_6_metrics.csv,3834,large_analysis_output
artifacts/kather5k_jpi_revision/evaluation/repeat_calibration/partitions/repeat_calibration_16/UNI/seed_89/fold_6_occlusion_scores.csv,102950,large_analysis_output
artifacts/kather5k_jpi_revision/evaluation/repeat_calibration/partitions/repeat_calibration_16/UNI/seed_89/fold_8_attribution_maps.csv,193599,large_analysis_output
artifacts/kather5k_jpi_revision/evaluation/repeat_calibration/partitions/repeat_calibration_16/UNI/seed_89/fold_8_deletion_curves.csv,27565,large_analysis_output
artifacts/kather5k_jpi_revision/evaluation/repeat_calibration/partitions/repeat_calibration_16/UNI/seed_89/fold_8_metrics.csv,5376,large_analysis_output
artifacts/kather5k_jpi_revision/evaluation/repeat_calibration/partitions/repeat_calibration_16/UNI/seed_89/fold_8_occlusion_scores.csv,208078,large_analysis_output
artifacts/kather5k_jpi_revision/evaluation/repeat_calibration/partitions/repeat_calibration_16/UNI/seed_89/fold_9_attribution_maps.csv,192947,large_analysis_output
artifacts/kather5k_jpi_revision/evaluation/repeat_calibration/partitions/repeat_calibration_16/UNI/seed_89/fold_9_deletion_curves.csv,27492,large_analysis_output
artifacts/kather5k_jpi_revision/evaluation/repeat_calibration/partitions/repeat_calibration_16/UNI/seed_89/fold_9_metrics.csv,5325,large_analysis_output
artifacts/kather5k_jpi_revision/evaluation/repeat_calibration/partitions/repeat_calibration_16/UNI/seed_89/fold_9_occlusion_scores.csv,207045,large_analysis_output
artifacts/kather5k_jpi_revision/evaluation/stage_runtime_hours_all_models.csv,182,large_analysis_output
artifacts/uni_intervention_causal/faithfulness/uni_input_patch_occlusion_scores.csv,31117716,large_analysis_output
artifacts/uni_intervention_causal/faithfulness/uni_intervention_attribution_maps.csv,41870157,large_analysis_output
artifacts/uni_intervention_causal/faithfulness/uni_intervention_deletion_curves.csv,8107612,large_analysis_output
artifacts/uni_intervention_causal/stability/uni_intervention_stability_attribution_maps.csv,699093613,large_analysis_output
